[{"name":"Flans","steps":[{"number":1,"step":"Fill the sink with cold water and add ice cubes. Bring a medium pot of salted water to a boil.Meanwhile, numb the lobsters by placing them in the freezer for 30 minutes.","ingredients":[{"id":10014412,"name":"ice cubes","localizedName":"ice cubes","image":"ice-cubes.png"},{"id":15147,"name":"lobster","localizedName":"lobster","image":"lobster.png"},{"id":14412,"name":"water","localizedName":"water","image":"water.png"}],"equipment":[{"id":404752,"name":"pot","localizedName":"pot","image":"stock-pot.jpg"}],"length":{"number":30,"unit":"minutes"}},{"number":2,"step":"Transfer them to a heavy cutting board, insert the tip of a large, heavy knife at the base of the heads, and cut completely through.","ingredients":[{"id":0,"name":"base","localizedName":"base","image":""}],"equipment":[{"id":404716,"name":"cutting board","localizedName":"cutting board","image":"cutting-board.jpg"},{"id":404745,"name":"knife","localizedName":"knife","image":"chefs-knife.jpg"}]},{"number":3,"step":"Remove the claws, knuckles (the sections beneath the claws), and tails. Set the bodies aside for the broth.","ingredients":[{"id":1006615,"name":"broth","localizedName":"broth","image":"chicken-broth.png"}],"equipment":[]},{"number":4,"step":"Cut the tails in half lengthwise up to the flat feathery appendages at the base of the tails (these remain intact) and reserve.","ingredients":[{"id":0,"name":"base","localizedName":"base","image":""}],"equipment":[]},{"number":5,"step":"Transfer the claws to a large heatproof bowl, pour the boiling water over them to cover, and allow them to cook, about 5 minutes. After 3 minutes, add the knuckles.","ingredients":[{"id":14412,"name":"water","localizedName":"water","image":"water.png"}],"equipment":[{"id":404783,"name":"bowl","localizedName":"bowl","image":"bowl.jpg"}],"length":{"number":8,"unit":"minutes"}},{"number":6,"step":"Remove the lobster parts and plunge into the ice water. When the lobster is cold, remove the mea tand reserve.To make the broth, split the reserved lobster bodies.","ingredients":[{"id":14412,"name":"water","localizedName":"water","image":"water.png"},{"id":15147,"name":"lobster","localizedName":"lobster","image":"lobster.png"},{"id":1006615,"name":"broth","localizedName":"broth","image":"chicken-broth.png"}],"equipment":[]},{"number":7,"step":"Heat a large, heavy pot over high heat.","ingredients":[],"equipment":[{"id":404752,"name":"pot","localizedName":"pot","image":"stock-pot.jpg"}]},{"number":8,"step":"Add the oil and swirl to coat the bottom of the pot. When the oil shimmers, add the lobster bodies and saute, stirring, until the shells turn red, about 10 minutes.","ingredients":[{"id":15147,"name":"lobster","localizedName":"lobster","image":"lobster.png"},{"id":11020420,"name":"pasta shells","localizedName":"pasta shells","image":"shell-pasta.jpg"},{"id":4582,"name":"cooking oil","localizedName":"cooking oil","image":"vegetable-oil.jpg"}],"equipment":[{"id":404752,"name":"pot","localizedName":"pot","image":"stock-pot.jpg"}],"length":{"number":10,"unit":"minutes"}},{"number":9,"step":"Add the tomato paste, fennel, onion, carrot, celery, lemongrass, and ginger and saute, stirring, until the vegetables are soft, about 8 minutes.","ingredients":[{"id":11887,"name":"tomato paste","localizedName":"tomato paste","image":"tomato-paste.jpg"},{"id":11972,"name":"lemon grass","localizedName":"lemon grass","image":"lemongrass.png"},{"id":11583,"name":"vegetable","localizedName":"vegetable","image":"mixed-vegetables.png"},{"id":11124,"name":"carrot","localizedName":"carrot","image":"sliced-carrot.png"},{"id":11143,"name":"celery","localizedName":"celery","image":"celery.jpg"},{"id":11957,"name":"fennel","localizedName":"fennel","image":"fennel.png"},{"id":11216,"name":"ginger","localizedName":"ginger","image":"ginger.png"},{"id":11282,"name":"onion","localizedName":"onion","image":"brown-onion.png"}],"equipment":[],"length":{"number":8,"unit":"minutes"}},{"number":10,"step":"Add the wine, stir, and reduce the liquid by half, 10 to 15 minutes. Do not boil; it will cloud the broth.","ingredients":[{"id":1006615,"name":"broth","localizedName":"broth","image":"chicken-broth.png"},{"id":14084,"name":"wine","localizedName":"wine","image":"red-wine.jpg"}],"equipment":[],"length":{"number":10,"unit":"minutes"}},{"number":11,"step":"Add the bay leaf, peppercorns, and about 8 cups of water to cover the bodies. Reduce the heat and simmer for 2 hours, strain, and keep hot.Preheat the oven to 300 degrees F. To make the flans, heat a medium skilled over high heat.","ingredients":[{"id":1022030,"name":"peppercorns","localizedName":"peppercorns","image":"black-pepper.png"},{"id":2004,"name":"bay leaves","localizedName":"bay leaves","image":"bay-leaves.jpg"},{"id":14412,"name":"water","localizedName":"water","image":"water.png"}],"equipment":[{"id":404784,"name":"oven","localizedName":"oven","image":"oven.jpg","temperature":{"number":300.0,"unit":"Fahrenheit"}}],"length":{"number":120,"unit":"minutes"}},{"number":12,"step":"Add the oil and swirl to coat the pan. When the oil shimmers, add the shallots and saute, stirring, until soft, about 5 minutes.","ingredients":[{"id":11677,"name":"shallot","localizedName":"shallot","image":"shallots.jpg"},{"id":4582,"name":"cooking oil","localizedName":"cooking oil","image":"vegetable-oil.jpg"}],"equipment":[{"id":404645,"name":"frying pan","localizedName":"frying pan","image":"pan.png"}],"length":{"number":5,"unit":"minutes"}},{"number":13,"step":"Add the mushrooms and saute, stirring, until softened, about 8 minutes. Trasnfer the mixture to a large bowl and place in the freezer to chill quickly, about 15 minutes. When cold, add the eggs, cream, scallions, and truffle oil and mix.Fill a kettle with water and bring to a boil. Spray four 4-ounce ramekins lightly with nonstickcooking spray and have ready a baking dish large enough to hold them. Fill the ramekins four-fifths full with the flan mixture and trasnfer them to the pan.","ingredients":[{"id":1024053,"name":"truffle oil","localizedName":"truffle oil","image":"truffle-oil.jpg"},{"id":11260,"name":"mushrooms","localizedName":"mushrooms","image":"mushrooms.png"},{"id":11291,"name":"green onions","localizedName":"green onions","image":"spring-onions.jpg"},{"id":1053,"name":"cream","localizedName":"cream","image":"fluid-cream.jpg"},{"id":14412,"name":"water","localizedName":"water","image":"water.png"},{"id":1123,"name":"egg","localizedName":"egg","image":"egg.png"}],"equipment":[{"id":404646,"name":"baking pan","localizedName":"baking pan","image":"roasting-pan.jpg"},{"id":404781,"name":"ramekin","localizedName":"ramekin","image":"ramekin.jpg"},{"id":404783,"name":"bowl","localizedName":"bowl","image":"bowl.jpg"}],"length":{"number":23,"unit":"minutes"}},{"number":14,"step":"Add sufficient boiling water to the pan to come halfway up the sides of the ramekins and transfer to the oven.","ingredients":[{"id":14412,"name":"water","localizedName":"water","image":"water.png"}],"equipment":[{"id":404781,"name":"ramekin","localizedName":"ramekin","image":"ramekin.jpg"},{"id":404784,"name":"oven","localizedName":"oven","image":"oven.jpg"},{"id":404645,"name":"frying pan","localizedName":"frying pan","image":"pan.png"}]},{"number":15,"step":"Bake just until the flans are set, about 25 minutes.Meanwhile, season the reserved lobster tails with the salt and pepper to taste.","ingredients":[{"id":1102047,"name":"salt and pepper","localizedName":"salt and pepper","image":"salt-and-pepper.jpg"},{"id":10015147,"name":"lobster tails","localizedName":"lobster tails","image":"lobster-tails.jpg"}],"equipment":[{"id":404784,"name":"oven","localizedName":"oven","image":"oven.jpg"}],"length":{"number":25,"unit":"minutes"}},{"number":16,"step":"Heat a large skillet over high heat.","ingredients":[],"equipment":[{"id":404645,"name":"frying pan","localizedName":"frying pan","image":"pan.png"}]},{"number":17,"step":"Add the canola oil and swirl to coat the pan. When the oil shimmers, add the tails, feeler sides down. Cook, turning once, until the shells turn red, about 5 minutes.","ingredients":[{"id":1014582,"name":"canola oil","localizedName":"canola oil","image":"vegetable-oil.jpg"},{"id":11020420,"name":"pasta shells","localizedName":"pasta shells","image":"shell-pasta.jpg"},{"id":4582,"name":"cooking oil","localizedName":"cooking oil","image":"vegetable-oil.jpg"}],"equipment":[{"id":404645,"name":"frying pan","localizedName":"frying pan","image":"pan.png"}],"length":{"number":5,"unit":"minutes"}},{"number":18,"step":"Add the claws, stir, and add 3 cups of the broth.","ingredients":[{"id":1006615,"name":"broth","localizedName":"broth","image":"chicken-broth.png"}],"equipment":[]},{"number":19,"step":"Add the lemon juice and season with the salt and pepper to taste.Divide the fondue among 4 large pasta bowls. Carefully invert a flan onto each portion. Top with the lobster tail and claws and ladle the broth around.","ingredients":[{"id":1102047,"name":"salt and pepper","localizedName":"salt and pepper","image":"salt-and-pepper.jpg"},{"id":10015147,"name":"lobster tails","localizedName":"lobster tails","image":"lobster-tails.jpg"},{"id":9152,"name":"lemon juice","localizedName":"lemon juice","image":"lemon-juice.jpg"},{"id":1006615,"name":"broth","localizedName":"broth","image":"chicken-broth.png"},{"id":20420,"name":"pasta","localizedName":"pasta","image":"fusilli.jpg"}],"equipment":[{"id":404783,"name":"bowl","localizedName":"bowl","image":"bowl.jpg"},{"id":404630,"name":"ladle","localizedName":"ladle","image":"ladle.jpg"}]},{"number":20,"step":"Garnish with the scallions and serve.","ingredients":[{"id":11291,"name":"green onions","localizedName":"green onions","image":"spring-onions.jpg"}],"equipment":[]}]},{"name":"Fondue","steps":[{"number":1,"step":"To make the fondue, heat a large skillet over medium heat.","ingredients":[],"equipment":[{"id":404645,"name":"frying pan","localizedName":"frying pan","image":"pan.png"}]},{"number":2,"step":"Add 1 tablespoon of the butter and swirl to coat the pan.","ingredients":[{"id":1001,"name":"butter","localizedName":"butter","image":"butter-sliced.jpg"}],"equipment":[{"id":404645,"name":"frying pan","localizedName":"frying pan","image":"pan.png"}]},{"number":3,"step":"Add the garlic and ginger and saute, stirring, until soft, about 5 minutes.","ingredients":[{"id":11215,"name":"garlic","localizedName":"garlic","image":"garlic.png"},{"id":11216,"name":"ginger","localizedName":"ginger","image":"ginger.png"}],"equipment":[],"length":{"number":5,"unit":"minutes"}},{"number":4,"step":"Add the bok choy and 1/2 cup of the reserved lobster broth. Season with the salt and pepper to taste and cook until the bok choy is soft, about 5 minutes. Fold in the remaining 1 tablespoon of butter, correct the seasonings, and keep warm.","ingredients":[{"id":1102047,"name":"salt and pepper","localizedName":"salt and pepper","image":"salt-and-pepper.jpg"},{"id":1042027,"name":"seasoning","localizedName":"seasoning","image":"seasoning.png"},{"id":11116,"name":"bok choy","localizedName":"bok choy","image":"bok-choy.jpg"},{"id":15147,"name":"lobster","localizedName":"lobster","image":"lobster.png"},{"id":1001,"name":"butter","localizedName":"butter","image":"butter-sliced.jpg"},{"id":1006615,"name":"broth","localizedName":"broth","image":"chicken-broth.png"}],"equipment":[],"length":{"number":5,"unit":"minutes"}},{"number":5,"step":"Add the knuckles right before serving to warm.","ingredients":[],"equipment":[]}]}]
