[{"name":"","steps":[{"number":1,"step":"Bring a pot of water to a boil. Pulse the sesame seeds in a mini food processor with 2 tablespoons sesame oil, 1 tablespoon sugar and 1/4 teaspoon salt until powdery; set aside.Prepare the stir-fry: Quarter, seed and finely dice the pickles and put in a bowl. In another bowl, mix the garlic, ginger, scallions, 1/2 teaspoon salt and the remaining 1/2 teaspoon sugar.","ingredients":[{"id":12023,"name":"sesame seeds","localizedName":"sesame seeds","image":"sesame-seeds.png"},{"id":4058,"name":"sesame oil","localizedName":"sesame oil","image":"sesame-oil.png"},{"id":11291,"name":"green onions","localizedName":"green onions","image":"spring-onions.jpg"},{"id":11937,"name":"pickles","localizedName":"pickles","image":"dill-pickles.jpg"},{"id":11215,"name":"garlic","localizedName":"garlic","image":"garlic.png"},{"id":11216,"name":"ginger","localizedName":"ginger","image":"ginger.png"},{"id":19335,"name":"sugar","localizedName":"sugar","image":"sugar-in-bowl.png"},{"id":14412,"name":"water","localizedName":"water","image":"water.png"},{"id":2047,"name":"salt","localizedName":"salt","image":"salt.jpg"}],"equipment":[{"id":404771,"name":"food processor","localizedName":"food processor","image":"food-processor.png"},{"id":404783,"name":"bowl","localizedName":"bowl","image":"bowl.jpg"},{"id":404752,"name":"pot","localizedName":"pot","image":"stock-pot.jpg"}]},{"number":2,"step":"Mix 1 tablespoon soy sauce and the broth in a third bowl.","ingredients":[{"id":16124,"name":"soy sauce","localizedName":"soy sauce","image":"soy-sauce.jpg"},{"id":1006615,"name":"broth","localizedName":"broth","image":"chicken-broth.png"}],"equipment":[{"id":404783,"name":"bowl","localizedName":"bowl","image":"bowl.jpg"}]},{"number":3,"step":"Mix the pork with 1 tablespoon soy sauce and 1/2 teaspoon salt in another bowl.","ingredients":[{"id":16124,"name":"soy sauce","localizedName":"soy sauce","image":"soy-sauce.jpg"},{"id":10010219,"name":"pork","localizedName":"pork","image":"pork-tenderloin-raw.png"},{"id":2047,"name":"salt","localizedName":"salt","image":"salt.jpg"}],"equipment":[{"id":404783,"name":"bowl","localizedName":"bowl","image":"bowl.jpg"}]},{"number":4,"step":"Place the four bowls by the stove.","ingredients":[],"equipment":[{"id":404783,"name":"bowl","localizedName":"bowl","image":"bowl.jpg"},{"id":404794,"name":"stove","localizedName":"stove","image":"oven.jpg"}]},{"number":5,"step":"Place a large skillet over high heat.","ingredients":[],"equipment":[{"id":404645,"name":"frying pan","localizedName":"frying pan","image":"pan.png"}]},{"number":6,"step":"Add 2 tablespoons vegetable oil, then the pork, breaking it up with a wooden spoon, until cooked but not dry, 4 minutes.","ingredients":[{"id":4669,"name":"vegetable oil","localizedName":"vegetable oil","image":"vegetable-oil.jpg"},{"id":10010219,"name":"pork","localizedName":"pork","image":"pork-tenderloin-raw.png"}],"equipment":[{"id":404732,"name":"wooden spoon","localizedName":"wooden spoon","image":"wooden-spoon.jpg"}],"length":{"number":4,"unit":"minutes"}},{"number":7,"step":"Transfer the meat to a bowl and toss with the remaining 1 tablespoon soy sauce.","ingredients":[{"id":16124,"name":"soy sauce","localizedName":"soy sauce","image":"soy-sauce.jpg"},{"id":1065062,"name":"meat","localizedName":"meat","image":"whole-chicken.jpg"}],"equipment":[{"id":404783,"name":"bowl","localizedName":"bowl","image":"bowl.jpg"}]},{"number":8,"step":"Add the remaining 1 tablespoon vegetable oil to the skillet; stir-fry the pickles for 1 minute.","ingredients":[{"id":4669,"name":"vegetable oil","localizedName":"vegetable oil","image":"vegetable-oil.jpg"},{"id":11937,"name":"pickles","localizedName":"pickles","image":"dill-pickles.jpg"}],"equipment":[{"id":404645,"name":"frying pan","localizedName":"frying pan","image":"pan.png"}],"length":{"number":1,"unit":"minutes"}},{"number":9,"step":"Add the garlic mixture and fry 30 seconds.","ingredients":[{"id":11215,"name":"garlic","localizedName":"garlic","image":"garlic.png"}],"equipment":[]},{"number":10,"step":"Add the broth and boil until reduced by half, 4 minutes. Divide the broth among bowls and drizzle with the chili oil and vinegar.Meanwhile, add the noodles and bok choy to the boiling water and cook until just tender, 2 minutes.","ingredients":[{"id":1014053,"name":"chili oil","localizedName":"chili oil","image":"chili-oil.jpg"},{"id":11116,"name":"bok choy","localizedName":"bok choy","image":"bok-choy.jpg"},{"id":20420,"name":"pasta","localizedName":"pasta","image":"fusilli.jpg"},{"id":2053,"name":"vinegar","localizedName":"vinegar","image":"vinegar-(white).jpg"},{"id":1006615,"name":"broth","localizedName":"broth","image":"chicken-broth.png"},{"id":14412,"name":"water","localizedName":"water","image":"water.png"}],"equipment":[{"id":404783,"name":"bowl","localizedName":"bowl","image":"bowl.jpg"}],"length":{"number":6,"unit":"minutes"}},{"number":11,"step":"Drain and toss with the remaining 2 tablespoons sesame oil. Season with salt, then divide among the bowls. Top with pork and sprinkle with sesame powder.","ingredients":[{"id":4058,"name":"sesame oil","localizedName":"sesame oil","image":"sesame-oil.png"},{"id":12023,"name":"sesame seeds","localizedName":"sesame seeds","image":"sesame-seeds.png"},{"id":10010219,"name":"pork","localizedName":"pork","image":"pork-tenderloin-raw.png"},{"id":2047,"name":"salt","localizedName":"salt","image":"salt.jpg"}],"equipment":[{"id":404783,"name":"bowl","localizedName":"bowl","image":"bowl.jpg"}]},{"number":12,"step":"Serve with more sesame and chili oil.Photograph by Sang An","ingredients":[{"id":1014053,"name":"chili oil","localizedName":"chili oil","image":"chili-oil.jpg"},{"id":12023,"name":"sesame seeds","localizedName":"sesame seeds","image":"sesame-seeds.png"}],"equipment":[]}]}]
