[{"name":"","steps":[{"number":1,"step":"Heat oil in large saucepan over mediumheat.","ingredients":[{"id":4582,"name":"cooking oil","localizedName":"cooking oil","image":"vegetable-oil.jpg"}],"equipment":[{"id":404669,"name":"sauce pan","localizedName":"sauce pan","image":"sauce-pan.jpg"}]},{"number":2,"step":"Add white and pale green parts ofgreen onions, 1 tablespoon cilantro, andgarlic; sauté until tender, about 2 minutes.","ingredients":[{"id":11165,"name":"cilantro","localizedName":"cilantro","image":"cilantro.png"},{"id":11282,"name":"onion","localizedName":"onion","image":"brown-onion.png"}],"equipment":[],"length":{"number":2,"unit":"minutes"}},{"number":3,"step":"Add curry paste; cook until fragrant, about1 minute.","ingredients":[{"id":93605,"name":"curry paste","localizedName":"curry paste","image":"chili-paste.png"}],"equipment":[],"length":{"number":1,"unit":"minutes"}},{"number":4,"step":"Add 1 1/4 cups water, coconut milk,chiles, lime leaves, and fish sauce. Bring tosimmer.","ingredients":[{"id":12118,"name":"coconut milk","localizedName":"coconut milk","image":"coconut-milk.png"},{"id":93633,"name":"lime leaves","localizedName":"lime leaves","image":"lime-leaves.jpg"},{"id":6179,"name":"fish sauce","localizedName":"fish sauce","image":"asian-fish-sauce.jpg"},{"id":11819,"name":"chili pepper","localizedName":"chili pepper","image":"red-chili.jpg"},{"id":14412,"name":"water","localizedName":"water","image":"water.png"}],"equipment":[]},{"number":5,"step":"Add carrot; cover and cook untilcarrot is just tender, about 5 minutes.","ingredients":[{"id":11124,"name":"carrot","localizedName":"carrot","image":"sliced-carrot.png"}],"equipment":[],"length":{"number":5,"unit":"minutes"}},{"number":6,"step":"Layerbok choy, shrimp, scallops, and musselsin pan. Cover and simmer until musselsopen and seafood and bok choy are cooked(discard mussels that do not open), about5 minutes. Stir in dark green parts of greenonions, 2 tablespoons cilantro, and basil.","ingredients":[{"id":11116,"name":"bok choy","localizedName":"bok choy","image":"bok-choy.jpg"},{"id":11165,"name":"cilantro","localizedName":"cilantro","image":"cilantro.png"},{"id":10015172,"name":"scallops","localizedName":"scallops","image":"scallops.jpg"},{"id":15164,"name":"mussels","localizedName":"mussels","image":"mussels.jpg"},{"id":0,"name":"seafood","localizedName":"seafood","image":"shrimp.png"},{"id":15270,"name":"shrimp","localizedName":"shrimp","image":"shrimp.png"},{"id":2044,"name":"basil","localizedName":"basil","image":"basil.jpg"}],"equipment":[{"id":404645,"name":"frying pan","localizedName":"frying pan","image":"pan.png"}],"length":{"number":5,"unit":"minutes"}},{"number":7,"step":"Divide rice among 4 shallow bowls.Ladle curry over rice and serve.","ingredients":[{"id":2015,"name":"curry powder","localizedName":"curry powder","image":"curry-powder.jpg"},{"id":20444,"name":"rice","localizedName":"rice","image":"uncooked-white-rice.png"}],"equipment":[{"id":404783,"name":"bowl","localizedName":"bowl","image":"bowl.jpg"},{"id":404630,"name":"ladle","localizedName":"ladle","image":"ladle.jpg"}]}]},{"name":"Ingredient tips","steps":[{"number":1,"step":"Unrefined peanut oilcan be found at natural foods stores and","ingredients":[{"id":16091,"name":"peanuts","localizedName":"peanuts","image":"peanuts.png"}],"equipment":[]},{"number":2,"step":"Asian markets. Thai green curry paste,coconut milk, and fish sauce are sold atmany supermarkets and at Asian markets.Look for fresh or frozen kaffir lime leavesat Asian markets. If unavailable, use 1tablespoon fresh lime juice and 1/2 teaspoongrated lime peel for each lime leaf.","ingredients":[{"id":10093605,"name":"green curry paste","localizedName":"green curry paste","image":"green-curry-paste.png"},{"id":12118,"name":"coconut milk","localizedName":"coconut milk","image":"coconut-milk.png"},{"id":6179,"name":"fish sauce","localizedName":"fish sauce","image":"asian-fish-sauce.jpg"},{"id":9160,"name":"lime juice","localizedName":"lime juice","image":"lime-juice.png"},{"id":1009159,"name":"lime peel","localizedName":"lime peel","image":"zest-lime.jpg"},{"id":9159,"name":"lime","localizedName":"lime","image":"lime.jpg"}],"equipment":[]}]}]
