[{"name":"","steps":[{"number":1,"step":"Combine flour, cornstarch, and spices in a medium bowl. In another bowl, mix olive oil with 1 1/2 cups cold water. Slowly whisk into flour mixture until smooth. Cover and chill at least 1 hour.","ingredients":[{"id":20027,"name":"corn starch","localizedName":"corn starch","image":"white-powder.jpg"},{"id":4053,"name":"olive oil","localizedName":"olive oil","image":"olive-oil.jpg"},{"id":2035,"name":"spices","localizedName":"spices","image":"spices.png"},{"id":20081,"name":"all purpose flour","localizedName":"all purpose flour","image":"flour.png"},{"id":14412,"name":"water","localizedName":"water","image":"water.png"}],"equipment":[{"id":404661,"name":"whisk","localizedName":"whisk","image":"whisk.png"},{"id":404783,"name":"bowl","localizedName":"bowl","image":"bowl.jpg"}],"length":{"number":60,"unit":"minutes"}},{"number":2,"step":"Pour 2 in. vegetable oil into a large, wide pot. Insert a deep-fry thermometer and heat over high heat to 375, then reduce heat to medium to maintain temperature.","ingredients":[{"id":4669,"name":"vegetable oil","localizedName":"vegetable oil","image":"vegetable-oil.jpg"}],"equipment":[{"id":404789,"name":"kitchen thermometer","localizedName":"kitchen thermometer","image":"food-thermometer.jpg"},{"id":404752,"name":"pot","localizedName":"pot","image":"stock-pot.jpg"}]},{"number":3,"step":"Meanwhile, whisk whites with a mixer until soft peaks form. Using a rubber spatula, fold whites into batter.","ingredients":[],"equipment":[{"id":404642,"name":"spatula","localizedName":"spatula","image":"spatula-or-turner.jpg"},{"id":404726,"name":"blender","localizedName":"blender","image":"blender.png"},{"id":404661,"name":"whisk","localizedName":"whisk","image":"whisk.png"}]},{"number":4,"step":"Dip 1 stalk broccoli rabe at a time into batter, then carefully lower into hot oil. Cook, turning once, until golden, about 5 minutes.","ingredients":[{"id":11096,"name":"broccoli rabe","localizedName":"broccoli rabe","image":"broccoli-rabe.jpg"},{"id":0,"name":"dip","localizedName":"dip","image":""},{"id":4582,"name":"cooking oil","localizedName":"cooking oil","image":"vegetable-oil.jpg"}],"equipment":[],"length":{"number":5,"unit":"minutes"}},{"number":5,"step":"Transfer to a paper towel-lined baking sheet.","ingredients":[],"equipment":[{"id":404727,"name":"baking sheet","localizedName":"baking sheet","image":"baking-sheet.jpg"},{"id":405895,"name":"paper towels","localizedName":"paper towels","image":"paper-towels.jpg"}]},{"number":6,"step":"Sprinkle with salt while warm. Dip and fry lemon slices the same way.","ingredients":[{"id":9150,"name":"lemon","localizedName":"lemon","image":"lemon.png"},{"id":2047,"name":"salt","localizedName":"salt","image":"salt.jpg"},{"id":0,"name":"dip","localizedName":"dip","image":""}],"equipment":[]},{"number":7,"step":"Serve both warm or at room temperature with lemon wedges.","ingredients":[{"id":1029150,"name":"lemon wedge","localizedName":"lemon wedge","image":"lemon-wedge.png"}],"equipment":[]}]}]
