[{"name":"","steps":[{"number":1,"step":"In a large pot, combine vegetable stock, snow peas, bok choy, green onions, soy sauce, vinegar, sesame oil and black pepper to taste. Bring to a boil over medium-high heat. Reduce heat to low and cook, uncovered, for 5 minutes or until vegetables are tender.","ingredients":[{"id":6615,"name":"vegetable stock","localizedName":"vegetable stock","image":"chicken-broth.png"},{"id":1002030,"name":"black pepper","localizedName":"black pepper","image":"pepper.jpg"},{"id":11291,"name":"green onions","localizedName":"green onions","image":"spring-onions.jpg"},{"id":4058,"name":"sesame oil","localizedName":"sesame oil","image":"sesame-oil.png"},{"id":11583,"name":"vegetable","localizedName":"vegetable","image":"mixed-vegetables.png"},{"id":11300,"name":"snow peas","localizedName":"snow peas","image":"snow-peas.jpg"},{"id":16124,"name":"soy sauce","localizedName":"soy sauce","image":"soy-sauce.jpg"},{"id":11116,"name":"bok choy","localizedName":"bok choy","image":"bok-choy.jpg"},{"id":2053,"name":"vinegar","localizedName":"vinegar","image":"vinegar-(white).jpg"}],"equipment":[{"id":404752,"name":"pot","localizedName":"pot","image":"stock-pot.jpg"}],"length":{"number":5,"unit":"minutes"}},{"number":2,"step":"Add noodles. Increase heat to medium and bring to a boil. Reduce heat to low and simmer, uncovered, for 5 minutes or until noodles are tender. Season with chili oil to taste.","ingredients":[{"id":1014053,"name":"chili oil","localizedName":"chili oil","image":"chili-oil.jpg"},{"id":20420,"name":"pasta","localizedName":"pasta","image":"fusilli.jpg"}],"equipment":[],"length":{"number":5,"unit":"minutes"}},{"number":3,"step":"Variation: For a heartier, more complex soup, add broccoli florets, baby corn, bamboo shoots, water chestnuts or 1-inch (2.5 cm) cubes of tofu.","ingredients":[{"id":10011090,"name":"broccoli florets","localizedName":"broccoli florets","image":"broccoli.jpg"},{"id":11590,"name":"water chestnuts","localizedName":"water chestnuts","image":"water-chestnuts.png"},{"id":11028,"name":"bamboo shoots","localizedName":"bamboo shoots","image":"bamboo-shoots.jpg"},{"id":10011168,"name":"baby corn","localizedName":"baby corn","image":"baby-corn.jpg"},{"id":0,"name":"soup","localizedName":"soup","image":""},{"id":16213,"name":"tofu","localizedName":"tofu","image":"tofu.png"}],"equipment":[]},{"number":4,"step":"Add along with the bok choy.","ingredients":[{"id":11116,"name":"bok choy","localizedName":"bok choy","image":"bok-choy.jpg"}],"equipment":[]},{"number":5,"step":"var article","ingredients":[],"equipment":[]},{"number":6,"step":"Type_27_data = {};","ingredients":[],"equipment":[]},{"number":7,"step":"article","ingredients":[],"equipment":[]},{"number":8,"step":"Type_27_data.init_step_by_step_images = 0;","ingredients":[],"equipment":[]}]}]
