[{"name":"","steps":[{"number":1,"step":"Whisk the cornstarch with 2 tablespoons rice wine in a medium bowl; add the beef, season with salt and pepper and toss to coat. Set aside for 15 minutes.","ingredients":[{"id":1102047,"name":"salt and pepper","localizedName":"salt and pepper","image":"salt-and-pepper.jpg"},{"id":20027,"name":"corn starch","localizedName":"corn starch","image":"white-powder.jpg"},{"id":43479,"name":"rice wine","localizedName":"rice wine","image":"vinegar-(white).jpg"},{"id":23572,"name":"beef","localizedName":"beef","image":"beef-cubes-raw.png"}],"equipment":[{"id":404661,"name":"whisk","localizedName":"whisk","image":"whisk.png"},{"id":404783,"name":"bowl","localizedName":"bowl","image":"bowl.jpg"}],"length":{"number":15,"unit":"minutes"}},{"number":2,"step":"Mix the remaining 1 tablespoon rice wine, the oyster sauce and sesame oil in a large bowl; set the bowl near the stove.","ingredients":[{"id":6176,"name":"oyster sauce","localizedName":"oyster sauce","image":"oyster-sauce.jpg"},{"id":4058,"name":"sesame oil","localizedName":"sesame oil","image":"sesame-oil.png"},{"id":43479,"name":"rice wine","localizedName":"rice wine","image":"vinegar-(white).jpg"}],"equipment":[{"id":404794,"name":"stove","localizedName":"stove","image":"oven.jpg"},{"id":404783,"name":"bowl","localizedName":"bowl","image":"bowl.jpg"}]},{"number":3,"step":"Heat a wok or large nonstick skillet over high heat until very hot, about 1 minute.","ingredients":[],"equipment":[{"id":404645,"name":"frying pan","localizedName":"frying pan","image":"pan.png"},{"id":404666,"name":"wok","localizedName":"wok","image":"wok.png"}],"length":{"number":1,"unit":"minutes"}},{"number":4,"step":"Add 3 tablespoons peanut oil, then the ginger, garlic and chiles; stir-fry until fragrant, about 1 minute.","ingredients":[{"id":4042,"name":"peanut oil","localizedName":"peanut oil","image":"peanut-oil.jpg"},{"id":11819,"name":"chili pepper","localizedName":"chili pepper","image":"red-chili.jpg"},{"id":11215,"name":"garlic","localizedName":"garlic","image":"garlic.png"},{"id":11216,"name":"ginger","localizedName":"ginger","image":"ginger.png"}],"equipment":[],"length":{"number":1,"unit":"minutes"}},{"number":5,"step":"Add the beef and cook, stirring or shaking the skillet occasionally, 1 to 2 minutes.","ingredients":[{"id":23572,"name":"beef","localizedName":"beef","image":"beef-cubes-raw.png"}],"equipment":[{"id":404645,"name":"frying pan","localizedName":"frying pan","image":"pan.png"}],"length":{"number":1,"unit":"minutes"}},{"number":6,"step":"Transfer the beef with a slotted spoon to the sauce mixture and toss.If the pan is dry, add 1 tablespoon peanut oil, then add the onion and stir-fry until just soft, about 2 minutes.","ingredients":[{"id":4042,"name":"peanut oil","localizedName":"peanut oil","image":"peanut-oil.jpg"},{"id":11282,"name":"onion","localizedName":"onion","image":"brown-onion.png"},{"id":0,"name":"sauce","localizedName":"sauce","image":""},{"id":23572,"name":"beef","localizedName":"beef","image":"beef-cubes-raw.png"}],"equipment":[{"id":404636,"name":"slotted spoon","localizedName":"slotted spoon","image":"slotted-spoon.jpg"},{"id":404645,"name":"frying pan","localizedName":"frying pan","image":"pan.png"}],"length":{"number":2,"unit":"minutes"}},{"number":7,"step":"Add the bok choy and sugar; stir-fry until just wilted, 1 to 2 minutes. Return the beef and any juices to the pan and stir to combine.","ingredients":[{"id":11116,"name":"bok choy","localizedName":"bok choy","image":"bok-choy.jpg"},{"id":19335,"name":"sugar","localizedName":"sugar","image":"sugar-in-bowl.png"},{"id":23572,"name":"beef","localizedName":"beef","image":"beef-cubes-raw.png"}],"equipment":[{"id":404645,"name":"frying pan","localizedName":"frying pan","image":"pan.png"}],"length":{"number":1,"unit":"minutes"}},{"number":8,"step":"Serve over the rice.Photograph by Antonis Achilleos","ingredients":[{"id":20444,"name":"rice","localizedName":"rice","image":"uncooked-white-rice.png"}],"equipment":[]}]}]
