[{"name":"","steps":[{"number":1,"step":"Heat oil in a Dutch oven over medium-high heat; add chickpeas and saut 2 minutes or until they're just beginning to brown.","ingredients":[{"id":16057,"name":"chickpeas","localizedName":"chickpeas","image":"chickpeas.png"},{"id":4582,"name":"cooking oil","localizedName":"cooking oil","image":"vegetable-oil.jpg"}],"equipment":[{"id":404667,"name":"dutch oven","localizedName":"dutch oven","image":"dutch-oven.jpg"}],"length":{"number":2,"unit":"minutes"}},{"number":2,"step":"Add garlic and crushed red pepper and saut 30 seconds.","ingredients":[{"id":1032009,"name":"red pepper flakes","localizedName":"red pepper flakes","image":"red-pepper-flakes.jpg"},{"id":11215,"name":"garlic","localizedName":"garlic","image":"garlic.png"}],"equipment":[]},{"number":3,"step":"Add broccoli rabe and chicken broth to pan; bring to a simmer and cook 3 minutes or until broccoli rabe is crisp-tender.","ingredients":[{"id":11096,"name":"broccoli rabe","localizedName":"broccoli rabe","image":"broccoli-rabe.jpg"},{"id":6194,"name":"chicken broth","localizedName":"chicken broth","image":"chicken-broth.png"}],"equipment":[{"id":404645,"name":"frying pan","localizedName":"frying pan","image":"pan.png"}],"length":{"number":3,"unit":"minutes"}},{"number":4,"step":"Stir in hot pasta and salt; cook 2 minutes or until heated throughout.","ingredients":[{"id":20420,"name":"pasta","localizedName":"pasta","image":"fusilli.jpg"},{"id":2047,"name":"salt","localizedName":"salt","image":"salt.jpg"}],"equipment":[],"length":{"number":2,"unit":"minutes"}},{"number":5,"step":"Divide among 4 shallow bowls, and top each with Parmesan cheese.","ingredients":[{"id":1033,"name":"parmesan","localizedName":"parmesan","image":"parmesan.jpg"}],"equipment":[{"id":404783,"name":"bowl","localizedName":"bowl","image":"bowl.jpg"}]}]}]
