[{"name":"","steps":[{"number":1,"step":"In a bowl, mix the fish sauce, miso, oyster sauce, sugar and soy.","ingredients":[{"id":6176,"name":"oyster sauce","localizedName":"oyster sauce","image":"oyster-sauce.jpg"},{"id":6179,"name":"fish sauce","localizedName":"fish sauce","image":"asian-fish-sauce.jpg"},{"id":19335,"name":"sugar","localizedName":"sugar","image":"sugar-in-bowl.png"},{"id":16112,"name":"miso","localizedName":"miso","image":"miso.jpg"}],"equipment":[{"id":404783,"name":"bowl","localizedName":"bowl","image":"bowl.jpg"}]},{"number":2,"step":"In a large pot of boiling lightly salted water, cook the bok choy until crisp-tender, 2 minutes; transfer to a plate.","ingredients":[{"id":11116,"name":"bok choy","localizedName":"bok choy","image":"bok-choy.jpg"},{"id":14412,"name":"water","localizedName":"water","image":"water.png"}],"equipment":[{"id":404752,"name":"pot","localizedName":"pot","image":"stock-pot.jpg"}],"length":{"number":2,"unit":"minutes"}},{"number":3,"step":"Add the noodles to the boiling water and cook until firm but pliable, 5 minutes.","ingredients":[{"id":20420,"name":"pasta","localizedName":"pasta","image":"fusilli.jpg"},{"id":14412,"name":"water","localizedName":"water","image":"water.png"}],"equipment":[],"length":{"number":5,"unit":"minutes"}},{"number":4,"step":"Drain and rinse under cold water; shake out any excess water.","ingredients":[{"id":0,"name":"shake","localizedName":"shake","image":""},{"id":14412,"name":"water","localizedName":"water","image":"water.png"}],"equipment":[]},{"number":5,"step":"Transfer the noodles to a bowl; toss with 1 tablespoon of the oil.","ingredients":[{"id":20420,"name":"pasta","localizedName":"pasta","image":"fusilli.jpg"},{"id":4582,"name":"cooking oil","localizedName":"cooking oil","image":"vegetable-oil.jpg"}],"equipment":[{"id":404783,"name":"bowl","localizedName":"bowl","image":"bowl.jpg"}]},{"number":6,"step":"Heat 1 tablespoon of the oil in a large nonstick skillet.","ingredients":[{"id":4582,"name":"cooking oil","localizedName":"cooking oil","image":"vegetable-oil.jpg"}],"equipment":[{"id":404645,"name":"frying pan","localizedName":"frying pan","image":"pan.png"}]},{"number":7,"step":"Add the shrimp, season with salt and cook over high heat until pink throughout, 2 minutes.","ingredients":[{"id":15270,"name":"shrimp","localizedName":"shrimp","image":"shrimp.png"},{"id":2047,"name":"salt","localizedName":"salt","image":"salt.jpg"}],"equipment":[],"length":{"number":2,"unit":"minutes"}},{"number":8,"step":"Add the shrimp to the bok choy.","ingredients":[{"id":11116,"name":"bok choy","localizedName":"bok choy","image":"bok-choy.jpg"},{"id":15270,"name":"shrimp","localizedName":"shrimp","image":"shrimp.png"}],"equipment":[]},{"number":9,"step":"Add the remaining 1/4 cup plus 1 tablespoon of oil to the skillet and heat until shimmering.","ingredients":[{"id":4582,"name":"cooking oil","localizedName":"cooking oil","image":"vegetable-oil.jpg"}],"equipment":[{"id":404645,"name":"frying pan","localizedName":"frying pan","image":"pan.png"}]},{"number":10,"step":"Add the garlic and cook, stirring, for 30 seconds.","ingredients":[{"id":11215,"name":"garlic","localizedName":"garlic","image":"garlic.png"}],"equipment":[]},{"number":11,"step":"Add the eggs and cook over high heat for about 30 seconds, just until lightly scrambled.","ingredients":[{"id":1123,"name":"egg","localizedName":"egg","image":"egg.png"}],"equipment":[]},{"number":12,"step":"Add the noodles and toss lightly.","ingredients":[{"id":20420,"name":"pasta","localizedName":"pasta","image":"fusilli.jpg"}],"equipment":[]},{"number":13,"step":"Add the fish sauce mixture and toss. Cook, without stirring, just until the liquid is nearly evaporated, about 5 minutes. Stir the noodles once, then cook until browned on the bottom, 2 to 3 minutes longer.","ingredients":[{"id":6179,"name":"fish sauce","localizedName":"fish sauce","image":"asian-fish-sauce.jpg"},{"id":20420,"name":"pasta","localizedName":"pasta","image":"fusilli.jpg"}],"equipment":[],"length":{"number":7,"unit":"minutes"}},{"number":14,"step":"Add the shrimp and bok choy; cook just until heated through.","ingredients":[{"id":11116,"name":"bok choy","localizedName":"bok choy","image":"bok-choy.jpg"},{"id":15270,"name":"shrimp","localizedName":"shrimp","image":"shrimp.png"}],"equipment":[]},{"number":15,"step":"Transfer the noodles to a large platter, sprinkle with the chiles and peanuts and serve with lime wedges.","ingredients":[{"id":1029159,"name":"lime wedge","localizedName":"lime wedge","image":"lime-wedge.jpg"},{"id":20420,"name":"pasta","localizedName":"pasta","image":"fusilli.jpg"},{"id":16091,"name":"peanuts","localizedName":"peanuts","image":"peanuts.png"},{"id":11819,"name":"chili pepper","localizedName":"chili pepper","image":"red-chili.jpg"}],"equipment":[]}]}]
