[{"name":"","steps":[{"number":1,"step":"In a large saucepan over high heat, bring broth, ginger, garlic, and 2 to 4 chile rings to a boil. Cover and simmer until broth is infused with flavor, 8 to 10 minutes.","ingredients":[{"id":11215,"name":"garlic","localizedName":"garlic","image":"garlic.png"},{"id":11216,"name":"ginger","localizedName":"ginger","image":"ginger.png"},{"id":1006615,"name":"broth","localizedName":"broth","image":"chicken-broth.png"},{"id":11819,"name":"chili pepper","localizedName":"chili pepper","image":"red-chili.jpg"}],"equipment":[{"id":404669,"name":"sauce pan","localizedName":"sauce pan","image":"sauce-pan.jpg"}],"length":{"number":8,"unit":"minutes"}},{"number":2,"step":"Remove ginger, garlic, and chile with a slotted spoon if you like.","ingredients":[{"id":11215,"name":"garlic","localizedName":"garlic","image":"garlic.png"},{"id":11216,"name":"ginger","localizedName":"ginger","image":"ginger.png"},{"id":11819,"name":"chili pepper","localizedName":"chili pepper","image":"red-chili.jpg"}],"equipment":[{"id":404636,"name":"slotted spoon","localizedName":"slotted spoon","image":"slotted-spoon.jpg"}]},{"number":3,"step":"Add ham and greens; add more broth, if needed, to cover greens. Bring to a boil, covered, and cook until greens are barely tender, 2 to 3 minutes.","ingredients":[{"id":21052,"name":"greens","localizedName":"greens","image":"mixed-greens-or-mesclun.jpg"},{"id":1006615,"name":"broth","localizedName":"broth","image":"chicken-broth.png"},{"id":10151,"name":"ham","localizedName":"ham","image":"ham-whole.jpg"}],"equipment":[],"length":{"number":2,"unit":"minutes"}},{"number":4,"step":"Divide the soup between 4 serving bowls and top each with a few more red chile rings if you like.","ingredients":[{"id":10511819,"name":"red chili pepper","localizedName":"red chili pepper","image":"red-chili.jpg"},{"id":0,"name":"soup","localizedName":"soup","image":""}],"equipment":[{"id":404783,"name":"bowl","localizedName":"bowl","image":"bowl.jpg"}]},{"number":5,"step":"*Find Chinese mustard greens in specialty produce markets or farmers' markets.","ingredients":[{"id":11270,"name":"mustard greens","localizedName":"mustard greens","image":"chinese-mustard-green.jpg"}],"equipment":[]}]}]
