[{"name":"","steps":[{"number":1,"step":"Preheat oven to 350 degrees F (175 degrees C). In a large bowl, mix the noodles, sunflower seeds, and pine nuts with melted butter until evenly coated.","ingredients":[{"id":12036,"name":"sunflower seeds","localizedName":"sunflower seeds","image":"sunflower-seeds.jpg"},{"id":12147,"name":"pine nuts","localizedName":"pine nuts","image":"pine-nuts.png"},{"id":20420,"name":"pasta","localizedName":"pasta","image":"fusilli.jpg"},{"id":1001,"name":"butter","localizedName":"butter","image":"butter-sliced.jpg"}],"equipment":[{"id":404783,"name":"bowl","localizedName":"bowl","image":"bowl.jpg"},{"id":404784,"name":"oven","localizedName":"oven","image":"oven.jpg","temperature":{"number":350.0,"unit":"Fahrenheit"}}]},{"number":2,"step":"Spread the mixture in a thin layer on a baking sheet.","ingredients":[{"id":0,"name":"spread","localizedName":"spread","image":""}],"equipment":[{"id":404727,"name":"baking sheet","localizedName":"baking sheet","image":"baking-sheet.jpg"}]},{"number":3,"step":"Bake 7 to 10 minutes in the preheated oven, stirring occasionally, until evenly toasted.","ingredients":[],"equipment":[{"id":404784,"name":"oven","localizedName":"oven","image":"oven.jpg"}],"length":{"number":7,"unit":"minutes"}},{"number":4,"step":"Remove from heat, and cool slightly.","ingredients":[],"equipment":[]},{"number":5,"step":"In a large bowl toss together the noodle mixture, bok choy, green onions, chicken, water chestnuts, and snow peas.","ingredients":[{"id":11590,"name":"water chestnuts","localizedName":"water chestnuts","image":"water-chestnuts.png"},{"id":11291,"name":"green onions","localizedName":"green onions","image":"spring-onions.jpg"},{"id":11300,"name":"snow peas","localizedName":"snow peas","image":"snow-peas.jpg"},{"id":11116,"name":"bok choy","localizedName":"bok choy","image":"bok-choy.jpg"},{"id":5006,"name":"whole chicken","localizedName":"whole chicken","image":"whole-chicken.jpg"},{"id":20420,"name":"pasta","localizedName":"pasta","image":"fusilli.jpg"}],"equipment":[{"id":404783,"name":"bowl","localizedName":"bowl","image":"bowl.jpg"}]},{"number":6,"step":"Prepare the dressing by blending the oil, vinegar, soy sauce, sugar, and lemon juice.","ingredients":[{"id":9152,"name":"lemon juice","localizedName":"lemon juice","image":"lemon-juice.jpg"},{"id":16124,"name":"soy sauce","localizedName":"soy sauce","image":"soy-sauce.jpg"},{"id":2053,"name":"vinegar","localizedName":"vinegar","image":"vinegar-(white).jpg"},{"id":19335,"name":"sugar","localizedName":"sugar","image":"sugar-in-bowl.png"},{"id":4582,"name":"cooking oil","localizedName":"cooking oil","image":"vegetable-oil.jpg"}],"equipment":[]},{"number":7,"step":"Pour over salad, and toss to evenly coat.","ingredients":[],"equipment":[]},{"number":8,"step":"Serve immediately, or refrigerate until chilled.","ingredients":[],"equipment":[]}]}]
