[{"name":"","steps":[{"number":1,"step":"In a bowl combine the lemon zest, dill, parsley, chervil, and black pepper. Season the fish with 1 1/4 teaspoons of the salt, then lightly brush each piece with 1 teaspoon of the Dijon mustard on 1 side. Firmly press the mustard coated side of each of the drum fillets into the lemon-herb mixture. In a skillet, preferably nonstick, heat the vegetable oil.","ingredients":[{"id":1032046,"name":"dijon mustard","localizedName":"dijon mustard","image":"dijon-mustard.jpg"},{"id":4669,"name":"vegetable oil","localizedName":"vegetable oil","image":"vegetable-oil.jpg"},{"id":1002030,"name":"black pepper","localizedName":"black pepper","image":"pepper.jpg"},{"id":9156,"name":"lemon zest","localizedName":"lemon zest","image":"zest-lemon.jpg"},{"id":2008,"name":"chervil","localizedName":"chervil","image":"chervil.jpg"},{"id":2046,"name":"mustard","localizedName":"mustard","image":"regular-mustard.jpg"},{"id":11297,"name":"parsley","localizedName":"parsley","image":"parsley.jpg"},{"id":9150,"name":"lemon","localizedName":"lemon","image":"lemon.png"},{"id":2045,"name":"dill","localizedName":"dill","image":"dill.jpg"},{"id":10115261,"name":"fish","localizedName":"fish","image":"fish-fillet.jpg"},{"id":2047,"name":"salt","localizedName":"salt","image":"salt.jpg"}],"equipment":[{"id":404645,"name":"frying pan","localizedName":"frying pan","image":"pan.png"},{"id":404783,"name":"bowl","localizedName":"bowl","image":"bowl.jpg"}]},{"number":2,"step":"Place fillets, coated side down, into the hot oil. Cook for 3 to 3 1/2 minutes, or until the crust turns golden brown. Flip and continue to cook for 3 minutes longer or until the fish flakes easily. Meanwhile, in a separate pan, place the bok choy cut side down.","ingredients":[{"id":11116,"name":"bok choy","localizedName":"bok choy","image":"bok-choy.jpg"},{"id":0,"name":"crust","localizedName":"crust","image":""},{"id":10115261,"name":"fish","localizedName":"fish","image":"fish-fillet.jpg"},{"id":4582,"name":"cooking oil","localizedName":"cooking oil","image":"vegetable-oil.jpg"}],"equipment":[{"id":404645,"name":"frying pan","localizedName":"frying pan","image":"pan.png"}],"length":{"number":5,"unit":"minutes"}},{"number":3,"step":"Add a little water to the pan to steam the bok choy until just tender, about 7 minutes.","ingredients":[{"id":11116,"name":"bok choy","localizedName":"bok choy","image":"bok-choy.jpg"},{"id":14412,"name":"water","localizedName":"water","image":"water.png"}],"equipment":[{"id":404645,"name":"frying pan","localizedName":"frying pan","image":"pan.png"}],"length":{"number":7,"unit":"minutes"}},{"number":4,"step":"Remove the bok choy from the pan into a bowl and toss with the olive oil and season with salt and pepper. When ready to serve, divide the bok choy among 4 dinner plates and place 1 fish fillet over the top of each serving of bok choy.","ingredients":[{"id":1102047,"name":"salt and pepper","localizedName":"salt and pepper","image":"salt-and-pepper.jpg"},{"id":10115261,"name":"fish fillets","localizedName":"fish fillets","image":"fish-fillet.jpg"},{"id":4053,"name":"olive oil","localizedName":"olive oil","image":"olive-oil.jpg"},{"id":11116,"name":"bok choy","localizedName":"bok choy","image":"bok-choy.jpg"}],"equipment":[{"id":404783,"name":"bowl","localizedName":"bowl","image":"bowl.jpg"},{"id":404645,"name":"frying pan","localizedName":"frying pan","image":"pan.png"}]},{"number":5,"step":"Drizzle with lemon juice and extra-virgin olive oil to taste.","ingredients":[{"id":1034053,"name":"extra virgin olive oil","localizedName":"extra virgin olive oil","image":"olive-oil.jpg"},{"id":9152,"name":"lemon juice","localizedName":"lemon juice","image":"lemon-juice.jpg"}],"equipment":[]}]}]
