[{"name":"","steps":[{"number":1,"step":"Heat oven to 425 F. In a small saucepan, over medium heat, warm the vinegar.","ingredients":[{"id":2053,"name":"vinegar","localizedName":"vinegar","image":"vinegar-(white).jpg"}],"equipment":[{"id":404669,"name":"sauce pan","localizedName":"sauce pan","image":"sauce-pan.jpg"},{"id":404784,"name":"oven","localizedName":"oven","image":"oven.jpg","temperature":{"number":425.0,"unit":"Fahrenheit"}}]},{"number":2,"step":"Add the raisins. Turn off heat; let plump. In a large skillet, fry the bacon until crisp, about 7 minutes. Reserve the drippings.","ingredients":[{"id":9299,"name":"raisins","localizedName":"raisins","image":"raisins.jpg"},{"id":10123,"name":"bacon","localizedName":"bacon","image":"raw-bacon.png"}],"equipment":[{"id":404645,"name":"frying pan","localizedName":"frying pan","image":"pan.png"}],"length":{"number":7,"unit":"minutes"}},{"number":3,"step":"Cut any large sprouts in half.","ingredients":[{"id":11001,"name":"sprouts","localizedName":"sprouts","image":"alfalfa-sprouts.png"}],"equipment":[]},{"number":4,"step":"Place the sprouts on a baking sheet or in an ovenproof pan. Toss with the oil, 2 tablespoons of the bacon drippings, the salt, and pepper. Roast, stirring once, for about 30 minutes. Meanwhile, cook the onion in the remaining drippings over medium heat for 5 to 7 minutes.","ingredients":[{"id":4609,"name":"bacon drippings","localizedName":"bacon drippings","image":"raw-bacon.png"},{"id":11001,"name":"sprouts","localizedName":"sprouts","image":"alfalfa-sprouts.png"},{"id":1002030,"name":"pepper","localizedName":"pepper","image":"pepper.jpg"},{"id":11282,"name":"onion","localizedName":"onion","image":"brown-onion.png"},{"id":2047,"name":"salt","localizedName":"salt","image":"salt.jpg"},{"id":4582,"name":"cooking oil","localizedName":"cooking oil","image":"vegetable-oil.jpg"}],"equipment":[{"id":404727,"name":"baking sheet","localizedName":"baking sheet","image":"baking-sheet.jpg"},{"id":404645,"name":"frying pan","localizedName":"frying pan","image":"pan.png"}],"length":{"number":35,"unit":"minutes"}},{"number":5,"step":"Sprinkle the sprouts with the onions, crumbled bacon, and plumped raisins.Make Ahead: Trim the Brussels sprouts a couple of days in advance, and refrigerate them in an unsealed plastic bag. Cook the bacon and onion up to several hours before serving.","ingredients":[{"id":11098,"name":"brussels sprouts","localizedName":"brussels sprouts","image":"brussels-sprouts.jpg"},{"id":99229,"name":"real bacon pieces","localizedName":"real bacon pieces","image":"bacon-bits.jpg"},{"id":9299,"name":"raisins","localizedName":"raisins","image":"raisins.jpg"},{"id":11001,"name":"sprouts","localizedName":"sprouts","image":"alfalfa-sprouts.png"},{"id":11282,"name":"onion","localizedName":"onion","image":"brown-onion.png"},{"id":10123,"name":"bacon","localizedName":"bacon","image":"raw-bacon.png"}],"equipment":[{"id":221671,"name":"ziploc bags","localizedName":"ziploc bags","image":"plastic-bag.jpg"}]}]}]
