[{"name":"","steps":[{"number":1,"step":"Freeze beef 10 minutes; cut across grain into 1/8-inch-thick slices.","ingredients":[{"id":0,"name":"grains","localizedName":"grains","image":""},{"id":23572,"name":"beef","localizedName":"beef","image":"beef-cubes-raw.png"}],"equipment":[],"length":{"number":10,"unit":"minutes"}},{"number":2,"step":"Cook noodles according to package directions.","ingredients":[{"id":20420,"name":"pasta","localizedName":"pasta","image":"fusilli.jpg"}],"equipment":[]},{"number":3,"step":"Drain and rinse with cold water; drain.","ingredients":[{"id":14412,"name":"water","localizedName":"water","image":"water.png"}],"equipment":[]},{"number":4,"step":"Place onion and next 5 ingredients in a large saucepan; cook over medium-high heat 5 minutes, stirring frequently.","ingredients":[{"id":11282,"name":"onion","localizedName":"onion","image":"brown-onion.png"}],"equipment":[{"id":404669,"name":"sauce pan","localizedName":"sauce pan","image":"sauce-pan.jpg"}],"length":{"number":5,"unit":"minutes"}},{"number":5,"step":"Add broth and 3 cups water; bring to a boil. Strain broth mixture through a fine sieve over a bowl; discard solids. Return broth to pan.","ingredients":[{"id":1006615,"name":"broth","localizedName":"broth","image":"chicken-broth.png"},{"id":14412,"name":"water","localizedName":"water","image":"water.png"}],"equipment":[{"id":405600,"name":"sieve","localizedName":"sieve","image":"strainer.png"},{"id":404783,"name":"bowl","localizedName":"bowl","image":"bowl.jpg"},{"id":404645,"name":"frying pan","localizedName":"frying pan","image":"pan.png"}]},{"number":6,"step":"Add soy sauce, sugar, and fish sauce; bring to a boil.","ingredients":[{"id":6179,"name":"fish sauce","localizedName":"fish sauce","image":"asian-fish-sauce.jpg"},{"id":16124,"name":"soy sauce","localizedName":"soy sauce","image":"soy-sauce.jpg"},{"id":19335,"name":"sugar","localizedName":"sugar","image":"sugar-in-bowl.png"}],"equipment":[]},{"number":7,"step":"Add bok choy and snow peas; simmer 4 minutes or until peas are crisp-tender and bok choy wilts.","ingredients":[{"id":11300,"name":"snow peas","localizedName":"snow peas","image":"snow-peas.jpg"},{"id":11116,"name":"bok choy","localizedName":"bok choy","image":"bok-choy.jpg"},{"id":11304,"name":"peas","localizedName":"peas","image":"peas.jpg"}],"equipment":[],"length":{"number":4,"unit":"minutes"}},{"number":8,"step":"Arrange 1/2 cup noodles in each of 4 large bowls. Divide raw beef and chile slices evenly among bowls. Ladle about 1 2/3 cups hot soup over each serving (broth will cook beef). Top each serving with 1/4 cup bean sprouts, 1 tablespoon basil, and 1 tablespoon mint.","ingredients":[{"id":11043,"name":"bean sprouts","localizedName":"bean sprouts","image":"bean-sprouts.jpg"},{"id":20420,"name":"pasta","localizedName":"pasta","image":"fusilli.jpg"},{"id":2044,"name":"basil","localizedName":"basil","image":"basil.jpg"},{"id":1006615,"name":"broth","localizedName":"broth","image":"chicken-broth.png"},{"id":11819,"name":"chili pepper","localizedName":"chili pepper","image":"red-chili.jpg"},{"id":23572,"name":"beef","localizedName":"beef","image":"beef-cubes-raw.png"},{"id":2064,"name":"mint","localizedName":"mint","image":"mint.jpg"},{"id":0,"name":"soup","localizedName":"soup","image":""}],"equipment":[{"id":404783,"name":"bowl","localizedName":"bowl","image":"bowl.jpg"},{"id":404630,"name":"ladle","localizedName":"ladle","image":"ladle.jpg"}]},{"number":9,"step":"Serve with lime wedges.","ingredients":[{"id":1029159,"name":"lime wedge","localizedName":"lime wedge","image":"lime-wedge.jpg"}],"equipment":[]}]}]
