[{"name":"","steps":[{"number":1,"step":"Mix cornstarch and soy sauce until blended.  Stir in broth and 2 Tbsp. dressing.","ingredients":[{"id":20027,"name":"corn starch","localizedName":"corn starch","image":"white-powder.jpg"},{"id":16124,"name":"soy sauce","localizedName":"soy sauce","image":"soy-sauce.jpg"},{"id":1006615,"name":"broth","localizedName":"broth","image":"chicken-broth.png"}],"equipment":[]},{"number":2,"step":"Heat remaining dressing in large skillet on medium-high heat.","ingredients":[],"equipment":[{"id":404645,"name":"frying pan","localizedName":"frying pan","image":"pan.png"}]},{"number":3,"step":"Add shrimp, ginger and garlic; stir-fry 3 min. or until shrimp turn pink.","ingredients":[{"id":11215,"name":"garlic","localizedName":"garlic","image":"garlic.png"},{"id":11216,"name":"ginger","localizedName":"ginger","image":"ginger.png"},{"id":15270,"name":"shrimp","localizedName":"shrimp","image":"shrimp.png"}],"equipment":[],"length":{"number":3,"unit":"minutes"}},{"number":4,"step":"Add bok choy; stir-fry 2 min.","ingredients":[{"id":11116,"name":"bok choy","localizedName":"bok choy","image":"bok-choy.jpg"}],"equipment":[],"length":{"number":2,"unit":"minutes"}},{"number":5,"step":"Add peas and onions; stir-fry 2 to 3 min. or until crisp-tender.   Stir in soy sauce mixture; bring to boil, stirring constantly.  Simmer on medium heat 1 to 2 min. or until thickened, stirring frequently.","ingredients":[{"id":16124,"name":"soy sauce","localizedName":"soy sauce","image":"soy-sauce.jpg"},{"id":11282,"name":"onion","localizedName":"onion","image":"brown-onion.png"},{"id":11304,"name":"peas","localizedName":"peas","image":"peas.jpg"}],"equipment":[],"length":{"number":3,"unit":"minutes"}},{"number":6,"step":"Add tomatoes; cook and stir 1 min. or until heated through.","ingredients":[{"id":11529,"name":"tomato","localizedName":"tomato","image":"tomato.png"}],"equipment":[],"length":{"number":1,"unit":"minutes"}},{"number":7,"step":"Serve over rice.","ingredients":[{"id":20444,"name":"rice","localizedName":"rice","image":"uncooked-white-rice.png"}],"equipment":[]}]}]
