[{"name":"","steps":[{"number":1,"step":"Cut the puckered ends off the polenta, then slice  inch thick.","ingredients":[{"id":10035137,"name":"polenta","localizedName":"polenta","image":"cornmeal.png"}],"equipment":[]},{"number":2,"step":"Cut each slice into 4 little wedges.","ingredients":[],"equipment":[]},{"number":3,"step":"Heat a wide nonstick skillet.","ingredients":[],"equipment":[{"id":404645,"name":"frying pan","localizedName":"frying pan","image":"pan.png"}]},{"number":4,"step":"Add a drop of the oil and spread it around with a paper towel to create a very light coat, or use cooking oil spray.","ingredients":[{"id":4582,"name":"cooking oil","localizedName":"cooking oil","image":"vegetable-oil.jpg"},{"id":0,"name":"spread","localizedName":"spread","image":""}],"equipment":[{"id":405895,"name":"paper towels","localizedName":"paper towels","image":"paper-towels.jpg"}]},{"number":5,"step":"Add the polenta wedges; cook in a single layer over medium heat until lightly browned, about 5 minutes on each side.","ingredients":[{"id":10035137,"name":"polenta","localizedName":"polenta","image":"cornmeal.png"}],"equipment":[],"length":{"number":5,"unit":"minutes"}},{"number":6,"step":"Transfer the polenta to a plate.","ingredients":[{"id":10035137,"name":"polenta","localizedName":"polenta","image":"cornmeal.png"}],"equipment":[]},{"number":7,"step":"Heat the oil and soy sauce slowly in the same skillet. Before they get too hot, add the seitan and stir well. Raise the heat to medium-high and saut, stirring frequently, for 5 minutes. Stir in the bok choy, spinach, and scallions, then cover and cook until just wilted, 1 to 2 minutes.","ingredients":[{"id":11291,"name":"green onions","localizedName":"green onions","image":"spring-onions.jpg"},{"id":16124,"name":"soy sauce","localizedName":"soy sauce","image":"soy-sauce.jpg"},{"id":11116,"name":"bok choy","localizedName":"bok choy","image":"bok-choy.jpg"},{"id":10011457,"name":"spinach","localizedName":"spinach","image":"spinach.jpg"},{"id":93654,"name":"seitan","localizedName":"seitan","image":"seitan.png"},{"id":4582,"name":"cooking oil","localizedName":"cooking oil","image":"vegetable-oil.jpg"}],"equipment":[{"id":404645,"name":"frying pan","localizedName":"frying pan","image":"pan.png"}],"length":{"number":6,"unit":"minutes"}},{"number":8,"step":"Sprinkle in vinegar to taste. Gently fold in the polenta wedges and sun-dried tomatoes, if using. Season with salt and pepper and serve at once.","ingredients":[{"id":11955,"name":"sun dried tomatoes","localizedName":"sun dried tomatoes","image":"sundried-tomatoes.jpg"},{"id":1102047,"name":"salt and pepper","localizedName":"salt and pepper","image":"salt-and-pepper.jpg"},{"id":10035137,"name":"polenta","localizedName":"polenta","image":"cornmeal.png"},{"id":2053,"name":"vinegar","localizedName":"vinegar","image":"vinegar-(white).jpg"}],"equipment":[]},{"number":9,"step":"var article","ingredients":[],"equipment":[]},{"number":10,"step":"Type_27_data = {};","ingredients":[],"equipment":[]},{"number":11,"step":"article","ingredients":[],"equipment":[]},{"number":12,"step":"Type_27_data.init_step_by_step_images = 0;","ingredients":[],"equipment":[]}]}]
