[{"name":"","steps":[{"number":1,"step":"Wrap tofu block in several layers of heavy-duty paper towels. Press with a heavy object for about 30 minutes to remove excess water.","ingredients":[{"id":14412,"name":"water","localizedName":"water","image":"water.png"},{"id":16213,"name":"tofu","localizedName":"tofu","image":"tofu.png"},{"id":10018364,"name":"wrap","localizedName":"wrap","image":"flour-tortilla.jpg"}],"equipment":[{"id":405895,"name":"paper towels","localizedName":"paper towels","image":"paper-towels.jpg"}],"length":{"number":30,"unit":"minutes"}},{"number":2,"step":"Remove paper towels, pat tofu dry, and cut into 1-inch cubes.","ingredients":[{"id":16213,"name":"tofu","localizedName":"tofu","image":"tofu.png"}],"equipment":[{"id":405895,"name":"paper towels","localizedName":"paper towels","image":"paper-towels.jpg"}]},{"number":3,"step":"Combine hoisin sauce and next 3 ingredients in a small bowl; add tofu, tossing gently to coat.","ingredients":[{"id":6175,"name":"hoisin sauce","localizedName":"hoisin sauce","image":"dark-sauce.jpg"},{"id":16213,"name":"tofu","localizedName":"tofu","image":"tofu.png"}],"equipment":[{"id":404783,"name":"bowl","localizedName":"bowl","image":"bowl.jpg"}]},{"number":4,"step":"Heat oil in a large nonstick skillet over medium-high heat.","ingredients":[{"id":4582,"name":"cooking oil","localizedName":"cooking oil","image":"vegetable-oil.jpg"}],"equipment":[{"id":404645,"name":"frying pan","localizedName":"frying pan","image":"pan.png"}]},{"number":5,"step":"Add bok choy, garlic, and bell pepper; cook 3 to 4 minutes or until vegetables are crisp-tender. Reduce heat to low; add tofu mixture. Cook 2 minutes, or until tofu is thoroughly heated and vegetables are glazed.","ingredients":[{"id":10211821,"name":"bell pepper","localizedName":"bell pepper","image":"bell-pepper-orange.png"},{"id":11583,"name":"vegetable","localizedName":"vegetable","image":"mixed-vegetables.png"},{"id":11116,"name":"bok choy","localizedName":"bok choy","image":"bok-choy.jpg"},{"id":11215,"name":"garlic","localizedName":"garlic","image":"garlic.png"},{"id":16213,"name":"tofu","localizedName":"tofu","image":"tofu.png"}],"equipment":[],"length":{"number":5,"unit":"minutes"}}]}]
