[{"name":"","steps":[{"number":1,"step":"In a small bowl, whisk together the vinegar, oil, sugar and soy sauce.  Set aside.","ingredients":[{"id":16124,"name":"soy sauce","localizedName":"soy sauce","image":"soy-sauce.jpg"},{"id":2053,"name":"vinegar","localizedName":"vinegar","image":"vinegar-(white).jpg"},{"id":19335,"name":"sugar","localizedName":"sugar","image":"sugar-in-bowl.png"},{"id":4582,"name":"cooking oil","localizedName":"cooking oil","image":"vegetable-oil.jpg"}],"equipment":[{"id":404661,"name":"whisk","localizedName":"whisk","image":"whisk.png"},{"id":404783,"name":"bowl","localizedName":"bowl","image":"bowl.jpg"}]},{"number":2,"step":"Melt the margarine over medium heat in a small skillet.   Crush the ramen noodles while still in their packaging, and add to the margarine along with the almonds and sesame seeds.","ingredients":[{"id":6583,"name":"ramen noodles","localizedName":"ramen noodles","image":"ramen.jpg"},{"id":12023,"name":"sesame seeds","localizedName":"sesame seeds","image":"sesame-seeds.png"},{"id":4073,"name":"margarine","localizedName":"margarine","image":"butter-sliced.jpg"},{"id":12061,"name":"almonds","localizedName":"almonds","image":"almonds.jpg"}],"equipment":[{"id":404645,"name":"frying pan","localizedName":"frying pan","image":"pan.png"}]},{"number":3,"step":"Saute until everything is golden brown.","ingredients":[],"equipment":[]},{"number":4,"step":"Remove from heat and drain on a paper towel.","ingredients":[],"equipment":[{"id":405895,"name":"paper towels","localizedName":"paper towels","image":"paper-towels.jpg"}]},{"number":5,"step":"Chop the bok choy and green onions and add to a large bowl.  Just before serving, sprinkle with the noodle mixture and dressing, and toss to coat.","ingredients":[{"id":11291,"name":"green onions","localizedName":"green onions","image":"spring-onions.jpg"},{"id":11116,"name":"bok choy","localizedName":"bok choy","image":"bok-choy.jpg"},{"id":20420,"name":"pasta","localizedName":"pasta","image":"fusilli.jpg"}],"equipment":[{"id":404783,"name":"bowl","localizedName":"bowl","image":"bowl.jpg"}]}]}]
