[{"name":"","steps":[{"number":1,"step":"Bring a large pot of well-salted water to a boil. Set up a bowl of well-salted ice water. Cook the broccoli rabe in the boiling water for 1 to 2 minutes and then immediately plunge in the salted ice water. This will prevent the broccoli rabe from being overcooked and will set the lovely green color.","ingredients":[{"id":11096,"name":"broccoli rabe","localizedName":"broccoli rabe","image":"broccoli-rabe.jpg"},{"id":14412,"name":"water","localizedName":"water","image":"water.png"}],"equipment":[{"id":404783,"name":"bowl","localizedName":"bowl","image":"bowl.jpg"},{"id":404752,"name":"pot","localizedName":"pot","image":"stock-pot.jpg"}],"length":{"number":1,"unit":"minutes"}},{"number":2,"step":"Drain the broccoli rabe and squeeze out any excess water; coarsely chop.","ingredients":[{"id":11096,"name":"broccoli rabe","localizedName":"broccoli rabe","image":"broccoli-rabe.jpg"},{"id":14412,"name":"water","localizedName":"water","image":"water.png"}],"equipment":[]},{"number":3,"step":"Place the broccoli rabe in the bowl of a food processor and puree until it is a coarse paste.","ingredients":[{"id":11096,"name":"broccoli rabe","localizedName":"broccoli rabe","image":"broccoli-rabe.jpg"}],"equipment":[{"id":404771,"name":"food processor","localizedName":"food processor","image":"food-processor.png"},{"id":404783,"name":"bowl","localizedName":"bowl","image":"bowl.jpg"}]},{"number":4,"step":"Add the pistachios and parmigiano and puree until smooth. Taste and adjust the seasoning; you probably will need more salt.","ingredients":[{"id":1033,"name":"parmigiano reggiano","localizedName":"parmigiano reggiano","image":"parmesan.jpg"},{"id":12151,"name":"pistachio nuts","localizedName":"pistachio nuts","image":"pistachios.jpg"},{"id":1042027,"name":"seasoning","localizedName":"seasoning","image":"seasoning.png"},{"id":2047,"name":"salt","localizedName":"salt","image":"salt.jpg"}],"equipment":[]},{"number":5,"step":"Add the ricotta and pulse until combined. Taste for seasoning once again-it should be full-flavored, slightly bitter and creamy at the same time. Set aside.","ingredients":[{"id":1042027,"name":"seasoning","localizedName":"seasoning","image":"seasoning.png"},{"id":1036,"name":"ricotta cheese","localizedName":"ricotta cheese","image":"ricotta.png"}],"equipment":[]},{"number":6,"step":"Bring a large pot of well-salted water to a boil. (If you are making the pasta right after the pesto, just use the broccoli rabe blanching water.) Cook the pasta 1 minute less than the cooking time on the package.","ingredients":[{"id":11096,"name":"broccoli rabe","localizedName":"broccoli rabe","image":"broccoli-rabe.jpg"},{"id":20420,"name":"pasta","localizedName":"pasta","image":"fusilli.jpg"},{"id":93698,"name":"pesto","localizedName":"pesto","image":"basil-pesto.png"},{"id":14412,"name":"water","localizedName":"water","image":"water.png"}],"equipment":[{"id":404752,"name":"pot","localizedName":"pot","image":"stock-pot.jpg"}],"length":{"number":1,"unit":"minutes"}},{"number":7,"step":"While the pasta is cooking, place the pesto in a large skillet and add about 1 to 1 1/2 cups of the pasta cooking water; place over medium-high heat. When the pasta is ready, drain and add to the skillet with the pesto. Stir vigorously to combine and cook until the sauce is creamy and heated through, 1 to 2 minutes; add salt to taste.","ingredients":[{"id":20420,"name":"pasta","localizedName":"pasta","image":"fusilli.jpg"},{"id":93698,"name":"pesto","localizedName":"pesto","image":"basil-pesto.png"},{"id":0,"name":"sauce","localizedName":"sauce","image":""},{"id":14412,"name":"water","localizedName":"water","image":"water.png"},{"id":2047,"name":"salt","localizedName":"salt","image":"salt.jpg"}],"equipment":[{"id":404645,"name":"frying pan","localizedName":"frying pan","image":"pan.png"}],"length":{"number":1,"unit":"minutes"}},{"number":8,"step":"Remove from the heat, add 1 to 2 tablespoons olive oil, if desired, and stir vigorously.","ingredients":[{"id":4053,"name":"olive oil","localizedName":"olive oil","image":"olive-oil.jpg"}],"equipment":[]},{"number":9,"step":"Garnish with more parmigiano. Voila!","ingredients":[{"id":1033,"name":"parmigiano reggiano","localizedName":"parmigiano reggiano","image":"parmesan.jpg"}],"equipment":[]},{"number":10,"step":"Photograph by Con Poulos","ingredients":[],"equipment":[]}]}]
