[{"name":"","steps":[{"number":1,"step":"Preheat oven to 375  degrees F (190 degrees C). In a small bowl mix together the salt, ground black pepper, thyme, and rosemary; set aside. This will be your spice blend for seasoning the roasted potatoes and the duck breasts.","ingredients":[{"id":1002030,"name":"ground black pepper","localizedName":"ground black pepper","image":"pepper.jpg"},{"id":0,"name":"roast potato","localizedName":"roast potato","image":"potatoes-yukon-gold.png"},{"id":98912,"name":"duck breast","localizedName":"duck breast","image":"duck-breast.png"},{"id":1032027,"name":"seasoning mix","localizedName":"seasoning mix","image":"seasoning.png"},{"id":1042027,"name":"seasoning","localizedName":"seasoning","image":"seasoning.png"},{"id":2036,"name":"rosemary","localizedName":"rosemary","image":"rosemary.jpg"},{"id":2049,"name":"thyme","localizedName":"thyme","image":"thyme.jpg"},{"id":2047,"name":"salt","localizedName":"salt","image":"salt.jpg"}],"equipment":[{"id":404783,"name":"bowl","localizedName":"bowl","image":"bowl.jpg"},{"id":404784,"name":"oven","localizedName":"oven","image":"oven.jpg","temperature":{"number":190.0,"unit":"Celsius"}}]},{"number":2,"step":"Place cubed potatoes into a 9x13 inch baking dish.","ingredients":[{"id":11352,"name":"potato","localizedName":"potato","image":"potatoes-yukon-gold.png"}],"equipment":[{"id":404646,"name":"baking pan","localizedName":"baking pan","image":"roasting-pan.jpg"}]},{"number":3,"step":"Drizzle with olive oil and sprinkle 2 tablespoons of your spice blend over the top of the potatoes. Toss the potatoes in the pan until they are evenly coated with oil and seasonings.","ingredients":[{"id":1032027,"name":"seasoning mix","localizedName":"seasoning mix","image":"seasoning.png"},{"id":1042027,"name":"seasoning","localizedName":"seasoning","image":"seasoning.png"},{"id":4053,"name":"olive oil","localizedName":"olive oil","image":"olive-oil.jpg"},{"id":11352,"name":"potato","localizedName":"potato","image":"potatoes-yukon-gold.png"},{"id":4582,"name":"cooking oil","localizedName":"cooking oil","image":"vegetable-oil.jpg"}],"equipment":[{"id":404645,"name":"frying pan","localizedName":"frying pan","image":"pan.png"}]},{"number":4,"step":"Spread into a single layer across the bottom of the baking dish and bake for 35 to 40 minutes in the preheated oven.","ingredients":[{"id":0,"name":"spread","localizedName":"spread","image":""}],"equipment":[{"id":404646,"name":"baking pan","localizedName":"baking pan","image":"roasting-pan.jpg"},{"id":404784,"name":"oven","localizedName":"oven","image":"oven.jpg"}],"length":{"number":35,"unit":"minutes"}},{"number":5,"step":"While the potatoes are roasting, stir together the blueberries, water, apple juice, sugar, and jalapeno in a small saucepan. Bring to a boil over medium-high heat, then reduce heat to low, and simmer until the mixture has reduced to the consistency of syrup, about 10 minutes.","ingredients":[{"id":9016,"name":"apple juice","localizedName":"apple juice","image":"apple-juice.jpg"},{"id":9050,"name":"blueberries","localizedName":"blueberries","image":"blueberries.jpg"},{"id":11979,"name":"jalapeno pepper","localizedName":"jalapeno pepper","image":"jalapeno-pepper.png"},{"id":11352,"name":"potato","localizedName":"potato","image":"potatoes-yukon-gold.png"},{"id":19335,"name":"sugar","localizedName":"sugar","image":"sugar-in-bowl.png"},{"id":0,"name":"syrup","localizedName":"syrup","image":""},{"id":14412,"name":"water","localizedName":"water","image":"water.png"}],"equipment":[{"id":404669,"name":"sauce pan","localizedName":"sauce pan","image":"sauce-pan.jpg"}],"length":{"number":10,"unit":"minutes"}},{"number":6,"step":"Cook the pancetta in a large skillet over medium heat until crispy.","ingredients":[{"id":10410123,"name":"pancetta","localizedName":"pancetta","image":"pancetta.png"}],"equipment":[{"id":404645,"name":"frying pan","localizedName":"frying pan","image":"pan.png"}]},{"number":7,"step":"Remove the pancetta to drain on a paper towel, leaving the drippings in the skillet.","ingredients":[{"id":10410123,"name":"pancetta","localizedName":"pancetta","image":"pancetta.png"}],"equipment":[{"id":405895,"name":"paper towels","localizedName":"paper towels","image":"paper-towels.jpg"},{"id":404645,"name":"frying pan","localizedName":"frying pan","image":"pan.png"}]},{"number":8,"step":"Add the shallots and the mushrooms to the hot skillet; stir and cook them until soft and just beginning to brown.","ingredients":[{"id":11260,"name":"mushrooms","localizedName":"mushrooms","image":"mushrooms.png"},{"id":11677,"name":"shallot","localizedName":"shallot","image":"shallots.jpg"}],"equipment":[{"id":404645,"name":"frying pan","localizedName":"frying pan","image":"pan.png"}]},{"number":9,"step":"Remove the shallots and mushrooms and set aside. Increase heat to medium-high and place the bok choy in the hot skillet. Stir and cook the bok choy until the leaves are wilted and the white stalk pieces are tender, about 5 minutes. Return the shallots, mushrooms, and pancetta to the skillet, turn off the heat and set aside.","ingredients":[{"id":11260,"name":"mushrooms","localizedName":"mushrooms","image":"mushrooms.png"},{"id":11116,"name":"bok choy","localizedName":"bok choy","image":"bok-choy.jpg"},{"id":10410123,"name":"pancetta","localizedName":"pancetta","image":"pancetta.png"},{"id":11677,"name":"shallot","localizedName":"shallot","image":"shallots.jpg"}],"equipment":[{"id":404645,"name":"frying pan","localizedName":"frying pan","image":"pan.png"}],"length":{"number":5,"unit":"minutes"}},{"number":10,"step":"Rinse the duck breast halves and pat dry. Rub the remaining spice blend onto both sides of the duck breasts. Preheat a large skillet over medium-high heat, when the pan is hot put in the vegetable oil and butter. Immediately place the duck breasts in the pan, skin and fat side down. Do not move the duck breasts until the skin is deep brown, about 5 minutes. Turn the breasts and cook until the internal temperature of the thickest part is 160 degrees F (71 degrees C) for well done.","ingredients":[{"id":4669,"name":"vegetable oil","localizedName":"vegetable oil","image":"vegetable-oil.jpg"},{"id":98912,"name":"duck breast","localizedName":"duck breast","image":"duck-breast.png"},{"id":1032027,"name":"seasoning mix","localizedName":"seasoning mix","image":"seasoning.png"},{"id":1001,"name":"butter","localizedName":"butter","image":"butter-sliced.jpg"},{"id":1012034,"name":"dry seasoning rub","localizedName":"dry seasoning rub","image":"seasoning.png"}],"equipment":[{"id":404645,"name":"frying pan","localizedName":"frying pan","image":"pan.png"}],"length":{"number":5,"unit":"minutes"}},{"number":11,"step":"Remove the duck from the pan and place on a plate, covered with foil to rest for 5 minutes. While the duck is resting, place the skillet with the bok choy mixture onto a burner over medium heat to warm through.","ingredients":[{"id":11116,"name":"bok choy","localizedName":"bok choy","image":"bok-choy.jpg"},{"id":5139,"name":"whole duck","localizedName":"whole duck","image":"duck.png"}],"equipment":[{"id":404645,"name":"frying pan","localizedName":"frying pan","image":"pan.png"},{"id":404765,"name":"aluminum foil","localizedName":"aluminum foil","image":"aluminum-foil.png"}],"length":{"number":5,"unit":"minutes"}},{"number":12,"step":"Slice each duck breast diagonally into 1/2 inch strips. Divide the bok choy mixture among four plates and drizzle each serving with 1/2 tablespoon of aged balsamic vinegar. Arrange the sliced duck breasts on top of the bok choy mixture; ladle on blueberry sauce.","ingredients":[{"id":1002069,"name":"aged balsamic vinegar","localizedName":"aged balsamic vinegar","image":"balsamic-vinegar.jpg"},{"id":98912,"name":"duck breast","localizedName":"duck breast","image":"duck-breast.png"},{"id":9050,"name":"blueberries","localizedName":"blueberries","image":"blueberries.jpg"},{"id":11116,"name":"bok choy","localizedName":"bok choy","image":"bok-choy.jpg"},{"id":0,"name":"sauce","localizedName":"sauce","image":""}],"equipment":[{"id":404630,"name":"ladle","localizedName":"ladle","image":"ladle.jpg"}]},{"number":13,"step":"Serve with oven-roasted potatoes on the side.","ingredients":[{"id":0,"name":"roast potato","localizedName":"roast potato","image":"potatoes-yukon-gold.png"}],"equipment":[{"id":404784,"name":"oven","localizedName":"oven","image":"oven.jpg"}]}]}]
