[{"name":"","steps":[{"number":1,"step":"Cook pasta in large pot of boiling salted water 3 minutes.","ingredients":[{"id":20420,"name":"pasta","localizedName":"pasta","image":"fusilli.jpg"},{"id":14412,"name":"water","localizedName":"water","image":"water.png"}],"equipment":[{"id":404752,"name":"pot","localizedName":"pot","image":"stock-pot.jpg"}],"length":{"number":3,"unit":"minutes"}},{"number":2,"step":"Add broccoli rabe and boil until broccoli rabe is just crisp-tender and pasta is just tender but still firm to bite, stirring occasionally, about 5 minutes longer.","ingredients":[{"id":11096,"name":"broccoli rabe","localizedName":"broccoli rabe","image":"broccoli-rabe.jpg"},{"id":20420,"name":"pasta","localizedName":"pasta","image":"fusilli.jpg"}],"equipment":[],"length":{"number":5,"unit":"minutes"}},{"number":3,"step":"Drain pasta and broccoli rabe, reserving 1/2 cup cooking liquid. Return pasta and broccoli rabe to pot.","ingredients":[{"id":11096,"name":"broccoli rabe","localizedName":"broccoli rabe","image":"broccoli-rabe.jpg"},{"id":20420,"name":"pasta","localizedName":"pasta","image":"fusilli.jpg"}],"equipment":[{"id":404752,"name":"pot","localizedName":"pot","image":"stock-pot.jpg"}]},{"number":4,"step":"Meanwhile, bring vegetable broth and crushed red pepper to simmer in medium saucepan.","ingredients":[{"id":1032009,"name":"red pepper flakes","localizedName":"red pepper flakes","image":"red-pepper-flakes.jpg"},{"id":6615,"name":"vegetable broth","localizedName":"vegetable broth","image":"chicken-broth.png"}],"equipment":[{"id":404669,"name":"sauce pan","localizedName":"sauce pan","image":"sauce-pan.jpg"}]},{"number":5,"step":"Add beans and simmer until beans are heated through, stirring frequently, about 5 minutes.","ingredients":[{"id":0,"name":"beans","localizedName":"beans","image":"kidney-beans.jpg"}],"equipment":[],"length":{"number":5,"unit":"minutes"}},{"number":6,"step":"Add bean mixture, pesto, and vinegar to pasta and broccoli rabe. Stir well, adding pasta cooking liquid by tablespoonfuls if necessary. Season with salt and pepper.","ingredients":[{"id":1102047,"name":"salt and pepper","localizedName":"salt and pepper","image":"salt-and-pepper.jpg"},{"id":11096,"name":"broccoli rabe","localizedName":"broccoli rabe","image":"broccoli-rabe.jpg"},{"id":2053,"name":"vinegar","localizedName":"vinegar","image":"vinegar-(white).jpg"},{"id":20420,"name":"pasta","localizedName":"pasta","image":"fusilli.jpg"},{"id":93698,"name":"pesto","localizedName":"pesto","image":"basil-pesto.png"}],"equipment":[]},{"number":7,"step":"Serve in shallow bowls.","ingredients":[],"equipment":[{"id":404783,"name":"bowl","localizedName":"bowl","image":"bowl.jpg"}]}]}]
