[{"name":"","steps":[{"number":1,"step":"In a food processor, finely chop the fennel and carrots. In a large saucepan, heat 1/3 cup of the olive oil.","ingredients":[{"id":4053,"name":"olive oil","localizedName":"olive oil","image":"olive-oil.jpg"},{"id":11124,"name":"carrot","localizedName":"carrot","image":"sliced-carrot.png"},{"id":11957,"name":"fennel","localizedName":"fennel","image":"fennel.png"}],"equipment":[{"id":404771,"name":"food processor","localizedName":"food processor","image":"food-processor.png"},{"id":404669,"name":"sauce pan","localizedName":"sauce pan","image":"sauce-pan.jpg"}]},{"number":2,"step":"Add the onions, garlic, rosemary and the fennel mixture and cook over moderately low heat, stirring often, until the onions are very tender and starting to brown, about 25 minutes.","ingredients":[{"id":2036,"name":"rosemary","localizedName":"rosemary","image":"rosemary.jpg"},{"id":11957,"name":"fennel","localizedName":"fennel","image":"fennel.png"},{"id":11215,"name":"garlic","localizedName":"garlic","image":"garlic.png"},{"id":11282,"name":"onion","localizedName":"onion","image":"brown-onion.png"}],"equipment":[],"length":{"number":25,"unit":"minutes"}},{"number":3,"step":"Add the crushed red pepper to the saucepan and cook over moderately low heat, stirring, for 1 minute.","ingredients":[{"id":1032009,"name":"red pepper flakes","localizedName":"red pepper flakes","image":"red-pepper-flakes.jpg"}],"equipment":[{"id":404669,"name":"sauce pan","localizedName":"sauce pan","image":"sauce-pan.jpg"}],"length":{"number":1,"unit":"minutes"}},{"number":4,"step":"Add the chopped tomatoes and cook, stirring occasionally, until the sauce is thick, about 10 minutes; discard the rosemary sprigs.","ingredients":[{"id":2036,"name":"rosemary","localizedName":"rosemary","image":"rosemary.jpg"},{"id":11529,"name":"tomato","localizedName":"tomato","image":"tomato.png"},{"id":0,"name":"sauce","localizedName":"sauce","image":""}],"equipment":[],"length":{"number":10,"unit":"minutes"}},{"number":5,"step":"Meanwhile, in a large pot of boiling salted water, cook the broccoli rabe until bright green, about 4 minutes.","ingredients":[{"id":11096,"name":"broccoli rabe","localizedName":"broccoli rabe","image":"broccoli-rabe.jpg"},{"id":14412,"name":"water","localizedName":"water","image":"water.png"}],"equipment":[{"id":404752,"name":"pot","localizedName":"pot","image":"stock-pot.jpg"}],"length":{"number":4,"unit":"minutes"}},{"number":6,"step":"Drain and let cool, then coarsely chop.","ingredients":[],"equipment":[]},{"number":7,"step":"In a large, deep skillet, heat the remaining 1/3 cup of olive oil.","ingredients":[{"id":4053,"name":"olive oil","localizedName":"olive oil","image":"olive-oil.jpg"}],"equipment":[{"id":404645,"name":"frying pan","localizedName":"frying pan","image":"pan.png"}]},{"number":8,"step":"Add the broccoli rabe and cook over moderately high heat, stirring occasionally, until starting to brown, about 4 minutes.","ingredients":[{"id":11096,"name":"broccoli rabe","localizedName":"broccoli rabe","image":"broccoli-rabe.jpg"}],"equipment":[],"length":{"number":4,"unit":"minutes"}},{"number":9,"step":"Add the tomato sauce and simmer over low heat until very thick, about 15 minutes. Season with salt.","ingredients":[{"id":11549,"name":"tomato sauce","localizedName":"tomato sauce","image":"tomato-sauce-or-pasta-sauce.jpg"},{"id":2047,"name":"salt","localizedName":"salt","image":"salt.jpg"}],"equipment":[],"length":{"number":15,"unit":"minutes"}},{"number":10,"step":"Transfer the broccoli rabe to a bowl and serve.","ingredients":[{"id":11096,"name":"broccoli rabe","localizedName":"broccoli rabe","image":"broccoli-rabe.jpg"}],"equipment":[{"id":404783,"name":"bowl","localizedName":"bowl","image":"bowl.jpg"}]}]}]
