[{"name":"","steps":[{"number":1,"step":"In a mixing bowl, stir together the pork shoulder and pancetta with your hands until well-mixed.","ingredients":[{"id":10072,"name":"pork shoulder","localizedName":"pork shoulder","image":"pork-shoulder.png"},{"id":10410123,"name":"pancetta","localizedName":"pancetta","image":"pancetta.png"}],"equipment":[{"id":405907,"name":"mixing bowl","localizedName":"mixing bowl","image":"mixing-bowl.jpg"}]},{"number":2,"step":"Add pepper, salt, wine, oregano and chili flakes and mix until well-blended, again with your hands. Work quickly here so that body temperature does not change the texture of the fat.","ingredients":[{"id":1032009,"name":"red pepper flakes","localizedName":"red pepper flakes","image":"red-pepper-flakes.jpg"},{"id":2027,"name":"oregano","localizedName":"oregano","image":"oregano.jpg"},{"id":1002030,"name":"pepper","localizedName":"pepper","image":"pepper.jpg"},{"id":2047,"name":"salt","localizedName":"salt","image":"salt.jpg"},{"id":14084,"name":"wine","localizedName":"wine","image":"red-wine.jpg"}],"equipment":[]},{"number":3,"step":"Set up the sausage stuffer and place the casing over the funnel feeder. If you do not have a sausage stuffer, form the sausage into 1/4-pound logs by hand. If using a sausage stuffer, stuff the sausage into the casings, twisting every 3 1/2 to 4 inches, to yield 4-ounce sausages, and form 22 to 25 sausages. Prick them all over with a needle and set aside in a cool place.","ingredients":[{"id":1017063,"name":"sausage","localizedName":"sausage","image":"raw-pork-sausage.png"}],"equipment":[{"id":404643,"name":"funnel","localizedName":"funnel","image":"funnel.png"}]},{"number":4,"step":"Bring 6 quarts of water to a boil and add 2 tablespoons salt. Set up an ice bath next to the stove top. Blanch the broccoli rabe for 2 minutes, refresh in the ice bath and drain.","ingredients":[{"id":11096,"name":"broccoli rabe","localizedName":"broccoli rabe","image":"broccoli-rabe.jpg"},{"id":14412,"name":"water","localizedName":"water","image":"water.png"},{"id":2047,"name":"salt","localizedName":"salt","image":"salt.jpg"},{"id":10014412,"name":"ice","localizedName":"ice","image":"ice-cubes.png"}],"equipment":[{"id":404794,"name":"stove","localizedName":"stove","image":"oven.jpg"}],"length":{"number":2,"unit":"minutes"}},{"number":5,"step":"Preheat the broiler.","ingredients":[],"equipment":[{"id":405914,"name":"broiler","localizedName":"broiler","image":"oven.jpg"}]},{"number":6,"step":"Place the pricked sausages in an oven-proof pan and broil until halfway cooked, 5 minutes per side.","ingredients":[{"id":1017063,"name":"sausage","localizedName":"sausage","image":"raw-pork-sausage.png"}],"equipment":[{"id":404784,"name":"oven","localizedName":"oven","image":"oven.jpg"},{"id":404645,"name":"frying pan","localizedName":"frying pan","image":"pan.png"}],"length":{"number":5,"unit":"minutes"}},{"number":7,"step":"Place the pan over medium heat and continue to cook until the sausages are deep golden brown, 6 to 8 minutes.","ingredients":[{"id":1017063,"name":"sausage","localizedName":"sausage","image":"raw-pork-sausage.png"}],"equipment":[{"id":404645,"name":"frying pan","localizedName":"frying pan","image":"pan.png"}],"length":{"number":6,"unit":"minutes"}},{"number":8,"step":"Add the garlic and broccoli rabe and, stirring, cook until the broccoli rabe is hot, 5 to 7 more minutes. Meanwhile, on a small sheet tray, toast the bread crumbs under the broiler until golden brown.","ingredients":[{"id":11096,"name":"broccoli rabe","localizedName":"broccoli rabe","image":"broccoli-rabe.jpg"},{"id":18079,"name":"breadcrumbs","localizedName":"breadcrumbs","image":"breadcrumbs.jpg"},{"id":11215,"name":"garlic","localizedName":"garlic","image":"garlic.png"},{"id":18070,"name":"toast","localizedName":"toast","image":"toast"}],"equipment":[{"id":405914,"name":"broiler","localizedName":"broiler","image":"oven.jpg"}],"length":{"number":7,"unit":"minutes"}},{"number":9,"step":"Remove to a small bowl, add the oil and mix well. Pile the broccoli rabe on a plate, sprinkle with the bread crumbs, place the sausages next to the broccoli rabe and serve.","ingredients":[{"id":11096,"name":"broccoli rabe","localizedName":"broccoli rabe","image":"broccoli-rabe.jpg"},{"id":18079,"name":"breadcrumbs","localizedName":"breadcrumbs","image":"breadcrumbs.jpg"},{"id":1017063,"name":"sausage","localizedName":"sausage","image":"raw-pork-sausage.png"},{"id":4582,"name":"cooking oil","localizedName":"cooking oil","image":"vegetable-oil.jpg"}],"equipment":[{"id":404783,"name":"bowl","localizedName":"bowl","image":"bowl.jpg"}]}]}]
