[{"name":"","steps":[{"number":1,"step":"Bring 2 inches water in a deep skillet to a boil for broccoli rabe and 1 large pot of water to a boil for pasta. Salt the water liberally.","ingredients":[{"id":11096,"name":"broccoli rabe","localizedName":"broccoli rabe","image":"broccoli-rabe.jpg"},{"id":20420,"name":"pasta","localizedName":"pasta","image":"fusilli.jpg"},{"id":14412,"name":"water","localizedName":"water","image":"water.png"},{"id":2047,"name":"salt","localizedName":"salt","image":"salt.jpg"}],"equipment":[{"id":404645,"name":"frying pan","localizedName":"frying pan","image":"pan.png"},{"id":404752,"name":"pot","localizedName":"pot","image":"stock-pot.jpg"}]},{"number":2,"step":"Simmer the broccoli rabe in water 10 to 12 minutes, then drain. Return the skillet to medium heat with 1/4 cup extra-virgin olive oil.","ingredients":[{"id":1034053,"name":"extra virgin olive oil","localizedName":"extra virgin olive oil","image":"olive-oil.jpg"},{"id":11096,"name":"broccoli rabe","localizedName":"broccoli rabe","image":"broccoli-rabe.jpg"},{"id":14412,"name":"water","localizedName":"water","image":"water.png"}],"equipment":[{"id":404645,"name":"frying pan","localizedName":"frying pan","image":"pan.png"}],"length":{"number":10,"unit":"minutes"}},{"number":3,"step":"Add garlic and red pepper to the oil and gently cook a couple of minutes, add broccoli rabe and cook 5 minutes more.","ingredients":[{"id":11096,"name":"broccoli rabe","localizedName":"broccoli rabe","image":"broccoli-rabe.jpg"},{"id":11821,"name":"red pepper","localizedName":"red pepper","image":"red-pepper.jpg"},{"id":11215,"name":"garlic","localizedName":"garlic","image":"garlic.png"},{"id":4582,"name":"cooking oil","localizedName":"cooking oil","image":"vegetable-oil.jpg"}],"equipment":[],"length":{"number":5,"unit":"minutes"}},{"number":4,"step":"While the broccoli rabe cooks, drop the rigatoni into the boiling water and cook until al dente. Just before draining reserve 1 cup starchy liquid.","ingredients":[{"id":11096,"name":"broccoli rabe","localizedName":"broccoli rabe","image":"broccoli-rabe.jpg"},{"id":11220420,"name":"rigatoni","localizedName":"rigatoni","image":"rigatoni.jpg"},{"id":14412,"name":"water","localizedName":"water","image":"water.png"}],"equipment":[]},{"number":5,"step":"Combine the ricotta, Parmesan, salami and black pepper, to taste, in a pasta bowl.","ingredients":[{"id":1002030,"name":"black pepper","localizedName":"black pepper","image":"pepper.jpg"},{"id":1033,"name":"parmesan","localizedName":"parmesan","image":"parmesan.jpg"},{"id":1036,"name":"ricotta cheese","localizedName":"ricotta cheese","image":"ricotta.png"},{"id":7071,"name":"salami","localizedName":"salami","image":"salami.jpg"},{"id":20420,"name":"pasta","localizedName":"pasta","image":"fusilli.jpg"}],"equipment":[{"id":404783,"name":"bowl","localizedName":"bowl","image":"bowl.jpg"}]},{"number":6,"step":"Add the starchy liquid and stir.","ingredients":[],"equipment":[]},{"number":7,"step":"Add the broccoli rabe and pasta and toss 2 minutes to coat and combine.","ingredients":[{"id":11096,"name":"broccoli rabe","localizedName":"broccoli rabe","image":"broccoli-rabe.jpg"},{"id":20420,"name":"pasta","localizedName":"pasta","image":"fusilli.jpg"}],"equipment":[],"length":{"number":2,"unit":"minutes"}}]}]
