[{"name":"","steps":[{"number":1,"step":"In a large saucepan or soup pot heat the oil over medium high heat until hot.","ingredients":[{"id":0,"name":"soup","localizedName":"soup","image":""},{"id":4582,"name":"cooking oil","localizedName":"cooking oil","image":"vegetable-oil.jpg"}],"equipment":[{"id":404669,"name":"sauce pan","localizedName":"sauce pan","image":"sauce-pan.jpg"},{"id":404752,"name":"pot","localizedName":"pot","image":"stock-pot.jpg"}]},{"number":2,"step":"Add 1 tablespoon of the garlic and 1 tablespoon of the ginger and cook, stirring, until fragrant, 1 to 2 minutes.","ingredients":[{"id":11215,"name":"garlic","localizedName":"garlic","image":"garlic.png"},{"id":11216,"name":"ginger","localizedName":"ginger","image":"ginger.png"}],"equipment":[],"length":{"number":1,"unit":"minutes"}},{"number":3,"step":"Add the 1/4 cup of sliced scallions and the chicken broth and bring to a boil. Reduce heat to medium low so that the broth just simmers. Allow broth to simmer for at least 20 to 30 minutes while the wontons are being assembled.In a small mixing bowl combine the remaining teaspoon of minced garlic, remaining tablespoon of chopped ginger, 3 tablespoons of finely chopped scallions, the pork, egg yolk, soy sauce, rice wine vinegar, sesame oil and crushed red pepper.","ingredients":[{"id":1032009,"name":"red pepper flakes","localizedName":"red pepper flakes","image":"red-pepper-flakes.jpg"},{"id":1022053,"name":"rice vinegar","localizedName":"rice vinegar","image":"rice-vinegar.png"},{"id":6194,"name":"chicken broth","localizedName":"chicken broth","image":"chicken-broth.png"},{"id":0,"name":"minced garlic","localizedName":"minced garlic","image":"garlic.png"},{"id":4058,"name":"sesame oil","localizedName":"sesame oil","image":"sesame-oil.png"},{"id":11291,"name":"green onions","localizedName":"green onions","image":"spring-onions.jpg"},{"id":16124,"name":"soy sauce","localizedName":"soy sauce","image":"soy-sauce.jpg"},{"id":1125,"name":"egg yolk","localizedName":"egg yolk","image":"egg-yolk.jpg"},{"id":11216,"name":"ginger","localizedName":"ginger","image":"ginger.png"},{"id":1006615,"name":"broth","localizedName":"broth","image":"chicken-broth.png"},{"id":10010219,"name":"pork","localizedName":"pork","image":"pork-tenderloin-raw.png"}],"equipment":[{"id":405907,"name":"mixing bowl","localizedName":"mixing bowl","image":"mixing-bowl.jpg"}],"length":{"number":20,"unit":"minutes"}},{"number":4,"step":"Mix until thoroughly combined.Working on a flat work surface, lay out a few of the wontons. (Keep remaining wonton wrappers covered with plastic wrap.) Fill a small bowl partially with cool water and set aside. Using a teaspoon measure, place a heaping teaspoonful of the meat filling in the center of each wonton. Using your fingers, lightly wet the edges of the wonton. Bring 2 opposite corners of the wonton together to form a triangle and enclose the filling, pressing edges firmly around the mound of filling to eliminate any air pockets and seal. Moisten opposite corners of the long side. Curl moistened corners toward each other, overlapping one on top of the other, and press the edges together to seal. You should now have a rounded stuffed wonton with a triangle poking up at the top. Assemble the remaining wontons in the same manner. When the wontons are all assembled, set aside.","ingredients":[{"id":10018368,"name":"wonton wrappers","localizedName":"wonton wrappers","image":"wonton-wrappers.jpg"},{"id":14412,"name":"water","localizedName":"water","image":"water.png"},{"id":1065062,"name":"meat","localizedName":"meat","image":"whole-chicken.jpg"},{"id":10018364,"name":"wrap","localizedName":"wrap","image":"flour-tortilla.jpg"}],"equipment":[{"id":404730,"name":"plastic wrap","localizedName":"plastic wrap","image":"plastic-wrap.jpg"},{"id":404783,"name":"bowl","localizedName":"bowl","image":"bowl.jpg"}]},{"number":5,"step":"Add the sliced bok choy, mushrooms, and bamboo shoots to the broth and cook for 2 to 3 minutes. Using your hands or a slotted spoon, gently add the prepared wontons to the simmering broth. Increase the heat slightly so that the broth returns to a gentle simmer. Cook, stirring occasionally (very gently), until the wontons float and the pork filling is cooked through, about 5 minutes.","ingredients":[{"id":11028,"name":"bamboo shoots","localizedName":"bamboo shoots","image":"bamboo-shoots.jpg"},{"id":11260,"name":"mushrooms","localizedName":"mushrooms","image":"mushrooms.png"},{"id":11116,"name":"bok choy","localizedName":"bok choy","image":"bok-choy.jpg"},{"id":1006615,"name":"broth","localizedName":"broth","image":"chicken-broth.png"},{"id":10010219,"name":"pork","localizedName":"pork","image":"pork-tenderloin-raw.png"}],"equipment":[{"id":404636,"name":"slotted spoon","localizedName":"slotted spoon","image":"slotted-spoon.jpg"}],"length":{"number":7,"unit":"minutes"}},{"number":6,"step":"Serve immediately.","ingredients":[],"equipment":[]}]}]
