[{"name":"","steps":[{"number":1,"step":"In a large skillet, combine fish stock, soy, lime juice, sherry, black beans, cashews, green onions, and cilantro. Simmer for 5 minutes or until sauce is starting to thicken.","ingredients":[{"id":11291,"name":"green onions","localizedName":"green onions","image":"spring-onions.jpg"},{"id":16015,"name":"black beans","localizedName":"black beans","image":"black-beans.jpg"},{"id":6963,"name":"fish stock","localizedName":"fish stock","image":"chicken-broth.png"},{"id":9160,"name":"lime juice","localizedName":"lime juice","image":"lime-juice.png"},{"id":11165,"name":"cilantro","localizedName":"cilantro","image":"cilantro.png"},{"id":12087,"name":"cashews","localizedName":"cashews","image":"cashews.jpg"},{"id":10214106,"name":"sherry","localizedName":"sherry","image":"dry-sherry.png"},{"id":0,"name":"sauce","localizedName":"sauce","image":""}],"equipment":[{"id":404645,"name":"frying pan","localizedName":"frying pan","image":"pan.png"}],"length":{"number":5,"unit":"minutes"}},{"number":2,"step":"Add the cleaned crabmeat and cornstarch mixture and cook for 1 minute.Meanwhile, in a large wok over high heat, add the peanut oil. When oil is hot, add the garlic, ginger, chile, and crab pieces and stir-fry for 3 to 4 minutes.","ingredients":[{"id":20027,"name":"corn starch","localizedName":"corn starch","image":"white-powder.jpg"},{"id":4042,"name":"peanut oil","localizedName":"peanut oil","image":"peanut-oil.jpg"},{"id":10015136,"name":"crabmeat","localizedName":"crabmeat","image":"crabmeat.jpg"},{"id":11215,"name":"garlic","localizedName":"garlic","image":"garlic.png"},{"id":11216,"name":"ginger","localizedName":"ginger","image":"ginger.png"},{"id":11819,"name":"chili pepper","localizedName":"chili pepper","image":"red-chili.jpg"},{"id":15136,"name":"crab","localizedName":"crab","image":"crabmeat.jpg"},{"id":4582,"name":"cooking oil","localizedName":"cooking oil","image":"vegetable-oil.jpg"}],"equipment":[{"id":404666,"name":"wok","localizedName":"wok","image":"wok.png"}],"length":{"number":4,"unit":"minutes"}},{"number":3,"step":"Serve crab pieces with sauce over top and steamed bok choy on the side. Be careful to not to eat any pieces of shell!","ingredients":[{"id":11116,"name":"bok choy","localizedName":"bok choy","image":"bok-choy.jpg"},{"id":0,"name":"sauce","localizedName":"sauce","image":""},{"id":15136,"name":"crab","localizedName":"crab","image":"crabmeat.jpg"}],"equipment":[]}]}]
