[{"name":"","steps":[{"number":1,"step":"FOR THE SOUP AND CHICKEN","ingredients":[{"id":5006,"name":"whole chicken","localizedName":"whole chicken","image":"whole-chicken.jpg"},{"id":0,"name":"soup","localizedName":"soup","image":""}],"equipment":[]}]},{"name":"Make Chicken Broth","steps":[{"number":1,"step":"Place rinsed chicken in 2-gallon pot (8 L.), with just enough water to cover. Bring to a vigorous boil; lower to simmer. Skim off foam and impurities; simmer 15 minutes.","ingredients":[{"id":5006,"name":"whole chicken","localizedName":"whole chicken","image":"whole-chicken.jpg"},{"id":14412,"name":"water","localizedName":"water","image":"water.png"}],"equipment":[{"id":404752,"name":"pot","localizedName":"pot","image":"stock-pot.jpg"}],"length":{"number":15,"unit":"minutes"}},{"number":2,"step":"Remove pot from heat, cover tightly, and leave undisturbed at room temperature for 45 minutes (an instant-read thermometer should read 165F / 74 C at the thickest part of the chicken).","ingredients":[{"id":5006,"name":"whole chicken","localizedName":"whole chicken","image":"whole-chicken.jpg"}],"equipment":[{"id":404789,"name":"kitchen thermometer","localizedName":"kitchen thermometer","image":"food-thermometer.jpg"},{"id":404752,"name":"pot","localizedName":"pot","image":"stock-pot.jpg"}],"length":{"number":45,"unit":"minutes"}},{"number":3,"step":"Carefully lift chicken from poaching liquid and plunge into a large container/pot/bowl of ice water. Leave in water for 15 minutes to stop cooking and firm up meat. Using your hands, pull off skin and discard.","ingredients":[{"id":14412,"name":"water","localizedName":"water","image":"water.png"},{"id":5006,"name":"whole chicken","localizedName":"whole chicken","image":"whole-chicken.jpg"},{"id":1065062,"name":"meat","localizedName":"meat","image":"whole-chicken.jpg"}],"equipment":[{"id":404783,"name":"bowl","localizedName":"bowl","image":"bowl.jpg"},{"id":404752,"name":"pot","localizedName":"pot","image":"stock-pot.jpg"}],"length":{"number":15,"unit":"minutes"}},{"number":4,"step":"Pull meat off breast and thighs into 1/4to 1/2-inch (.6 to 1.3 cm.) thick strips, transfer to covered container and reserve at room temperature (you will have more than needed for the recipe).","ingredients":[{"id":1065062,"name":"meat","localizedName":"meat","image":"whole-chicken.jpg"}],"equipment":[]},{"number":5,"step":"Combine bones, thighs and poaching liquid back in the pot.","ingredients":[],"equipment":[{"id":404752,"name":"pot","localizedName":"pot","image":"stock-pot.jpg"}]},{"number":6,"step":"Add ginger, onion, garlic, peppercorns and salt; simmer one hour to make a broth. Strain through fine wire mesh sieve. Taste and season well with salt.","ingredients":[{"id":1022030,"name":"peppercorns","localizedName":"peppercorns","image":"black-pepper.png"},{"id":11215,"name":"garlic","localizedName":"garlic","image":"garlic.png"},{"id":11216,"name":"ginger","localizedName":"ginger","image":"ginger.png"},{"id":1006615,"name":"broth","localizedName":"broth","image":"chicken-broth.png"},{"id":11282,"name":"onion","localizedName":"onion","image":"brown-onion.png"},{"id":2047,"name":"salt","localizedName":"salt","image":"salt.jpg"}],"equipment":[{"id":405600,"name":"sieve","localizedName":"sieve","image":"strainer.png"}],"length":{"number":60,"unit":"minutes"}},{"number":7,"step":"FOR THE SOUP GARNISHES","ingredients":[{"id":0,"name":"soup","localizedName":"soup","image":""}],"equipment":[]},{"number":8,"step":"Soak noodles in lukewarm water 10 minutes, drain; peel apart into individual strands. Poach shrimp in chicken broth until just cooked; peel, devein and halve lengthwise. Blanch whole bunches of choy sum in boiling water; transfer to a bowl of ice water for 30 seconds, squeeze dry, and cut into 2 to 3-inch pieces (5 to 7 cm.).","ingredients":[{"id":6194,"name":"chicken broth","localizedName":"chicken broth","image":"chicken-broth.png"},{"id":14412,"name":"water","localizedName":"water","image":"water.png"},{"id":99215,"name":"choy sum","localizedName":"choy sum","image":"choy-sum.jpg"},{"id":20420,"name":"pasta","localizedName":"pasta","image":"fusilli.jpg"},{"id":15270,"name":"shrimp","localizedName":"shrimp","image":"shrimp.png"}],"equipment":[{"id":404783,"name":"bowl","localizedName":"bowl","image":"bowl.jpg"}],"length":{"number":10,"unit":"minutes"}},{"number":9,"step":"FOR THE CHILI SOY SAUCE","ingredients":[{"id":16124,"name":"soy sauce","localizedName":"soy sauce","image":"soy-sauce.jpg"},{"id":11819,"name":"chili pepper","localizedName":"chili pepper","image":"red-chili.jpg"}],"equipment":[]},{"number":10,"step":"Combine soy sauce, sesame oil and chilies, spoon mixture into individual bowls for each person.","ingredients":[{"id":4058,"name":"sesame oil","localizedName":"sesame oil","image":"sesame-oil.png"},{"id":16124,"name":"soy sauce","localizedName":"soy sauce","image":"soy-sauce.jpg"},{"id":11819,"name":"chili pepper","localizedName":"chili pepper","image":"red-chili.jpg"}],"equipment":[{"id":404783,"name":"bowl","localizedName":"bowl","image":"bowl.jpg"}]},{"number":11,"step":"ASSEMBLY OF MALAYSIAN CHICKEN NOODLE SOUP BOWLS","ingredients":[{"id":0,"name":"chicken noodle soup","localizedName":"chicken noodle soup","image":""}],"equipment":[{"id":404783,"name":"bowl","localizedName":"bowl","image":"bowl.jpg"}]},{"number":12,"step":"Bring seasoned broth up to a near boil. Have all ingredients ready, and have a pot of water boiling to reheat the noodles.","ingredients":[{"id":20420,"name":"pasta","localizedName":"pasta","image":"fusilli.jpg"},{"id":1006615,"name":"broth","localizedName":"broth","image":"chicken-broth.png"},{"id":14412,"name":"water","localizedName":"water","image":"water.png"}],"equipment":[{"id":404752,"name":"pot","localizedName":"pot","image":"stock-pot.jpg"}]},{"number":13,"step":"Reheat noodles in boiling water for 15 seconds.","ingredients":[{"id":20420,"name":"pasta","localizedName":"pasta","image":"fusilli.jpg"},{"id":14412,"name":"water","localizedName":"water","image":"water.png"}],"equipment":[]},{"number":14,"step":"Drain, and distribute into 4 to 6 Asian soup bowls. Top noodles with chicken meat, shrimp, and choy sum. Ladle about 1 1/2 to 2 cups of broth into each bowl.","ingredients":[{"id":1015006,"name":"chicken meat","localizedName":"chicken meat","image":"chicken-breasts.png"},{"id":99215,"name":"choy sum","localizedName":"choy sum","image":"choy-sum.jpg"},{"id":20420,"name":"pasta","localizedName":"pasta","image":"fusilli.jpg"},{"id":15270,"name":"shrimp","localizedName":"shrimp","image":"shrimp.png"},{"id":1006615,"name":"broth","localizedName":"broth","image":"chicken-broth.png"},{"id":0,"name":"soup","localizedName":"soup","image":""}],"equipment":[{"id":404783,"name":"bowl","localizedName":"bowl","image":"bowl.jpg"},{"id":404630,"name":"ladle","localizedName":"ladle","image":"ladle.jpg"}]},{"number":15,"step":"Sprinkle with scallions; serve with small dishes of chili-soy sauce. This sauce is used for dipping the subtly-flavored chicken, but can also be added to the soup.","ingredients":[{"id":11291,"name":"green onions","localizedName":"green onions","image":"spring-onions.jpg"},{"id":16124,"name":"soy sauce","localizedName":"soy sauce","image":"soy-sauce.jpg"},{"id":5006,"name":"whole chicken","localizedName":"whole chicken","image":"whole-chicken.jpg"},{"id":11819,"name":"chili pepper","localizedName":"chili pepper","image":"red-chili.jpg"},{"id":0,"name":"sauce","localizedName":"sauce","image":""},{"id":0,"name":"soup","localizedName":"soup","image":""}],"equipment":[]}]}]
