[{"name":"","steps":[{"number":1,"step":"Heat 2 tablespoons extra-virgin olive oil in heavy large skillet over medium heat.","ingredients":[{"id":1034053,"name":"extra virgin olive oil","localizedName":"extra virgin olive oil","image":"olive-oil.jpg"}],"equipment":[{"id":404645,"name":"frying pan","localizedName":"frying pan","image":"pan.png"}]},{"number":2,"step":"Add sausages. Cover skillet and cook until sausages are brown and cooked through, about 8 minutes per side.","ingredients":[{"id":1017063,"name":"sausage","localizedName":"sausage","image":"raw-pork-sausage.png"}],"equipment":[{"id":404645,"name":"frying pan","localizedName":"frying pan","image":"pan.png"}],"length":{"number":8,"unit":"minutes"}},{"number":3,"step":"Transfer sausages to plate; tent with foil to keep warm.","ingredients":[{"id":1017063,"name":"sausage","localizedName":"sausage","image":"raw-pork-sausage.png"}],"equipment":[{"id":404765,"name":"aluminum foil","localizedName":"aluminum foil","image":"aluminum-foil.png"}]},{"number":4,"step":"Add garlic to drippings in same skillet and stir 30 seconds.","ingredients":[{"id":11215,"name":"garlic","localizedName":"garlic","image":"garlic.png"}],"equipment":[{"id":404645,"name":"frying pan","localizedName":"frying pan","image":"pan.png"}]},{"number":5,"step":"Add broccoli rabe and 1/2 cup broth. Cover skillet and cook until broccoli rabe is crisp-tender, about 8 minutes.","ingredients":[{"id":11096,"name":"broccoli rabe","localizedName":"broccoli rabe","image":"broccoli-rabe.jpg"},{"id":1006615,"name":"broth","localizedName":"broth","image":"chicken-broth.png"}],"equipment":[{"id":404645,"name":"frying pan","localizedName":"frying pan","image":"pan.png"}],"length":{"number":8,"unit":"minutes"}},{"number":6,"step":"Meanwhile, heat 2 tablespoons oil in heavy large saucepan over medium heat.","ingredients":[{"id":4582,"name":"cooking oil","localizedName":"cooking oil","image":"vegetable-oil.jpg"}],"equipment":[{"id":404669,"name":"sauce pan","localizedName":"sauce pan","image":"sauce-pan.jpg"}]},{"number":7,"step":"Add polenta; mash with potato masher until smooth.","ingredients":[{"id":10035137,"name":"polenta","localizedName":"polenta","image":"cornmeal.png"},{"id":11352,"name":"potato","localizedName":"potato","image":"potatoes-yukon-gold.png"}],"equipment":[{"id":404763,"name":"potato masher","localizedName":"potato masher","image":"potato-masher.jpg"}]},{"number":8,"step":"Mix in remaining 1/2 cup broth and cheese. Simmer until polenta is warmed through, about 5 minutes. Season polenta with salt and pepper.","ingredients":[{"id":1102047,"name":"salt and pepper","localizedName":"salt and pepper","image":"salt-and-pepper.jpg"},{"id":10035137,"name":"polenta","localizedName":"polenta","image":"cornmeal.png"},{"id":1041009,"name":"cheese","localizedName":"cheese","image":"cheddar-cheese.png"},{"id":1006615,"name":"broth","localizedName":"broth","image":"chicken-broth.png"}],"equipment":[],"length":{"number":5,"unit":"minutes"}},{"number":9,"step":"Spoon polenta onto 2 plates. Top with sausages and broccoli rabe.","ingredients":[{"id":11096,"name":"broccoli rabe","localizedName":"broccoli rabe","image":"broccoli-rabe.jpg"},{"id":1017063,"name":"sausage","localizedName":"sausage","image":"raw-pork-sausage.png"},{"id":10035137,"name":"polenta","localizedName":"polenta","image":"cornmeal.png"}],"equipment":[]}]}]
