[{"name":"","steps":[{"number":1,"step":"Place broccoli rabe and salt in a large pot of boiling water. Cook 12 minutes, or until stems are tender.","ingredients":[{"id":11096,"name":"broccoli rabe","localizedName":"broccoli rabe","image":"broccoli-rabe.jpg"},{"id":14412,"name":"water","localizedName":"water","image":"water.png"},{"id":2047,"name":"salt","localizedName":"salt","image":"salt.jpg"}],"equipment":[{"id":404752,"name":"pot","localizedName":"pot","image":"stock-pot.jpg"}],"length":{"number":12,"unit":"minutes"}},{"number":2,"step":"Drain, reserving 1 cup of liquid.","ingredients":[],"equipment":[]},{"number":3,"step":"Heat 3 tablespoons olive oil in a medium saucepan over medium-high heat, and cook sausage 10 minutes, or until evenly browned.","ingredients":[{"id":4053,"name":"olive oil","localizedName":"olive oil","image":"olive-oil.jpg"},{"id":1017063,"name":"sausage","localizedName":"sausage","image":"raw-pork-sausage.png"}],"equipment":[{"id":404669,"name":"sauce pan","localizedName":"sauce pan","image":"sauce-pan.jpg"}],"length":{"number":10,"unit":"minutes"}},{"number":4,"step":"Remove sausage from saucepan. Stir garlic into saucepan, and cook approximately 30 seconds.","ingredients":[{"id":1017063,"name":"sausage","localizedName":"sausage","image":"raw-pork-sausage.png"},{"id":11215,"name":"garlic","localizedName":"garlic","image":"garlic.png"}],"equipment":[{"id":404669,"name":"sauce pan","localizedName":"sauce pan","image":"sauce-pan.jpg"}]},{"number":5,"step":"Place broccoli rabe and reserved cup of liquid in pan, and mix in 1/2 the lemon juice. Return sausage to pan, and allow the mixture to simmer approximately 10 minutes.","ingredients":[{"id":11096,"name":"broccoli rabe","localizedName":"broccoli rabe","image":"broccoli-rabe.jpg"},{"id":9152,"name":"lemon juice","localizedName":"lemon juice","image":"lemon-juice.jpg"},{"id":1017063,"name":"sausage","localizedName":"sausage","image":"raw-pork-sausage.png"}],"equipment":[{"id":404645,"name":"frying pan","localizedName":"frying pan","image":"pan.png"}],"length":{"number":10,"unit":"minutes"}},{"number":6,"step":"Mix in remaining olive oil and lemon juice before serving.","ingredients":[{"id":9152,"name":"lemon juice","localizedName":"lemon juice","image":"lemon-juice.jpg"},{"id":4053,"name":"olive oil","localizedName":"olive oil","image":"olive-oil.jpg"}],"equipment":[]}]}]
