[{"name":"","steps":[{"number":1,"step":"Preheat the oven to 35","ingredients":[],"equipment":[{"id":404784,"name":"oven","localizedName":"oven","image":"oven.jpg"}]},{"number":2,"step":"Spread the walnuts in a pie plate and toast for 8 minutes, until fragrant and lightly golden; let cool. Chop 2 tablespoons of the walnuts.","ingredients":[{"id":12155,"name":"walnuts","localizedName":"walnuts","image":"walnuts.jpg"},{"id":0,"name":"spread","localizedName":"spread","image":""},{"id":18070,"name":"toast","localizedName":"toast","image":"toast"}],"equipment":[],"length":{"number":8,"unit":"minutes"}},{"number":3,"step":"In a large pot of boiling salted water, cook the broccoli rabe until tender, about 3 minutes.","ingredients":[{"id":11096,"name":"broccoli rabe","localizedName":"broccoli rabe","image":"broccoli-rabe.jpg"},{"id":14412,"name":"water","localizedName":"water","image":"water.png"}],"equipment":[{"id":404752,"name":"pot","localizedName":"pot","image":"stock-pot.jpg"}],"length":{"number":3,"unit":"minutes"}},{"number":4,"step":"Drain and let cool under cold water. Squeeze out the excess water and coarsely chop the broccoli rabe.","ingredients":[{"id":11096,"name":"broccoli rabe","localizedName":"broccoli rabe","image":"broccoli-rabe.jpg"},{"id":14412,"name":"water","localizedName":"water","image":"water.png"}],"equipment":[]},{"number":5,"step":"In a food processor, mince the garlic.","ingredients":[{"id":11215,"name":"garlic","localizedName":"garlic","image":"garlic.png"},{"id":0,"name":"ground meat","localizedName":"ground meat","image":"fresh-ground-beef.jpg"}],"equipment":[{"id":404771,"name":"food processor","localizedName":"food processor","image":"food-processor.png"}]},{"number":6,"step":"Add the 1/3 cup of walnuts; pulse until coarsely chopped.","ingredients":[{"id":12155,"name":"walnuts","localizedName":"walnuts","image":"walnuts.jpg"}],"equipment":[]},{"number":7,"step":"Add the broccoli rabe, olive oil and crushed red pepper and process until the broccoli rabe is very finely chopped.","ingredients":[{"id":1032009,"name":"red pepper flakes","localizedName":"red pepper flakes","image":"red-pepper-flakes.jpg"},{"id":11096,"name":"broccoli rabe","localizedName":"broccoli rabe","image":"broccoli-rabe.jpg"},{"id":4053,"name":"olive oil","localizedName":"olive oil","image":"olive-oil.jpg"}],"equipment":[]},{"number":8,"step":"Add the 1/3 cup of pecorino and pulse until just combined. Season with salt and pepper. Scrape the pesto into a large bowl.","ingredients":[{"id":1102047,"name":"salt and pepper","localizedName":"salt and pepper","image":"salt-and-pepper.jpg"},{"id":1038,"name":"pecorino","localizedName":"pecorino","image":"parmesan.jpg"},{"id":93698,"name":"pesto","localizedName":"pesto","image":"basil-pesto.png"}],"equipment":[{"id":404783,"name":"bowl","localizedName":"bowl","image":"bowl.jpg"}]},{"number":9,"step":"In a large pot of boiling salted water, cook the linguine until al dente.","ingredients":[{"id":10720420,"name":"linguine","localizedName":"linguine","image":"spaghetti.jpg"},{"id":14412,"name":"water","localizedName":"water","image":"water.png"}],"equipment":[{"id":404752,"name":"pot","localizedName":"pot","image":"stock-pot.jpg"}]},{"number":10,"step":"Drain, reserving 3/4 cup of the pasta cooking water.","ingredients":[{"id":20420,"name":"pasta","localizedName":"pasta","image":"fusilli.jpg"},{"id":14412,"name":"water","localizedName":"water","image":"water.png"}],"equipment":[]},{"number":11,"step":"Add the linguine to the pesto sauce, then stir in the reserved cooking water and toss until the pasta is well coated with the pesto sauce.","ingredients":[{"id":93698,"name":"pesto","localizedName":"pesto","image":"basil-pesto.png"},{"id":10720420,"name":"linguine","localizedName":"linguine","image":"spaghetti.jpg"},{"id":20420,"name":"pasta","localizedName":"pasta","image":"fusilli.jpg"},{"id":14412,"name":"water","localizedName":"water","image":"water.png"}],"equipment":[]},{"number":12,"step":"Sprinkle with the chopped walnuts and serve at once, passing more pecorino at the table.","ingredients":[{"id":10112155,"name":"walnut pieces","localizedName":"walnut pieces","image":"walnuts.jpg"},{"id":1038,"name":"pecorino","localizedName":"pecorino","image":"parmesan.jpg"}],"equipment":[]}]}]
