[{"name":"","steps":[{"number":1,"step":"Put the cornmeal into a bowl. Slowly add 3 cups of water, stirring with a wooden spoon as you do so.","ingredients":[{"id":35137,"name":"cornmeal","localizedName":"cornmeal","image":"cornmeal.png"},{"id":14412,"name":"water","localizedName":"water","image":"water.png"}],"equipment":[{"id":404732,"name":"wooden spoon","localizedName":"wooden spoon","image":"wooden-spoon.jpg"},{"id":404783,"name":"bowl","localizedName":"bowl","image":"bowl.jpg"}]},{"number":2,"step":"Put 4 1/2 cups water into a large pot and bring to a boil over medium high heat.","ingredients":[{"id":14412,"name":"water","localizedName":"water","image":"water.png"}],"equipment":[{"id":404752,"name":"pot","localizedName":"pot","image":"stock-pot.jpg"}]},{"number":3,"step":"Add the salt. Stir the cornmeal mixture again and then slowly pour it into the boiling water, stirring with a wooden spoon as you do so. Bring to a boil, stirring all the time. The mixture will thicken very quickly into a homogeneous paste. Quickly pour this paste into the baking dish, smooth over the top with the back of your wooden spoon, cover, and bake for 50 minutes.","ingredients":[{"id":35137,"name":"cornmeal","localizedName":"cornmeal","image":"cornmeal.png"},{"id":14412,"name":"water","localizedName":"water","image":"water.png"},{"id":2047,"name":"salt","localizedName":"salt","image":"salt.jpg"}],"equipment":[{"id":404732,"name":"wooden spoon","localizedName":"wooden spoon","image":"wooden-spoon.jpg"},{"id":404646,"name":"baking pan","localizedName":"baking pan","image":"roasting-pan.jpg"},{"id":404784,"name":"oven","localizedName":"oven","image":"oven.jpg"}],"length":{"number":50,"unit":"minutes"}},{"number":4,"step":"Serve as is (perhaps stirring in a small slice of butter or some grated cheese) or cool, cover, and refrigerate. Polenta that has cooled will firm up and may be toasted or fried.","ingredients":[{"id":10035137,"name":"polenta","localizedName":"polenta","image":"cornmeal.png"},{"id":1001,"name":"butter","localizedName":"butter","image":"butter-sliced.jpg"},{"id":1041009,"name":"cheese","localizedName":"cheese","image":"cheddar-cheese.png"}],"equipment":[]},{"number":5,"step":"Broccoli Rabe with Garlic","ingredients":[{"id":11096,"name":"broccoli rabe","localizedName":"broccoli rabe","image":"broccoli-rabe.jpg"},{"id":11215,"name":"garlic","localizedName":"garlic","image":"garlic.png"}],"equipment":[]},{"number":6,"step":"- serves 4 -","ingredients":[],"equipment":[]},{"number":7,"step":"Cut the coarse stems off the broccoli rabe and wash it well. Bring a large pot of water to a rolling boil. Put 2 teaspoons salt into the water and then add the broccoli rabe. Cover, bring to a boil again, and boil rapidly for 2 minutes, or until just tender.","ingredients":[{"id":11096,"name":"broccoli rabe","localizedName":"broccoli rabe","image":"broccoli-rabe.jpg"},{"id":14412,"name":"water","localizedName":"water","image":"water.png"},{"id":2047,"name":"salt","localizedName":"salt","image":"salt.jpg"}],"equipment":[{"id":404752,"name":"pot","localizedName":"pot","image":"stock-pot.jpg"}],"length":{"number":2,"unit":"minutes"}},{"number":8,"step":"Drain and rinse immediately under cold running water.","ingredients":[{"id":14412,"name":"water","localizedName":"water","image":"water.png"}],"equipment":[]},{"number":9,"step":"Drain and set aside until just before eating.","ingredients":[],"equipment":[]},{"number":10,"step":"Put the oil and garlic into a large frying pan and set over medium heat. When the oil begins to sizzle and the garlic turns a light golden color, put in the broccoli rabe.","ingredients":[{"id":11096,"name":"broccoli rabe","localizedName":"broccoli rabe","image":"broccoli-rabe.jpg"},{"id":11215,"name":"garlic","localizedName":"garlic","image":"garlic.png"},{"id":4582,"name":"cooking oil","localizedName":"cooking oil","image":"vegetable-oil.jpg"}],"equipment":[{"id":404645,"name":"frying pan","localizedName":"frying pan","image":"pan.png"}]},{"number":11,"step":"Sprinkle with about 1/2 teaspoon salt and the chile flakes and stir gently to mix. Turn the heat to low and turn the greens gently until heated through.","ingredients":[{"id":1032009,"name":"red pepper flakes","localizedName":"red pepper flakes","image":"red-pepper-flakes.jpg"},{"id":21052,"name":"greens","localizedName":"greens","image":"mixed-greens-or-mesclun.jpg"},{"id":2047,"name":"salt","localizedName":"salt","image":"salt.jpg"}],"equipment":[]}]}]
