[{"name":"","steps":[{"number":1,"step":"Heat the oil in a wok or skillet over high heat.","ingredients":[{"id":4582,"name":"cooking oil","localizedName":"cooking oil","image":"vegetable-oil.jpg"}],"equipment":[{"id":404645,"name":"frying pan","localizedName":"frying pan","image":"pan.png"},{"id":404666,"name":"wok","localizedName":"wok","image":"wok.png"}]},{"number":2,"step":"Add the shallots and saute for 3 minutes.","ingredients":[{"id":11677,"name":"shallot","localizedName":"shallot","image":"shallots.jpg"}],"equipment":[],"length":{"number":3,"unit":"minutes"}},{"number":3,"step":"Add the carrots and stir fry for 3 minutes.","ingredients":[{"id":11124,"name":"carrot","localizedName":"carrot","image":"sliced-carrot.png"}],"equipment":[],"length":{"number":3,"unit":"minutes"}},{"number":4,"step":"Add the green beans and stir fry for 2 minutes.","ingredients":[{"id":11052,"name":"green beans","localizedName":"green beans","image":"green-beans-or-string-beans.jpg"}],"equipment":[],"length":{"number":2,"unit":"minutes"}},{"number":5,"step":"Add the bok choy and stir fry for 2 minutes.","ingredients":[{"id":11116,"name":"bok choy","localizedName":"bok choy","image":"bok-choy.jpg"}],"equipment":[],"length":{"number":2,"unit":"minutes"}},{"number":6,"step":"Add the broth and simmer for 2 minutes.","ingredients":[{"id":1006615,"name":"broth","localizedName":"broth","image":"chicken-broth.png"}],"equipment":[],"length":{"number":2,"unit":"minutes"}},{"number":7,"step":"Add the soy sauce and serve.","ingredients":[{"id":16124,"name":"soy sauce","localizedName":"soy sauce","image":"soy-sauce.jpg"}],"equipment":[]}]}]
