[{"name":"","steps":[{"number":1,"step":"Heat a medium soup pot over medium-high heat.","ingredients":[{"id":0,"name":"soup","localizedName":"soup","image":""}],"equipment":[{"id":404752,"name":"pot","localizedName":"pot","image":"stock-pot.jpg"}]},{"number":2,"step":"Add vegetable oil, 3 turns of the pan, crushed red pepper flakes, garlic, ginger, mushrooms, and bok choy, then season with salt and pepper.","ingredients":[{"id":1032009,"name":"red pepper flakes","localizedName":"red pepper flakes","image":"red-pepper-flakes.jpg"},{"id":1102047,"name":"salt and pepper","localizedName":"salt and pepper","image":"salt-and-pepper.jpg"},{"id":4669,"name":"vegetable oil","localizedName":"vegetable oil","image":"vegetable-oil.jpg"},{"id":11260,"name":"mushrooms","localizedName":"mushrooms","image":"mushrooms.png"},{"id":11116,"name":"bok choy","localizedName":"bok choy","image":"bok-choy.jpg"},{"id":11215,"name":"garlic","localizedName":"garlic","image":"garlic.png"},{"id":11216,"name":"ginger","localizedName":"ginger","image":"ginger.png"}],"equipment":[{"id":404645,"name":"frying pan","localizedName":"frying pan","image":"pan.png"}]},{"number":3,"step":"Add chicken broth and seafood stock or clam juice. Put a lid on the pot and bring soup to a boil.","ingredients":[{"id":6194,"name":"chicken broth","localizedName":"chicken broth","image":"chicken-broth.png"},{"id":6963,"name":"seafood stock","localizedName":"seafood stock","image":"chicken-broth.png"},{"id":14187,"name":"clam juice","localizedName":"clam juice","image":"clam-juice.png"},{"id":0,"name":"soup","localizedName":"soup","image":""}],"equipment":[{"id":404752,"name":"pot","localizedName":"pot","image":"stock-pot.jpg"}]},{"number":4,"step":"Add shrimp and noodles and cook 3 minutes.","ingredients":[{"id":20420,"name":"pasta","localizedName":"pasta","image":"fusilli.jpg"},{"id":15270,"name":"shrimp","localizedName":"shrimp","image":"shrimp.png"}],"equipment":[],"length":{"number":3,"unit":"minutes"}},{"number":5,"step":"Add in scallions and cook 2 minutes, then turn off soup and let it sit 2 to 3 minutes more. Adjust salt and serve.","ingredients":[{"id":11291,"name":"green onions","localizedName":"green onions","image":"spring-onions.jpg"},{"id":2047,"name":"salt","localizedName":"salt","image":"salt.jpg"},{"id":0,"name":"soup","localizedName":"soup","image":""}],"equipment":[],"length":{"number":4,"unit":"minutes"}}]}]
