[{"name":"","steps":[{"number":1,"step":"Get all your ingredients chopped and ready to go. Rub the crushed peppercorns into the pork slices.","ingredients":[{"id":1022030,"name":"peppercorns","localizedName":"peppercorns","image":"black-pepper.png"},{"id":10073,"name":"cooked pork","localizedName":"cooked pork","image":"pulled-pork.png"},{"id":1012034,"name":"dry seasoning rub","localizedName":"dry seasoning rub","image":"seasoning.png"}],"equipment":[]},{"number":2,"step":"Heat your wok and a frying pan to make them as hot as you can.","ingredients":[],"equipment":[{"id":404645,"name":"frying pan","localizedName":"frying pan","image":"pan.png"},{"id":404666,"name":"wok","localizedName":"wok","image":"wok.png"}]},{"number":3,"step":"Add the oils to the hot wok and fry the ginger, chilli and mushrooms for 1 minute until slightly colored. Throw in the pepper, spring onions, pak choi, garlic and bean sprouts, and stir-fry until wilted.","ingredients":[{"id":11291,"name":"spring onions","localizedName":"spring onions","image":"spring-onions.jpg"},{"id":11043,"name":"bean sprouts","localizedName":"bean sprouts","image":"bean-sprouts.jpg"},{"id":11260,"name":"mushrooms","localizedName":"mushrooms","image":"mushrooms.png"},{"id":11116,"name":"bok choy","localizedName":"bok choy","image":"bok-choy.jpg"},{"id":11819,"name":"chili pepper","localizedName":"chili pepper","image":"red-chili.jpg"},{"id":11215,"name":"garlic","localizedName":"garlic","image":"garlic.png"},{"id":11216,"name":"ginger","localizedName":"ginger","image":"ginger.png"},{"id":1002030,"name":"pepper","localizedName":"pepper","image":"pepper.jpg"}],"equipment":[{"id":404666,"name":"wok","localizedName":"wok","image":"wok.png"}],"length":{"number":1,"unit":"minutes"}},{"number":4,"step":"Add the noodles, fish and oyster sauces, cilantro and stock. Stir-fry for 2 to 3 minutes until steaming hot. Taste and season with soy sauce.","ingredients":[{"id":16124,"name":"soy sauce","localizedName":"soy sauce","image":"soy-sauce.jpg"},{"id":11165,"name":"cilantro","localizedName":"cilantro","image":"cilantro.png"},{"id":20420,"name":"pasta","localizedName":"pasta","image":"fusilli.jpg"},{"id":15167,"name":"oysters","localizedName":"oysters","image":"oysters.jpg"},{"id":1006615,"name":"stock","localizedName":"stock","image":"chicken-broth.png"},{"id":10115261,"name":"fish","localizedName":"fish","image":"fish-fillet.jpg"}],"equipment":[],"length":{"number":2,"unit":"minutes"}},{"number":5,"step":"Meanwhile, drizzle a little sunflower oil into the hot frying pan and fry the pork for 2 minutes each side, or until cooked through and golden.","ingredients":[{"id":4584,"name":"sunflower oil","localizedName":"sunflower oil","image":"vegetable-oil.jpg"},{"id":10010219,"name":"pork","localizedName":"pork","image":"pork-tenderloin-raw.png"}],"equipment":[{"id":404645,"name":"frying pan","localizedName":"frying pan","image":"pan.png"}],"length":{"number":2,"unit":"minutes"}},{"number":6,"step":"Remove from the heat and serve with the stir fry.","ingredients":[],"equipment":[]},{"number":7,"step":"var article","ingredients":[],"equipment":[]},{"number":8,"step":"Type_27_data = {};","ingredients":[],"equipment":[]},{"number":9,"step":"article","ingredients":[],"equipment":[]},{"number":10,"step":"Type_27_data.init_step_by_step_images = 0;","ingredients":[],"equipment":[]}]}]
