[{"name":"","steps":[{"number":1,"step":"Cook broccoli rabe in boiling water 1 1/2 minutes; drain and rinse with cold water.","ingredients":[{"id":11096,"name":"broccoli rabe","localizedName":"broccoli rabe","image":"broccoli-rabe.jpg"},{"id":14412,"name":"water","localizedName":"water","image":"water.png"}],"equipment":[],"length":{"number":2,"unit":"minutes"}},{"number":2,"step":"Drain well.","ingredients":[],"equipment":[]},{"number":3,"step":"Place in a large bowl. Set aside.","ingredients":[],"equipment":[{"id":404783,"name":"bowl","localizedName":"bowl","image":"bowl.jpg"}]},{"number":4,"step":"Heat a large skillet over medium-high heat.","ingredients":[],"equipment":[{"id":404645,"name":"frying pan","localizedName":"frying pan","image":"pan.png"}]},{"number":5,"step":"Add 1 tablespoon olive oil to pan; swirl to coat.","ingredients":[{"id":4053,"name":"olive oil","localizedName":"olive oil","image":"olive-oil.jpg"}],"equipment":[{"id":404645,"name":"frying pan","localizedName":"frying pan","image":"pan.png"}]},{"number":6,"step":"Add sausage; cook for 6 minutes or until browned, stirring to crumble.","ingredients":[{"id":1017063,"name":"sausage","localizedName":"sausage","image":"raw-pork-sausage.png"}],"equipment":[],"length":{"number":6,"unit":"minutes"}},{"number":7,"step":"Add grapes, 1/8 teaspoon salt, and 1/8 teaspoon pepper; cook for 2 minutes or until grapes begin to soften.","ingredients":[{"id":9132,"name":"grapes","localizedName":"grapes","image":"red-grapes.jpg"},{"id":1002030,"name":"pepper","localizedName":"pepper","image":"pepper.jpg"},{"id":2047,"name":"salt","localizedName":"salt","image":"salt.jpg"}],"equipment":[],"length":{"number":2,"unit":"minutes"}},{"number":8,"step":"Add sausage mixture to broccoli rabe.","ingredients":[{"id":11096,"name":"broccoli rabe","localizedName":"broccoli rabe","image":"broccoli-rabe.jpg"},{"id":1017063,"name":"sausage","localizedName":"sausage","image":"raw-pork-sausage.png"}],"equipment":[]},{"number":9,"step":"Return pan to medium-high heat.","ingredients":[],"equipment":[{"id":404645,"name":"frying pan","localizedName":"frying pan","image":"pan.png"}]},{"number":10,"step":"Add remaining 1 tablespoon oil to pan; swirl to coat.","ingredients":[{"id":4582,"name":"cooking oil","localizedName":"cooking oil","image":"vegetable-oil.jpg"}],"equipment":[{"id":404645,"name":"frying pan","localizedName":"frying pan","image":"pan.png"}]},{"number":11,"step":"Add onion; cook 2 minutes or until soft.","ingredients":[{"id":11282,"name":"onion","localizedName":"onion","image":"brown-onion.png"}],"equipment":[],"length":{"number":2,"unit":"minutes"}},{"number":12,"step":"Add garlic; cook 30 seconds or until fragrant.","ingredients":[{"id":11215,"name":"garlic","localizedName":"garlic","image":"garlic.png"}],"equipment":[]},{"number":13,"step":"Add wine; cook 2 minutes or until liquid almost evaporates.","ingredients":[{"id":14084,"name":"wine","localizedName":"wine","image":"red-wine.jpg"}],"equipment":[],"length":{"number":2,"unit":"minutes"}},{"number":14,"step":"Add remaining 1/8 teaspoon salt, remaining 1/8 teaspoon pepper, sausage mixture, and vinegar. Toss to combine; cook 1 minute or until thoroughly heated.","ingredients":[{"id":1017063,"name":"sausage","localizedName":"sausage","image":"raw-pork-sausage.png"},{"id":2053,"name":"vinegar","localizedName":"vinegar","image":"vinegar-(white).jpg"},{"id":1002030,"name":"pepper","localizedName":"pepper","image":"pepper.jpg"},{"id":2047,"name":"salt","localizedName":"salt","image":"salt.jpg"}],"equipment":[],"length":{"number":1,"unit":"minutes"}},{"number":15,"step":"Sprinkle with cheese; serve immediately.","ingredients":[{"id":1041009,"name":"cheese","localizedName":"cheese","image":"cheddar-cheese.png"}],"equipment":[]}]}]
