[{"name":"","steps":[{"number":1,"step":"Remove any blemished outside stalks from the greens.","ingredients":[{"id":21052,"name":"greens","localizedName":"greens","image":"mixed-greens-or-mesclun.jpg"}],"equipment":[]},{"number":2,"step":"Put the spinach to one side so that you can add it to the wok or pan at the last minute, as it cooks very quickly. Prepare the rest of the Chinese greens; i normally cut the Chinese broccoli into strips and the bok choy into quarters. Plunge the greens into boiling water for about 1 1/2 minutes until just tender, and drain well.","ingredients":[{"id":11116,"name":"bok choy","localizedName":"bok choy","image":"bok-choy.jpg"},{"id":11090,"name":"broccoli","localizedName":"broccoli","image":"broccoli.jpg"},{"id":10011457,"name":"spinach","localizedName":"spinach","image":"spinach.jpg"},{"id":21052,"name":"greens","localizedName":"greens","image":"mixed-greens-or-mesclun.jpg"},{"id":14412,"name":"water","localizedName":"water","image":"water.png"}],"equipment":[{"id":404645,"name":"frying pan","localizedName":"frying pan","image":"pan.png"},{"id":404666,"name":"wok","localizedName":"wok","image":"wok.png"}],"length":{"number":2,"unit":"minutes"}},{"number":3,"step":"Put the oil and the ginger into a very large, hot wok or other suitable pan and cook for about 30 seconds.","ingredients":[{"id":11216,"name":"ginger","localizedName":"ginger","image":"ginger.png"},{"id":4582,"name":"cooking oil","localizedName":"cooking oil","image":"vegetable-oil.jpg"}],"equipment":[{"id":404645,"name":"frying pan","localizedName":"frying pan","image":"pan.png"},{"id":404666,"name":"wok","localizedName":"wok","image":"wok.png"}]},{"number":4,"step":"Add the scallions and the rest of the ingredients apart from the seasoning. Stir, then add the spinach and toss so that everything is coated in sauce. The vegetables will sizzle and stir-fry. The oyster and soy sauce will reduce, just coating the greens. At this point season to taste. Stir-fry for a further minute and serve immediately.","ingredients":[{"id":11583,"name":"vegetable","localizedName":"vegetable","image":"mixed-vegetables.png"},{"id":11291,"name":"green onions","localizedName":"green onions","image":"spring-onions.jpg"},{"id":1042027,"name":"seasoning","localizedName":"seasoning","image":"seasoning.png"},{"id":16124,"name":"soy sauce","localizedName":"soy sauce","image":"soy-sauce.jpg"},{"id":10011457,"name":"spinach","localizedName":"spinach","image":"spinach.jpg"},{"id":21052,"name":"greens","localizedName":"greens","image":"mixed-greens-or-mesclun.jpg"},{"id":15167,"name":"oysters","localizedName":"oysters","image":"oysters.jpg"},{"id":0,"name":"sauce","localizedName":"sauce","image":""}],"equipment":[]}]}]
