[{"name":"","steps":[{"number":1,"step":"In a large soup pot over medium heat add the scallion white parts, ginger, garlic, and sesame oil. Cook for 1 minute and add 8 cups water. Rinse the kombu and add it to the pot along with the bonito flakes. Bring it to a simmer and cook for 10 minutes - do not let it boil.","ingredients":[{"id":98898,"name":"bonito flakes","localizedName":"bonito flakes","image":"bonito-fish-flakes.jpg"},{"id":4058,"name":"sesame oil","localizedName":"sesame oil","image":"sesame-oil.png"},{"id":11291,"name":"green onions","localizedName":"green onions","image":"spring-onions.jpg"},{"id":11215,"name":"garlic","localizedName":"garlic","image":"garlic.png"},{"id":11216,"name":"ginger","localizedName":"ginger","image":"ginger.png"},{"id":11445,"name":"kombu","localizedName":"kombu","image":"kombu.jpg"},{"id":14412,"name":"water","localizedName":"water","image":"water.png"},{"id":0,"name":"soup","localizedName":"soup","image":""}],"equipment":[{"id":404752,"name":"pot","localizedName":"pot","image":"stock-pot.jpg"}],"length":{"number":11,"unit":"minutes"}},{"number":2,"step":"Remove the kombu and set it aside.","ingredients":[{"id":11445,"name":"kombu","localizedName":"kombu","image":"kombu.jpg"}],"equipment":[]},{"number":3,"step":"Add the dried mushrooms and miso to the pot and let it simmer gently for 10 to 15 minutes, or until the mushrooms are hydrated and tender.","ingredients":[{"id":0,"name":"dried mushrooms","localizedName":"dried mushrooms","image":"mushrooms.png"},{"id":11260,"name":"mushrooms","localizedName":"mushrooms","image":"mushrooms.png"},{"id":16112,"name":"miso","localizedName":"miso","image":"miso.jpg"}],"equipment":[{"id":404752,"name":"pot","localizedName":"pot","image":"stock-pot.jpg"}],"length":{"number":10,"unit":"minutes"}},{"number":4,"step":"Add the bok choy and simmer until it is tender, about 10 minutes.","ingredients":[{"id":11116,"name":"bok choy","localizedName":"bok choy","image":"bok-choy.jpg"}],"equipment":[],"length":{"number":10,"unit":"minutes"}},{"number":5,"step":"Add the tofu and cook for another 5 minutes. Ladle into bowls and garnish with the reserved green parts of scallions.","ingredients":[{"id":11291,"name":"green onions","localizedName":"green onions","image":"spring-onions.jpg"},{"id":16213,"name":"tofu","localizedName":"tofu","image":"tofu.png"}],"equipment":[{"id":404783,"name":"bowl","localizedName":"bowl","image":"bowl.jpg"},{"id":404630,"name":"ladle","localizedName":"ladle","image":"ladle.jpg"}],"length":{"number":5,"unit":"minutes"}}]}]
