[{"name":"","steps":[{"number":1,"step":"Watch how to make this recipe.","ingredients":[],"equipment":[]},{"number":2,"step":"In a medium pot, bring a few inches of water to a boil over medium heat, then salt the water. Trim the broccoli rabe and cut it into 1 1/2 to 2-inch lengths. Simmer in boiling water to reduce the bitterness, about 4 to 5 minutes, then cold shock in ice water and drain very well.","ingredients":[{"id":11096,"name":"broccoli rabe","localizedName":"broccoli rabe","image":"broccoli-rabe.jpg"},{"id":14412,"name":"water","localizedName":"water","image":"water.png"},{"id":2047,"name":"salt","localizedName":"salt","image":"salt.jpg"}],"equipment":[{"id":404752,"name":"pot","localizedName":"pot","image":"stock-pot.jpg"}],"length":{"number":4,"unit":"minutes"}},{"number":3,"step":"Heat a Dutch oven or large soup pot over medium-high heat with extra-virgin olive oil, a turn of the pan.","ingredients":[{"id":1034053,"name":"extra virgin olive oil","localizedName":"extra virgin olive oil","image":"olive-oil.jpg"},{"id":0,"name":"soup","localizedName":"soup","image":""}],"equipment":[{"id":404667,"name":"dutch oven","localizedName":"dutch oven","image":"dutch-oven.jpg"},{"id":404645,"name":"frying pan","localizedName":"frying pan","image":"pan.png"}]},{"number":4,"step":"Add the sausage and brown and crumble, 7 to 8 minutes.","ingredients":[{"id":1017063,"name":"sausage","localizedName":"sausage","image":"raw-pork-sausage.png"}],"equipment":[],"length":{"number":7,"unit":"minutes"}},{"number":5,"step":"Add the onions, garlic and chile and cook a few minutes more.","ingredients":[{"id":11215,"name":"garlic","localizedName":"garlic","image":"garlic.png"},{"id":11282,"name":"onion","localizedName":"onion","image":"brown-onion.png"},{"id":11819,"name":"chili pepper","localizedName":"chili pepper","image":"red-chili.jpg"}],"equipment":[]},{"number":6,"step":"Add the thyme and lemon zest, then add broccoli rabe and season with a little nutmeg. Stir in the stock and the water and bring to a boil. Simmer a few minutes to combine the flavors. Turn off the heat, cool and store for a make-ahead meal. Reheat the stoup over low heat and bring to a low boil.","ingredients":[{"id":11096,"name":"broccoli rabe","localizedName":"broccoli rabe","image":"broccoli-rabe.jpg"},{"id":9156,"name":"lemon zest","localizedName":"lemon zest","image":"zest-lemon.jpg"},{"id":2025,"name":"nutmeg","localizedName":"nutmeg","image":"ground-nutmeg.jpg"},{"id":1006615,"name":"stock","localizedName":"stock","image":"chicken-broth.png"},{"id":2049,"name":"thyme","localizedName":"thyme","image":"thyme.jpg"},{"id":14412,"name":"water","localizedName":"water","image":"water.png"}],"equipment":[]},{"number":7,"step":"Add the pasta and cook to al dente, about 10 minutes. Ladle the stoup in shallow bowls and garnish with cheese.","ingredients":[{"id":1041009,"name":"cheese","localizedName":"cheese","image":"cheddar-cheese.png"},{"id":20420,"name":"pasta","localizedName":"pasta","image":"fusilli.jpg"}],"equipment":[{"id":404783,"name":"bowl","localizedName":"bowl","image":"bowl.jpg"},{"id":404630,"name":"ladle","localizedName":"ladle","image":"ladle.jpg"}],"length":{"number":10,"unit":"minutes"}},{"number":8,"step":"Serve with crusty bread for mopping.","ingredients":[{"id":10018029,"name":"crusty bread","localizedName":"crusty bread","image":"crusty-bread.jpg"}],"equipment":[]}]}]
