[{"name":"","steps":[{"number":1,"step":"Watch how to make this recipe.","ingredients":[],"equipment":[]},{"number":2,"step":"Arrange bok choy and red pepper in bottom of slow cooker. Season 4 chicken breast halves all over with salt and black pepper and place on top of bok choy.","ingredients":[{"id":1045062,"name":"chicken breast halves","localizedName":"chicken breast halves","image":"chicken-breasts.png"},{"id":1102047,"name":"salt and pepper","localizedName":"salt and pepper","image":"salt-and-pepper.jpg"},{"id":11821,"name":"red pepper","localizedName":"red pepper","image":"red-pepper.jpg"},{"id":11116,"name":"bok choy","localizedName":"bok choy","image":"bok-choy.jpg"}],"equipment":[{"id":404718,"name":"slow cooker","localizedName":"slow cooker","image":"slow-cooker.jpg"}]},{"number":3,"step":"In a small bowl, whisk together broth, sake, sesame oil, ginger, and curry paste.","ingredients":[{"id":93605,"name":"curry paste","localizedName":"curry paste","image":"chili-paste.png"},{"id":4058,"name":"sesame oil","localizedName":"sesame oil","image":"sesame-oil.png"},{"id":11216,"name":"ginger","localizedName":"ginger","image":"ginger.png"},{"id":1006615,"name":"broth","localizedName":"broth","image":"chicken-broth.png"},{"id":43479,"name":"sake","localizedName":"sake","image":"sake.png"}],"equipment":[{"id":404661,"name":"whisk","localizedName":"whisk","image":"whisk.png"},{"id":404783,"name":"bowl","localizedName":"bowl","image":"bowl.jpg"}]},{"number":4,"step":"Pour mixture over chicken. Cover and cook on LOW for 6 to 8 hours or HIGH for 3 to 4 hours.","ingredients":[{"id":5006,"name":"whole chicken","localizedName":"whole chicken","image":"whole-chicken.jpg"}],"equipment":[],"length":{"number":720,"unit":"minutes"}},{"number":5,"step":"In a small skillet toast flaked coconut on low heat until lightly toasted, about 5 to 8 minutes. To a medium saucepan, add rice and coconut milk and set pan over medium-high heat, bring to a simmer for 5 minutes.","ingredients":[{"id":12108,"name":"coconut flakes","localizedName":"coconut flakes","image":"coconut-flakes.png"},{"id":12118,"name":"coconut milk","localizedName":"coconut milk","image":"coconut-milk.png"},{"id":18070,"name":"toast","localizedName":"toast","image":"toast"},{"id":20444,"name":"rice","localizedName":"rice","image":"uncooked-white-rice.png"}],"equipment":[{"id":404669,"name":"sauce pan","localizedName":"sauce pan","image":"sauce-pan.jpg"},{"id":404645,"name":"frying pan","localizedName":"frying pan","image":"pan.png"}],"length":{"number":10,"unit":"minutes"}},{"number":6,"step":"Remove from heat and let stand 5 minutes. Stir in toasted coconut. Set aside 1 1/2 cups for another recipe.","ingredients":[{"id":12104,"name":"coconut","localizedName":"coconut","image":"coconut.jpg"}],"equipment":[],"length":{"number":5,"unit":"minutes"}},{"number":7,"step":"Spoon rice onto a serving platter. Top with chicken, bok choy, bell peppers and sauce from slow cooker.","ingredients":[{"id":10211821,"name":"bell pepper","localizedName":"bell pepper","image":"bell-pepper-orange.png"},{"id":11116,"name":"bok choy","localizedName":"bok choy","image":"bok-choy.jpg"},{"id":5006,"name":"whole chicken","localizedName":"whole chicken","image":"whole-chicken.jpg"},{"id":0,"name":"sauce","localizedName":"sauce","image":""},{"id":20444,"name":"rice","localizedName":"rice","image":"uncooked-white-rice.png"}],"equipment":[{"id":404718,"name":"slow cooker","localizedName":"slow cooker","image":"slow-cooker.jpg"}]},{"number":8,"step":"Garnish with cilantro.","ingredients":[{"id":11165,"name":"cilantro","localizedName":"cilantro","image":"cilantro.png"}],"equipment":[]}]}]
