[{"name":"","steps":[{"number":1,"step":"Combine bok choy, red bell pepper, and scallions in a large bowl.","ingredients":[{"id":11821,"name":"red pepper","localizedName":"red pepper","image":"red-pepper.jpg"},{"id":11291,"name":"green onions","localizedName":"green onions","image":"spring-onions.jpg"},{"id":11116,"name":"bok choy","localizedName":"bok choy","image":"bok-choy.jpg"}],"equipment":[{"id":404783,"name":"bowl","localizedName":"bowl","image":"bowl.jpg"}]},{"number":2,"step":"In a smaller bowl, whisk together red pepper flakes (or chile paste), mustard, apple cider vinegar, garlic, ginger, sugar, salt, and oil.","ingredients":[{"id":2048,"name":"apple cider vinegar","localizedName":"apple cider vinegar","image":"apple-cider-vinegar.jpg"},{"id":1032009,"name":"red pepper flakes","localizedName":"red pepper flakes","image":"red-pepper-flakes.jpg"},{"id":6973,"name":"chili paste","localizedName":"chili paste","image":"chili-paste.png"},{"id":2046,"name":"mustard","localizedName":"mustard","image":"regular-mustard.jpg"},{"id":11215,"name":"garlic","localizedName":"garlic","image":"garlic.png"},{"id":11216,"name":"ginger","localizedName":"ginger","image":"ginger.png"},{"id":19335,"name":"sugar","localizedName":"sugar","image":"sugar-in-bowl.png"},{"id":2047,"name":"salt","localizedName":"salt","image":"salt.jpg"},{"id":4582,"name":"cooking oil","localizedName":"cooking oil","image":"vegetable-oil.jpg"}],"equipment":[{"id":404661,"name":"whisk","localizedName":"whisk","image":"whisk.png"},{"id":404783,"name":"bowl","localizedName":"bowl","image":"bowl.jpg"}]},{"number":3,"step":"Pour this spicy dressing over the chopped vegetables, and toss well.  Refrigerate for 1 hour, then toss again. Taste salad, and add more chile paste, salt, or sugar to taste before serving.","ingredients":[{"id":6973,"name":"chili paste","localizedName":"chili paste","image":"chili-paste.png"},{"id":11583,"name":"vegetable","localizedName":"vegetable","image":"mixed-vegetables.png"},{"id":19335,"name":"sugar","localizedName":"sugar","image":"sugar-in-bowl.png"},{"id":2047,"name":"salt","localizedName":"salt","image":"salt.jpg"}],"equipment":[],"length":{"number":60,"unit":"minutes"}}]}]
