[{"name":"","steps":[{"number":1,"step":"Preheat the oven to 42","ingredients":[],"equipment":[{"id":404784,"name":"oven","localizedName":"oven","image":"oven.jpg"}]},{"number":2,"step":"Lightly oil an 8-by-11 1/2-inch or 9-by-13-inch baking dish. In a medium saucepan, bring the chicken stock and 2 cups of water to a boil.","ingredients":[{"id":6172,"name":"chicken stock","localizedName":"chicken stock","image":"chicken-broth.png"},{"id":14412,"name":"water","localizedName":"water","image":"water.png"},{"id":4582,"name":"cooking oil","localizedName":"cooking oil","image":"vegetable-oil.jpg"}],"equipment":[{"id":404646,"name":"baking pan","localizedName":"baking pan","image":"roasting-pan.jpg"},{"id":404669,"name":"sauce pan","localizedName":"sauce pan","image":"sauce-pan.jpg"}]},{"number":3,"step":"Add 1 teaspoon of salt. Gradually whisk in the cornmeal until smooth. Cook over moderate heat, stirring with a wooden spoon, until thickened, about 10 minutes.","ingredients":[{"id":35137,"name":"cornmeal","localizedName":"cornmeal","image":"cornmeal.png"},{"id":2047,"name":"salt","localizedName":"salt","image":"salt.jpg"}],"equipment":[{"id":404732,"name":"wooden spoon","localizedName":"wooden spoon","image":"wooden-spoon.jpg"},{"id":404661,"name":"whisk","localizedName":"whisk","image":"whisk.png"}],"length":{"number":10,"unit":"minutes"}},{"number":4,"step":"Pour the polenta into the baking dish and smooth the top; brush with 1 tablespoon of olive oil.","ingredients":[{"id":4053,"name":"olive oil","localizedName":"olive oil","image":"olive-oil.jpg"},{"id":10035137,"name":"polenta","localizedName":"polenta","image":"cornmeal.png"}],"equipment":[{"id":404646,"name":"baking pan","localizedName":"baking pan","image":"roasting-pan.jpg"}]},{"number":5,"step":"Bake for 1 hour and 15 minutes, until the top and bottom are golden and crusty.","ingredients":[],"equipment":[{"id":404784,"name":"oven","localizedName":"oven","image":"oven.jpg"}],"length":{"number":75,"unit":"minutes"}},{"number":6,"step":"Meanwhile, in a large, deep skillet, heat the remaining 3 tablespoons of olive oil until shimmering.","ingredients":[{"id":4053,"name":"olive oil","localizedName":"olive oil","image":"olive-oil.jpg"}],"equipment":[{"id":404645,"name":"frying pan","localizedName":"frying pan","image":"pan.png"}]},{"number":7,"step":"Add the pancetta and cook over moderately high heat until golden, 4 to 5 minutes.","ingredients":[{"id":10410123,"name":"pancetta","localizedName":"pancetta","image":"pancetta.png"}],"equipment":[],"length":{"number":4,"unit":"minutes"}},{"number":8,"step":"Add the onion, garlic and crushed red pepper and cook until the onion softens.","ingredients":[{"id":1032009,"name":"red pepper flakes","localizedName":"red pepper flakes","image":"red-pepper-flakes.jpg"},{"id":11215,"name":"garlic","localizedName":"garlic","image":"garlic.png"},{"id":11282,"name":"onion","localizedName":"onion","image":"brown-onion.png"}],"equipment":[]},{"number":9,"step":"Add the broccoli rabe and the remaining 1/4 cup of water, season with salt and pepper and toss gently. Cover and cook until softened, 5 minutes. Uncover and cook, stirring occasionally, until the water has evaporated and the broccoli rabe is tender, 2 minutes longer.","ingredients":[{"id":1102047,"name":"salt and pepper","localizedName":"salt and pepper","image":"salt-and-pepper.jpg"},{"id":11096,"name":"broccoli rabe","localizedName":"broccoli rabe","image":"broccoli-rabe.jpg"},{"id":14412,"name":"water","localizedName":"water","image":"water.png"}],"equipment":[],"length":{"number":7,"unit":"minutes"}},{"number":10,"step":"Cut the polenta into 6 pieces and transfer to plates. Stir half of the Pecorino into the broccoli rabe and spoon it over the polenta.","ingredients":[{"id":11096,"name":"broccoli rabe","localizedName":"broccoli rabe","image":"broccoli-rabe.jpg"},{"id":1038,"name":"pecorino","localizedName":"pecorino","image":"parmesan.jpg"},{"id":10035137,"name":"polenta","localizedName":"polenta","image":"cornmeal.png"}],"equipment":[]},{"number":11,"step":"Sprinkle with the remaining Pecorino and serve.","ingredients":[{"id":1038,"name":"pecorino","localizedName":"pecorino","image":"parmesan.jpg"}],"equipment":[]}]}]
