[{"name":"","steps":[{"number":1,"step":"Preheat oven to 400°F.","ingredients":[],"equipment":[{"id":404784,"name":"oven","localizedName":"oven","image":"oven.jpg","temperature":{"number":400.0,"unit":"Fahrenheit"}}]},{"number":2,"step":"Cook broccoli rabe in boiling salted water 5 minutes, then drain in a colander.","ingredients":[{"id":11096,"name":"broccoli rabe","localizedName":"broccoli rabe","image":"broccoli-rabe.jpg"},{"id":14412,"name":"water","localizedName":"water","image":"water.png"}],"equipment":[{"id":404639,"name":"colander","localizedName":"colander","image":"colander.jpg"}],"length":{"number":5,"unit":"minutes"}},{"number":3,"step":"Meanwhile, cook sausage meat in an ovenproof heavy skillet (preferably cast-iron) over moderately high heat, breaking up meat with a spoon, until browned and crisp.","ingredients":[{"id":7063,"name":"ground pork sausage","localizedName":"ground pork sausage","image":"meat-ground.jpg"},{"id":1065062,"name":"meat","localizedName":"meat","image":"whole-chicken.jpg"}],"equipment":[{"id":404645,"name":"frying pan","localizedName":"frying pan","image":"pan.png"}]},{"number":4,"step":"Transfer with a slotted spoon to a large bowl.","ingredients":[],"equipment":[{"id":404636,"name":"slotted spoon","localizedName":"slotted spoon","image":"slotted-spoon.jpg"},{"id":404783,"name":"bowl","localizedName":"bowl","image":"bowl.jpg"}]},{"number":5,"step":"Add oil and garlic to skillet and cook over moderate heat, stirring, until garlic is golden, about 1 minute.","ingredients":[{"id":11215,"name":"garlic","localizedName":"garlic","image":"garlic.png"},{"id":4582,"name":"cooking oil","localizedName":"cooking oil","image":"vegetable-oil.jpg"}],"equipment":[{"id":404645,"name":"frying pan","localizedName":"frying pan","image":"pan.png"}],"length":{"number":1,"unit":"minutes"}},{"number":6,"step":"Add broccoli rabe and cook, stirring, 3 minutes.","ingredients":[{"id":11096,"name":"broccoli rabe","localizedName":"broccoli rabe","image":"broccoli-rabe.jpg"}],"equipment":[],"length":{"number":3,"unit":"minutes"}},{"number":7,"step":"Add salt, then pepper to taste.","ingredients":[{"id":1002030,"name":"pepper","localizedName":"pepper","image":"pepper.jpg"},{"id":2047,"name":"salt","localizedName":"salt","image":"salt.jpg"}],"equipment":[]},{"number":8,"step":"Add to sausage with spaghetti, cheese, and eggs. Toss well and spoon mixture into skillet, spreading to smooth top.","ingredients":[{"id":11420420,"name":"spaghetti","localizedName":"spaghetti","image":"spaghetti.jpg"},{"id":1017063,"name":"sausage","localizedName":"sausage","image":"raw-pork-sausage.png"},{"id":1041009,"name":"cheese","localizedName":"cheese","image":"cheddar-cheese.png"},{"id":1123,"name":"egg","localizedName":"egg","image":"egg.png"}],"equipment":[{"id":404645,"name":"frying pan","localizedName":"frying pan","image":"pan.png"}]},{"number":9,"step":"Bake in middle of oven until center is set but still moist, 20 to 25 minutes.","ingredients":[],"equipment":[{"id":404784,"name":"oven","localizedName":"oven","image":"oven.jpg"}],"length":{"number":20,"unit":"minutes"}},{"number":10,"step":"Let stand 5 minutes before cutting into wedges.","ingredients":[],"equipment":[],"length":{"number":5,"unit":"minutes"}}]}]
