[{"name":"","steps":[{"number":1,"step":"Bring 1-inch of water to a boil in a deep skillet.","ingredients":[{"id":14412,"name":"water","localizedName":"water","image":"water.png"}],"equipment":[{"id":404645,"name":"frying pan","localizedName":"frying pan","image":"pan.png"}]},{"number":2,"step":"Add rabe, season with salt, and cover pan. Reduce heat to simmer and cook 10 minutes.","ingredients":[{"id":2047,"name":"salt","localizedName":"salt","image":"salt.jpg"}],"equipment":[{"id":404645,"name":"frying pan","localizedName":"frying pan","image":"pan.png"}],"length":{"number":10,"unit":"minutes"}},{"number":3,"step":"Drain rabe.","ingredients":[],"equipment":[]},{"number":4,"step":"Return pan to heat and saute garlic and red pepper flakes in oil over moderate heat for 1 to 2 minutes.","ingredients":[{"id":1032009,"name":"red pepper flakes","localizedName":"red pepper flakes","image":"red-pepper-flakes.jpg"},{"id":11215,"name":"garlic","localizedName":"garlic","image":"garlic.png"},{"id":4582,"name":"cooking oil","localizedName":"cooking oil","image":"vegetable-oil.jpg"}],"equipment":[{"id":404645,"name":"frying pan","localizedName":"frying pan","image":"pan.png"}],"length":{"number":1,"unit":"minutes"}},{"number":5,"step":"Add rabe, coat in garlic oil. Cook rabe in garlic oil for 2 minutes and remove from heat.","ingredients":[{"id":1004053,"name":"garlic oil","localizedName":"garlic oil","image":"garlic-oil.jpg"}],"equipment":[],"length":{"number":2,"unit":"minutes"}},{"number":6,"step":"Squeeze the juice of lemon over the pan and sprinkle in zest. Toss rabe to distribute lemon flavor and transfer broccoli rabe to serving dish.","ingredients":[{"id":9152,"name":"lemon juice","localizedName":"lemon juice","image":"lemon-juice.jpg"},{"id":11096,"name":"broccoli rabe","localizedName":"broccoli rabe","image":"broccoli-rabe.jpg"},{"id":9150,"name":"lemon","localizedName":"lemon","image":"lemon.png"}],"equipment":[{"id":404645,"name":"frying pan","localizedName":"frying pan","image":"pan.png"}]}]}]
