[{"name":"","steps":[{"number":1,"step":"Blend 1 garlic clove and next 7 ingredients in mini processor. Arrange salmon in 11x7x2-inch glass baking dish. Spoon marinade over.","ingredients":[{"id":10211215,"name":"whole garlic cloves","localizedName":"whole garlic cloves","image":"garlic.jpg"},{"id":0,"name":"marinade","localizedName":"marinade","image":"seasoning.png"},{"id":15076,"name":"salmon","localizedName":"salmon","image":"salmon.png"}],"equipment":[{"id":406921,"name":"glass baking pan","localizedName":"glass baking pan","image":"glass-baking-tray.jpg"}]},{"number":2,"step":"Let marinate 5 minutes.","ingredients":[],"equipment":[],"length":{"number":5,"unit":"minutes"}},{"number":3,"step":"Preheat oven to 500°F. Arrange fish, with some marinade still clinging, on rimmed baking sheet.","ingredients":[{"id":0,"name":"marinade","localizedName":"marinade","image":"seasoning.png"},{"id":10115261,"name":"fish","localizedName":"fish","image":"fish-fillet.jpg"}],"equipment":[{"id":404727,"name":"baking sheet","localizedName":"baking sheet","image":"baking-sheet.jpg"},{"id":404784,"name":"oven","localizedName":"oven","image":"oven.jpg","temperature":{"number":500.0,"unit":"Fahrenheit"}}]},{"number":4,"step":"Transfer any marinade in dish to small saucepan. Roast fish until just opaque in center, about 8 minutes. Bring marinade in saucepan to boil; set aside and reserve for glaze.","ingredients":[{"id":0,"name":"marinade","localizedName":"marinade","image":"seasoning.png"},{"id":0,"name":"glaze","localizedName":"glaze","image":""},{"id":10115261,"name":"fish","localizedName":"fish","image":"fish-fillet.jpg"}],"equipment":[{"id":404669,"name":"sauce pan","localizedName":"sauce pan","image":"sauce-pan.jpg"}],"length":{"number":8,"unit":"minutes"}},{"number":5,"step":"Meanwhile, heat oil in large nonstick skillet over high heat.","ingredients":[{"id":4582,"name":"cooking oil","localizedName":"cooking oil","image":"vegetable-oil.jpg"}],"equipment":[{"id":404645,"name":"frying pan","localizedName":"frying pan","image":"pan.png"}]},{"number":6,"step":"Add bok choy and mushrooms; using garlic press, press in 1 garlic clove. Stir-fry until mushrooms are tender and bok choy is wilted, about 4 minutes. Season with salt and pepper.","ingredients":[{"id":1102047,"name":"salt and pepper","localizedName":"salt and pepper","image":"salt-and-pepper.jpg"},{"id":10211215,"name":"whole garlic cloves","localizedName":"whole garlic cloves","image":"garlic.jpg"},{"id":11260,"name":"mushrooms","localizedName":"mushrooms","image":"mushrooms.png"},{"id":11116,"name":"bok choy","localizedName":"bok choy","image":"bok-choy.jpg"},{"id":11215,"name":"garlic","localizedName":"garlic","image":"garlic.png"}],"equipment":[{"id":404627,"name":"garlic press","localizedName":"garlic press","image":"garlic-press.jpg"}],"length":{"number":4,"unit":"minutes"}},{"number":7,"step":"Divide vegetables among plates. Top with salmon.","ingredients":[{"id":11583,"name":"vegetable","localizedName":"vegetable","image":"mixed-vegetables.png"},{"id":15076,"name":"salmon","localizedName":"salmon","image":"salmon.png"}],"equipment":[]},{"number":8,"step":"Brush fish with glaze.","ingredients":[{"id":0,"name":"glaze","localizedName":"glaze","image":""},{"id":10115261,"name":"fish","localizedName":"fish","image":"fish-fillet.jpg"}],"equipment":[]}]}]
