[{"name":"","steps":[{"number":1,"step":"Place the stock, ginger, garlic and green onions in a large pot; bring to a boil. Reduce the heat, cover, and simmer for 30 minutes. Soak the noodles in warm water until softened; drain.","ingredients":[{"id":11291,"name":"green onions","localizedName":"green onions","image":"spring-onions.jpg"},{"id":20420,"name":"pasta","localizedName":"pasta","image":"fusilli.jpg"},{"id":11215,"name":"garlic","localizedName":"garlic","image":"garlic.png"},{"id":11216,"name":"ginger","localizedName":"ginger","image":"ginger.png"},{"id":1006615,"name":"stock","localizedName":"stock","image":"chicken-broth.png"},{"id":14412,"name":"water","localizedName":"water","image":"water.png"}],"equipment":[{"id":404752,"name":"pot","localizedName":"pot","image":"stock-pot.jpg"}],"length":{"number":30,"unit":"minutes"}},{"number":2,"step":"Cut into bite-size lengths.","ingredients":[],"equipment":[]},{"number":3,"step":"Cut the greens into bite-size pieces.","ingredients":[{"id":21052,"name":"greens","localizedName":"greens","image":"mixed-greens-or-mesclun.jpg"}],"equipment":[]},{"number":4,"step":"Cut the lamb into paper-thin, bite-size slices. Arrange the noodles, lamb and vegetables on a large platter. Cover and chill until ready to cook. Reheat the broth to simmering. Set a Mongolian hot pot or electric wok in the center of a table.","ingredients":[{"id":11583,"name":"vegetable","localizedName":"vegetable","image":"mixed-vegetables.png"},{"id":20420,"name":"pasta","localizedName":"pasta","image":"fusilli.jpg"},{"id":1006615,"name":"broth","localizedName":"broth","image":"chicken-broth.png"},{"id":10017224,"name":"lamb","localizedName":"lamb","image":"lamb-shanks.jpg"}],"equipment":[{"id":404752,"name":"pot","localizedName":"pot","image":"stock-pot.jpg"},{"id":404666,"name":"wok","localizedName":"wok","image":"wok.png"}]},{"number":5,"step":"Pour the broth into the pot and adjust the heat so that the broth simmers gently. The guests use chopsticks or Chinese wire strainers to cook the lamb and vegetable slices in the simmering broth, and then dip into the sauce of their choice. After the meat and vegetables are consumed, guests add the noodles and any remaining greens to the broth to make the soup. *Note: the success of this dish depends on starting with a full-flavored stock or broth.","ingredients":[{"id":11583,"name":"vegetable","localizedName":"vegetable","image":"mixed-vegetables.png"},{"id":20420,"name":"pasta","localizedName":"pasta","image":"fusilli.jpg"},{"id":21052,"name":"greens","localizedName":"greens","image":"mixed-greens-or-mesclun.jpg"},{"id":1006615,"name":"broth","localizedName":"broth","image":"chicken-broth.png"},{"id":0,"name":"sauce","localizedName":"sauce","image":""},{"id":1006615,"name":"stock","localizedName":"stock","image":"chicken-broth.png"},{"id":10017224,"name":"lamb","localizedName":"lamb","image":"lamb-shanks.jpg"},{"id":1065062,"name":"meat","localizedName":"meat","image":"whole-chicken.jpg"},{"id":0,"name":"soup","localizedName":"soup","image":""},{"id":0,"name":"dip","localizedName":"dip","image":""}],"equipment":[{"id":405596,"name":"chopsticks","localizedName":"chopsticks","image":"chopsticks.jpg"},{"id":404752,"name":"pot","localizedName":"pot","image":"stock-pot.jpg"}]}]},{"name":"Sesame Chile Sauce","steps":[{"number":1,"step":"Mince chiles and garlic finely and place in a mortar. Mash with the heel of a cleaver or pestle.","ingredients":[{"id":11819,"name":"chili pepper","localizedName":"chili pepper","image":"red-chili.jpg"},{"id":11215,"name":"garlic","localizedName":"garlic","image":"garlic.png"},{"id":0,"name":"ground meat","localizedName":"ground meat","image":"fresh-ground-beef.jpg"}],"equipment":[{"id":404632,"name":"cleaver","localizedName":"cleaver","image":"cleaver.jpg"},{"id":404751,"name":"mortar and pestle","localizedName":"mortar and pestle","image":"mortar-and-pestle.jpg"}]},{"number":2,"step":"Add sugar and stir until it dissolves.","ingredients":[{"id":19335,"name":"sugar","localizedName":"sugar","image":"sugar-in-bowl.png"}],"equipment":[]},{"number":3,"step":"Add sesame paste, sesame oil, soy sauce, and black vinegar stirring between each addition.","ingredients":[{"id":1012053,"name":"black vinegar","localizedName":"black vinegar","image":"dark-sauce.jpg"},{"id":4058,"name":"sesame oil","localizedName":"sesame oil","image":"sesame-oil.png"},{"id":16124,"name":"soy sauce","localizedName":"soy sauce","image":"soy-sauce.jpg"},{"id":12023,"name":"sesame seeds","localizedName":"sesame seeds","image":"sesame-seeds.png"}],"equipment":[]}]}]
