[{"name":"","steps":[{"number":1,"step":"Arrange oxtails in single layer in heavy large pot.","ingredients":[{"id":93778,"name":"oxtail","localizedName":"oxtail","image":"ox-tail.png"}],"equipment":[{"id":404752,"name":"pot","localizedName":"pot","image":"stock-pot.jpg"}]},{"number":2,"step":"Add next 8 ingredients, then enough water to cover oxtails by 1/2 inch; bring to boil. Reduce heat to low, partially cover, and simmer until very tender, adding more water by 1/2 cupfuls as needed to keep oxtails covered, about 3 hours. Cool slightly. Chill uncovered until cold, then cover and keep chilled at least 1 day and up to 3 days.","ingredients":[{"id":93778,"name":"oxtail","localizedName":"oxtail","image":"ox-tail.png"},{"id":14412,"name":"water","localizedName":"water","image":"water.png"}],"equipment":[],"length":{"number":180,"unit":"minutes"}},{"number":3,"step":"Spoon off and discard fat from sauce. Rewarm oxtails over low heat.","ingredients":[{"id":93778,"name":"oxtail","localizedName":"oxtail","image":"ox-tail.png"},{"id":0,"name":"sauce","localizedName":"sauce","image":""}],"equipment":[]},{"number":4,"step":"Transfer oxtails to large plate. Boil sauce just until reduced enough to coat spoon thinly (do not reduce too much or sauce may become salty). Discard ginger slices and star anise.","ingredients":[{"id":1012002,"name":"star anise","localizedName":"star anise","image":"star-anise.jpg"},{"id":93778,"name":"oxtail","localizedName":"oxtail","image":"ox-tail.png"},{"id":11216,"name":"ginger","localizedName":"ginger","image":"ginger.png"},{"id":0,"name":"sauce","localizedName":"sauce","image":""}],"equipment":[]},{"number":5,"step":"Meanwhile, cook yu choy in large pot of boiling salted water until just tender, about 4 minutes.","ingredients":[{"id":14412,"name":"water","localizedName":"water","image":"water.png"}],"equipment":[{"id":404752,"name":"pot","localizedName":"pot","image":"stock-pot.jpg"}],"length":{"number":4,"unit":"minutes"}},{"number":6,"step":"Drain well.","ingredients":[],"equipment":[]},{"number":7,"step":"Divide yu choy among shallow bowls. Top with oxtails and sauce and sprinkle with green onions.","ingredients":[{"id":11291,"name":"green onions","localizedName":"green onions","image":"spring-onions.jpg"},{"id":93778,"name":"oxtail","localizedName":"oxtail","image":"ox-tail.png"},{"id":0,"name":"sauce","localizedName":"sauce","image":""}],"equipment":[{"id":404783,"name":"bowl","localizedName":"bowl","image":"bowl.jpg"}]}]}]
