[{"name":"","steps":[{"number":1,"step":"Cook pasta in large saucepan as directed on package, omitting salt and adding broccoli rabe to the boiling water for the last 3 min.","ingredients":[{"id":11096,"name":"broccoli rabe","localizedName":"broccoli rabe","image":"broccoli-rabe.jpg"},{"id":20420,"name":"pasta","localizedName":"pasta","image":"fusilli.jpg"},{"id":14412,"name":"water","localizedName":"water","image":"water.png"},{"id":2047,"name":"salt","localizedName":"salt","image":"salt.jpg"}],"equipment":[{"id":404669,"name":"sauce pan","localizedName":"sauce pan","image":"sauce-pan.jpg"}],"length":{"number":3,"unit":"minutes"}},{"number":2,"step":"Meanwhile, heat oil in large skillet on medium-high heat.","ingredients":[{"id":4582,"name":"cooking oil","localizedName":"cooking oil","image":"vegetable-oil.jpg"}],"equipment":[{"id":404645,"name":"frying pan","localizedName":"frying pan","image":"pan.png"}]},{"number":3,"step":"Add chicken and garlic; cook and stir 6 to 8 min. or until chicken is done.","ingredients":[{"id":5006,"name":"whole chicken","localizedName":"whole chicken","image":"whole-chicken.jpg"},{"id":11215,"name":"garlic","localizedName":"garlic","image":"garlic.png"}],"equipment":[],"length":{"number":6,"unit":"minutes"}},{"number":4,"step":"Drain pasta mixture.","ingredients":[{"id":20420,"name":"pasta","localizedName":"pasta","image":"fusilli.jpg"}],"equipment":[]},{"number":5,"step":"Mix cream cheese spread, milk and Italian seasoning until blended.","ingredients":[{"id":0,"name":"cream cheese spread","localizedName":"cream cheese spread","image":"cream-cheese.jpg"},{"id":1022027,"name":"italian seasoning","localizedName":"italian seasoning","image":"dried-herbs.png"},{"id":1077,"name":"milk","localizedName":"milk","image":"milk.png"}],"equipment":[]},{"number":6,"step":"Add to chicken mixture along with the pasta mixture; mix well.  Cook 2 to 3 min. or until heated through, stirring frequently.","ingredients":[{"id":5006,"name":"whole chicken","localizedName":"whole chicken","image":"whole-chicken.jpg"},{"id":20420,"name":"pasta","localizedName":"pasta","image":"fusilli.jpg"}],"equipment":[],"length":{"number":2,"unit":"minutes"}},{"number":7,"step":"Sprinkle with Parmesan.","ingredients":[{"id":1033,"name":"parmesan","localizedName":"parmesan","image":"parmesan.jpg"}],"equipment":[]}]}]
