[{"name":"","steps":[{"number":1,"step":"Take a large pot of salty water and bring it to a boil.  Cook broccoli rabe in water for 3 to 5 minutes until tender and bright green.","ingredients":[{"id":11096,"name":"broccoli rabe","localizedName":"broccoli rabe","image":"broccoli-rabe.jpg"},{"id":14412,"name":"water","localizedName":"water","image":"water.png"}],"equipment":[{"id":404752,"name":"pot","localizedName":"pot","image":"stock-pot.jpg"}],"length":{"number":3,"unit":"minutes"}},{"number":2,"step":"Drain well in a colander and set aside.In a large saute pan heat a 2 count of extra-virgin olive oil over medium heat.","ingredients":[{"id":1034053,"name":"extra virgin olive oil","localizedName":"extra virgin olive oil","image":"olive-oil.jpg"}],"equipment":[{"id":404639,"name":"colander","localizedName":"colander","image":"colander.jpg"},{"id":404645,"name":"frying pan","localizedName":"frying pan","image":"pan.png"}]},{"number":3,"step":"Add the garlic and pepper flakes then toss in the broccoli rabe.  Season with salt and pepper and cook for 2 to 3 minutes, gently tossing it in the pan.   Finish with the lemon zest and toss to combine.  The broccoli rabe should be tender and fragrant with lemon when done.  Give it 1 final taste and season, if necessary.","ingredients":[{"id":1102047,"name":"salt and pepper","localizedName":"salt and pepper","image":"salt-and-pepper.jpg"},{"id":11096,"name":"broccoli rabe","localizedName":"broccoli rabe","image":"broccoli-rabe.jpg"},{"id":9156,"name":"lemon zest","localizedName":"lemon zest","image":"zest-lemon.jpg"},{"id":11215,"name":"garlic","localizedName":"garlic","image":"garlic.png"},{"id":1002030,"name":"pepper","localizedName":"pepper","image":"pepper.jpg"},{"id":9150,"name":"lemon","localizedName":"lemon","image":"lemon.png"}],"equipment":[{"id":404645,"name":"frying pan","localizedName":"frying pan","image":"pan.png"}],"length":{"number":2,"unit":"minutes"}},{"number":4,"step":"Serve immediately.","ingredients":[],"equipment":[]}]}]
