[{"name":"","steps":[{"number":1,"step":"FIRST Prepare the Barbecued Pork as directed in the recipe.","ingredients":[{"id":10010219,"name":"pork","localizedName":"pork","image":"pork-tenderloin-raw.png"}],"equipment":[]},{"number":2,"step":"SECOND Trim the stem ends and wilted leafy ends of the broccoli rabe and discard. If using Western broccoli, with a sharp paring knife cut away the stem ends and peel away the tough outer skin and separate the florets.","ingredients":[{"id":11096,"name":"broccoli rabe","localizedName":"broccoli rabe","image":"broccoli-rabe.jpg"},{"id":11090,"name":"broccoli","localizedName":"broccoli","image":"broccoli.jpg"}],"equipment":[{"id":404745,"name":"knife","localizedName":"knife","image":"chefs-knife.jpg"}]},{"number":3,"step":"Cut the broccoli stems on the diagonal into 1-inch sections.","ingredients":[{"id":11090,"name":"broccoli","localizedName":"broccoli","image":"broccoli.jpg"}],"equipment":[]},{"number":4,"step":"THIRD Bring 3 quarts of water to a boil, drop in the broccoli, partially cook for 2 minutes, or until just tender, remove with a slotted strainer, and refresh in cold water.","ingredients":[{"id":11090,"name":"broccoli","localizedName":"broccoli","image":"broccoli.jpg"},{"id":14412,"name":"water","localizedName":"water","image":"water.png"}],"equipment":[{"id":405600,"name":"sieve","localizedName":"sieve","image":"strainer.png"}],"length":{"number":2,"unit":"minutes"}},{"number":5,"step":"Drain and set aside. Bring the water back to a boil, add the noodles, stir, and cook 5 to 6 minutes, until nearly tender.","ingredients":[{"id":20420,"name":"pasta","localizedName":"pasta","image":"fusilli.jpg"},{"id":14412,"name":"water","localizedName":"water","image":"water.png"}],"equipment":[],"length":{"number":5,"unit":"minutes"}},{"number":6,"step":"Drain in a colander, rinse lightly to remove the starch, and drain again thoroughly in a colander. Put in a bowl and toss lightly with the mixed toasted sesame and olive oils.","ingredients":[{"id":12023,"name":"sesame seeds","localizedName":"sesame seeds","image":"sesame-seeds.png"},{"id":10020027,"name":"starch","localizedName":"starch","image":""},{"id":9195,"name":"olives","localizedName":"olives","image":"olives-mixed.jpg"}],"equipment":[{"id":404639,"name":"colander","localizedName":"colander","image":"colander.jpg"},{"id":404783,"name":"bowl","localizedName":"bowl","image":"bowl.jpg"}]},{"number":7,"step":"Spread the noodles out on a large baking sheet.","ingredients":[{"id":20420,"name":"pasta","localizedName":"pasta","image":"fusilli.jpg"},{"id":0,"name":"spread","localizedName":"spread","image":""}],"equipment":[{"id":404727,"name":"baking sheet","localizedName":"baking sheet","image":"baking-sheet.jpg"}]},{"number":8,"step":"FOURTH","ingredients":[],"equipment":[]},{"number":9,"step":"Heat the broiler until red-hot.","ingredients":[],"equipment":[{"id":405914,"name":"broiler","localizedName":"broiler","image":"oven.jpg"}]},{"number":10,"step":"Place the noodles 3 inches under the broiler and cook about 10 minutes on each side, until golden brown, flipping them over once. Turn off the broiler and keep the noodles warm in the oven.","ingredients":[{"id":20420,"name":"pasta","localizedName":"pasta","image":"fusilli.jpg"}],"equipment":[{"id":405914,"name":"broiler","localizedName":"broiler","image":"oven.jpg"},{"id":404784,"name":"oven","localizedName":"oven","image":"oven.jpg"}],"length":{"number":10,"unit":"minutes"}},{"number":11,"step":"FIFTH","ingredients":[],"equipment":[]},{"number":12,"step":"Heat a wok or large skillet, add the 2 tablespoons oil, and heat until very hot, about 15 seconds.","ingredients":[{"id":4582,"name":"cooking oil","localizedName":"cooking oil","image":"vegetable-oil.jpg"}],"equipment":[{"id":404645,"name":"frying pan","localizedName":"frying pan","image":"pan.png"},{"id":404666,"name":"wok","localizedName":"wok","image":"wok.png"}]},{"number":13,"step":"Add the garlic, ginger, and scallion greens and stir-fry about 30 seconds, until very fragrant.","ingredients":[{"id":11291,"name":"green onions","localizedName":"green onions","image":"spring-onions.jpg"},{"id":11215,"name":"garlic","localizedName":"garlic","image":"garlic.png"},{"id":11216,"name":"ginger","localizedName":"ginger","image":"ginger.png"}],"equipment":[]},{"number":14,"step":"Add the Sauce and cook over medium heat until it thickens.","ingredients":[{"id":0,"name":"sauce","localizedName":"sauce","image":""}],"equipment":[]},{"number":15,"step":"Add the barbecued pork and cooked broccoli and toss gently in the sauce.","ingredients":[{"id":11090,"name":"broccoli","localizedName":"broccoli","image":"broccoli.jpg"},{"id":0,"name":"sauce","localizedName":"sauce","image":""},{"id":10010219,"name":"pork","localizedName":"pork","image":"pork-tenderloin-raw.png"}],"equipment":[]},{"number":16,"step":"Place the browned noodles on a deep platter or in a large pasta bowl and spoon the pork, broccoli, and sauce on top.","ingredients":[{"id":11090,"name":"broccoli","localizedName":"broccoli","image":"broccoli.jpg"},{"id":20420,"name":"pasta","localizedName":"pasta","image":"fusilli.jpg"},{"id":0,"name":"sauce","localizedName":"sauce","image":""},{"id":10010219,"name":"pork","localizedName":"pork","image":"pork-tenderloin-raw.png"}],"equipment":[{"id":404783,"name":"bowl","localizedName":"bowl","image":"bowl.jpg"}]},{"number":17,"step":"Serve immediately.","ingredients":[],"equipment":[]},{"number":18,"step":"var article","ingredients":[],"equipment":[]},{"number":19,"step":"Type_27_data = {};","ingredients":[],"equipment":[]},{"number":20,"step":"article","ingredients":[],"equipment":[]},{"number":21,"step":"Type_27_data.init_step_by_step_images = 0;","ingredients":[],"equipment":[]}]}]
