[{"name":"","steps":[{"number":1,"step":"Preheat oven to 325 degrees F (165 degrees C).  Wrap tortillas in foil.","ingredients":[{"id":18364,"name":"tortilla","localizedName":"tortilla","image":"flour-tortilla.jpg"},{"id":10018364,"name":"wrap","localizedName":"wrap","image":"flour-tortilla.jpg"}],"equipment":[{"id":404765,"name":"aluminum foil","localizedName":"aluminum foil","image":"aluminum-foil.png"},{"id":404784,"name":"oven","localizedName":"oven","image":"oven.jpg","temperature":{"number":325.0,"unit":"Fahrenheit"}}]},{"number":2,"step":"Heat a large skillet over high heat until very hot.","ingredients":[],"equipment":[{"id":404645,"name":"frying pan","localizedName":"frying pan","image":"pan.png"}]},{"number":3,"step":"Add pork, onion, ginger, and garlic; cook  and stir until pork is brown and onion is tender, about 5 minutes.","ingredients":[{"id":11215,"name":"garlic","localizedName":"garlic","image":"garlic.png"},{"id":11216,"name":"ginger","localizedName":"ginger","image":"ginger.png"},{"id":11282,"name":"onion","localizedName":"onion","image":"brown-onion.png"},{"id":10010219,"name":"pork","localizedName":"pork","image":"pork-tenderloin-raw.png"}],"equipment":[],"length":{"number":5,"unit":"minutes"}},{"number":4,"step":"Mix in bok choy, red bell pepper, and mushrooms; cook and stir until bell pepper is tender-crisp, about 5 minutes.","ingredients":[{"id":11821,"name":"red pepper","localizedName":"red pepper","image":"red-pepper.jpg"},{"id":10211821,"name":"bell pepper","localizedName":"bell pepper","image":"bell-pepper-orange.png"},{"id":11260,"name":"mushrooms","localizedName":"mushrooms","image":"mushrooms.png"},{"id":11116,"name":"bok choy","localizedName":"bok choy","image":"bok-choy.jpg"}],"equipment":[],"length":{"number":5,"unit":"minutes"}},{"number":5,"step":"Remove pan from heat.","ingredients":[],"equipment":[{"id":404645,"name":"frying pan","localizedName":"frying pan","image":"pan.png"}]},{"number":6,"step":"Place tortillas in oven for 8 minutes, or until warm.","ingredients":[{"id":18364,"name":"tortilla","localizedName":"tortilla","image":"flour-tortilla.jpg"}],"equipment":[{"id":404784,"name":"oven","localizedName":"oven","image":"oven.jpg"}],"length":{"number":8,"unit":"minutes"}},{"number":7,"step":"Meanwhile, return pan to high heat source, and mix in bean sprouts, sake, and hoisin and soy sauces; cook and stir until bean sprouts are tender-crisp, about 5 minutes.","ingredients":[{"id":11043,"name":"bean sprouts","localizedName":"bean sprouts","image":"bean-sprouts.jpg"},{"id":6175,"name":"hoisin sauce","localizedName":"hoisin sauce","image":"dark-sauce.jpg"},{"id":43479,"name":"sake","localizedName":"sake","image":"sake.png"}],"equipment":[{"id":404645,"name":"frying pan","localizedName":"frying pan","image":"pan.png"}],"length":{"number":5,"unit":"minutes"}},{"number":8,"step":"Remove tortillas from oven. Divide pork mixture among tortillas, and roll up.","ingredients":[{"id":18364,"name":"tortilla","localizedName":"tortilla","image":"flour-tortilla.jpg"},{"id":10010219,"name":"pork","localizedName":"pork","image":"pork-tenderloin-raw.png"},{"id":0,"name":"roll","localizedName":"roll","image":"dinner-yeast-rolls.jpg"}],"equipment":[{"id":404784,"name":"oven","localizedName":"oven","image":"oven.jpg"}]},{"number":9,"step":"Serve immediately.","ingredients":[],"equipment":[]}]}]
