[{"name":"","steps":[{"number":1,"step":"Preheat the oven to 35","ingredients":[],"equipment":[{"id":404784,"name":"oven","localizedName":"oven","image":"oven.jpg"}]},{"number":2,"step":"Spread the pistachios in a pie plate and toast for about 10 minutes, until fragrant and golden.","ingredients":[{"id":12151,"name":"pistachio nuts","localizedName":"pistachio nuts","image":"pistachios.jpg"},{"id":0,"name":"spread","localizedName":"spread","image":""},{"id":18070,"name":"toast","localizedName":"toast","image":"toast"}],"equipment":[],"length":{"number":10,"unit":"minutes"}},{"number":3,"step":"Let cool to room temperature.","ingredients":[],"equipment":[]},{"number":4,"step":"Meanwhile, bring a large saucepan of salted water to a boil.","ingredients":[{"id":14412,"name":"water","localizedName":"water","image":"water.png"}],"equipment":[{"id":404669,"name":"sauce pan","localizedName":"sauce pan","image":"sauce-pan.jpg"}]},{"number":5,"step":"Add the broccoli rabe and cook until crisp-tender, 2 minutes. Rinse under cold water. Squeeze dry, then transfer to a cutting board and coarsely chop.","ingredients":[{"id":11096,"name":"broccoli rabe","localizedName":"broccoli rabe","image":"broccoli-rabe.jpg"},{"id":14412,"name":"water","localizedName":"water","image":"water.png"}],"equipment":[{"id":404716,"name":"cutting board","localizedName":"cutting board","image":"cutting-board.jpg"}],"length":{"number":2,"unit":"minutes"}},{"number":6,"step":"In a food processor, pulse the pistachios with the garlic until coarsely chopped.","ingredients":[{"id":12151,"name":"pistachio nuts","localizedName":"pistachio nuts","image":"pistachios.jpg"},{"id":11215,"name":"garlic","localizedName":"garlic","image":"garlic.png"}],"equipment":[{"id":404771,"name":"food processor","localizedName":"food processor","image":"food-processor.png"}]},{"number":7,"step":"Add the parsley and broccoli rabe and pulse until finely chopped.","ingredients":[{"id":11096,"name":"broccoli rabe","localizedName":"broccoli rabe","image":"broccoli-rabe.jpg"},{"id":11297,"name":"parsley","localizedName":"parsley","image":"parsley.jpg"}],"equipment":[]},{"number":8,"step":"Add the olive oil and process until incorporated. Stir in the Pecorino, season with salt and pepper and serve.","ingredients":[{"id":1102047,"name":"salt and pepper","localizedName":"salt and pepper","image":"salt-and-pepper.jpg"},{"id":4053,"name":"olive oil","localizedName":"olive oil","image":"olive-oil.jpg"},{"id":1038,"name":"pecorino","localizedName":"pecorino","image":"parmesan.jpg"}],"equipment":[]}]}]
