[{"name":"","steps":[{"number":1,"step":"In a blender, combine 1 cup olive oil, basil, red pepper flakes and 2 cloves garlic. Puree until blended and thick.","ingredients":[{"id":1032009,"name":"red pepper flakes","localizedName":"red pepper flakes","image":"red-pepper-flakes.jpg"},{"id":10211215,"name":"whole garlic cloves","localizedName":"whole garlic cloves","image":"garlic.jpg"},{"id":4053,"name":"olive oil","localizedName":"olive oil","image":"olive-oil.jpg"},{"id":2044,"name":"basil","localizedName":"basil","image":"basil.jpg"}],"equipment":[{"id":404726,"name":"blender","localizedName":"blender","image":"blender.png"}]},{"number":2,"step":"Pour into a shallow baking dish and add the chicken. Toss to coat and marinate the chicken while finishing the dish.","ingredients":[{"id":5006,"name":"whole chicken","localizedName":"whole chicken","image":"whole-chicken.jpg"}],"equipment":[{"id":404646,"name":"baking pan","localizedName":"baking pan","image":"roasting-pan.jpg"}]},{"number":3,"step":"Bring a large pot of water to a boil. Preheat a grill or grill pan to medium heat.","ingredients":[{"id":14412,"name":"water","localizedName":"water","image":"water.png"}],"equipment":[{"id":404648,"name":"grill pan","localizedName":"grill pan","image":"grill-pan.jpg"},{"id":404706,"name":"grill","localizedName":"grill","image":"grill.jpg"},{"id":404752,"name":"pot","localizedName":"pot","image":"stock-pot.jpg"}]},{"number":4,"step":"Meanwhile, heat a large skillet. Crush 3 garlic cloves and set aside.","ingredients":[{"id":10211215,"name":"whole garlic cloves","localizedName":"whole garlic cloves","image":"garlic.jpg"}],"equipment":[{"id":404645,"name":"frying pan","localizedName":"frying pan","image":"pan.png"}]},{"number":5,"step":"Heat 1 cup olive oil in the skillet.","ingredients":[{"id":4053,"name":"olive oil","localizedName":"olive oil","image":"olive-oil.jpg"}],"equipment":[{"id":404645,"name":"frying pan","localizedName":"frying pan","image":"pan.png"}]},{"number":6,"step":"Add the garlic and cook until golden.","ingredients":[{"id":11215,"name":"garlic","localizedName":"garlic","image":"garlic.png"}],"equipment":[]},{"number":7,"step":"Remove sausage from casings and add to the skillet.","ingredients":[{"id":1017063,"name":"sausage","localizedName":"sausage","image":"raw-pork-sausage.png"}],"equipment":[{"id":404645,"name":"frying pan","localizedName":"frying pan","image":"pan.png"}]},{"number":8,"step":"Saute the sausage until browned.","ingredients":[{"id":1017063,"name":"sausage","localizedName":"sausage","image":"raw-pork-sausage.png"}],"equipment":[]},{"number":9,"step":"In the boiling water, blanch the broccoli rabe until just soft but still crunchy.","ingredients":[{"id":11096,"name":"broccoli rabe","localizedName":"broccoli rabe","image":"broccoli-rabe.jpg"},{"id":14412,"name":"water","localizedName":"water","image":"water.png"}],"equipment":[]},{"number":10,"step":"Transfer rabe to a bowl of ice water.","ingredients":[{"id":14412,"name":"water","localizedName":"water","image":"water.png"}],"equipment":[{"id":404783,"name":"bowl","localizedName":"bowl","image":"bowl.jpg"}]},{"number":11,"step":"Remove from water, drain on paper towel-lined plate and set aside.","ingredients":[{"id":14412,"name":"water","localizedName":"water","image":"water.png"}],"equipment":[{"id":405895,"name":"paper towels","localizedName":"paper towels","image":"paper-towels.jpg"}]},{"number":12,"step":"Grill the chicken until cooked through and juices run clear.","ingredients":[{"id":5006,"name":"whole chicken","localizedName":"whole chicken","image":"whole-chicken.jpg"}],"equipment":[{"id":404706,"name":"grill","localizedName":"grill","image":"grill.jpg"}]},{"number":13,"step":"To the browned sausage, add the mushrooms and saute until mushrooms start getting soft.","ingredients":[{"id":11260,"name":"mushrooms","localizedName":"mushrooms","image":"mushrooms.png"},{"id":1017063,"name":"sausage","localizedName":"sausage","image":"raw-pork-sausage.png"}],"equipment":[]},{"number":14,"step":"Add the rabe, the chicken stock and a pinch of red pepper flakes and season with salt and pepper.","ingredients":[{"id":1032009,"name":"red pepper flakes","localizedName":"red pepper flakes","image":"red-pepper-flakes.jpg"},{"id":1102047,"name":"salt and pepper","localizedName":"salt and pepper","image":"salt-and-pepper.jpg"},{"id":6172,"name":"chicken stock","localizedName":"chicken stock","image":"chicken-broth.png"}],"equipment":[]},{"number":15,"step":"Slice the bread and lay out on a serving plate. Spoon some of the broccoli rabe/sausage mixture over top, then cover each with 1 chicken breast and 1 thigh. Top with arugula, tomatoes and sliced provolone cheese. Then drizzle some of the broccoli rabe sauce over top, to wilt the arugula, and serve immediately.","ingredients":[{"id":1035,"name":"provolone","localizedName":"provolone","image":"provolone-slices.jpg"},{"id":5062,"name":"chicken breast","localizedName":"chicken breast","image":"chicken-breasts.png"},{"id":11096,"name":"broccoli rabe","localizedName":"broccoli rabe","image":"broccoli-rabe.jpg"},{"id":11529,"name":"tomato","localizedName":"tomato","image":"tomato.png"},{"id":11959,"name":"arugula","localizedName":"arugula","image":"arugula-or-rocket-salad.jpg"},{"id":1017063,"name":"sausage","localizedName":"sausage","image":"raw-pork-sausage.png"},{"id":18064,"name":"bread","localizedName":"bread","image":"white-bread.jpg"},{"id":0,"name":"sauce","localizedName":"sauce","image":""}],"equipment":[]}]}]
