[{"name":"","steps":[{"number":1,"step":"Place broccoli rabe in a large microwave-safe bowl with 1/4 cup water. Cover with wet paper towel.","ingredients":[{"id":11096,"name":"broccoli rabe","localizedName":"broccoli rabe","image":"broccoli-rabe.jpg"},{"id":14412,"name":"water","localizedName":"water","image":"water.png"}],"equipment":[{"id":405895,"name":"paper towels","localizedName":"paper towels","image":"paper-towels.jpg"},{"id":404762,"name":"microwave","localizedName":"microwave","image":"microwave.jpg"},{"id":404783,"name":"bowl","localizedName":"bowl","image":"bowl.jpg"}]},{"number":2,"step":"Heat on HIGH for 6 to 8 minutes, until tender, but crisp.In a small saucepan, over medium-high heat, combine remaining ingredients.","ingredients":[],"equipment":[{"id":404669,"name":"sauce pan","localizedName":"sauce pan","image":"sauce-pan.jpg"}],"length":{"number":6,"unit":"minutes"}},{"number":3,"step":"Heat through, about 1 to 2 minutes.","ingredients":[],"equipment":[],"length":{"number":1,"unit":"minutes"}},{"number":4,"step":"Remove broccoli rabe from microwave and drain water.","ingredients":[{"id":11096,"name":"broccoli rabe","localizedName":"broccoli rabe","image":"broccoli-rabe.jpg"},{"id":14412,"name":"water","localizedName":"water","image":"water.png"}],"equipment":[{"id":404762,"name":"microwave","localizedName":"microwave","image":"microwave.jpg"}]},{"number":5,"step":"Add black bean sauce and toss in a bowl.","ingredients":[{"id":99210,"name":"black bean sauce","localizedName":"black bean sauce","image":"douchi.jpg"}],"equipment":[{"id":404783,"name":"bowl","localizedName":"bowl","image":"bowl.jpg"}]},{"number":6,"step":"Serve warm.","ingredients":[],"equipment":[]}]}]
