[{"name":"","steps":[{"number":1,"step":"Combine first 4 ingredients in a medium bowl, tossing to coat, and let mixture stand 10 minutes.","ingredients":[],"equipment":[{"id":404783,"name":"bowl","localizedName":"bowl","image":"bowl.jpg"}],"length":{"number":10,"unit":"minutes"}},{"number":2,"step":"Combine broth and next 4 ingredients (through pepper), stirring with a whisk; set aside.","ingredients":[{"id":1002030,"name":"pepper","localizedName":"pepper","image":"pepper.jpg"},{"id":1006615,"name":"broth","localizedName":"broth","image":"chicken-broth.png"}],"equipment":[{"id":404661,"name":"whisk","localizedName":"whisk","image":"whisk.png"}]},{"number":3,"step":"Bring 2 quarts water to a boil in a large saucepan.","ingredients":[{"id":14412,"name":"water","localizedName":"water","image":"water.png"}],"equipment":[{"id":404669,"name":"sauce pan","localizedName":"sauce pan","image":"sauce-pan.jpg"}]},{"number":4,"step":"Add bok choy; cook 3 minutes or until crisp-tender.","ingredients":[{"id":11116,"name":"bok choy","localizedName":"bok choy","image":"bok-choy.jpg"}],"equipment":[],"length":{"number":3,"unit":"minutes"}},{"number":5,"step":"Remove bok choy from water with a slotted spoon; keep warm.","ingredients":[{"id":11116,"name":"bok choy","localizedName":"bok choy","image":"bok-choy.jpg"},{"id":14412,"name":"water","localizedName":"water","image":"water.png"}],"equipment":[{"id":404636,"name":"slotted spoon","localizedName":"slotted spoon","image":"slotted-spoon.jpg"}]},{"number":6,"step":"Add noodles to boiling water; cook according to package directions, omitting salt and fat.","ingredients":[{"id":20420,"name":"pasta","localizedName":"pasta","image":"fusilli.jpg"},{"id":14412,"name":"water","localizedName":"water","image":"water.png"},{"id":2047,"name":"salt","localizedName":"salt","image":"salt.jpg"}],"equipment":[]},{"number":7,"step":"Drain the noodles. Arrange noodles and bok choy on a serving platter; cover and keep warm.","ingredients":[{"id":11116,"name":"bok choy","localizedName":"bok choy","image":"bok-choy.jpg"},{"id":20420,"name":"pasta","localizedName":"pasta","image":"fusilli.jpg"}],"equipment":[]},{"number":8,"step":"Heat oil in a wok or large nonstick skillet over medium-high heat.","ingredients":[{"id":4582,"name":"cooking oil","localizedName":"cooking oil","image":"vegetable-oil.jpg"}],"equipment":[{"id":404645,"name":"frying pan","localizedName":"frying pan","image":"pan.png"},{"id":404666,"name":"wok","localizedName":"wok","image":"wok.png"}]},{"number":9,"step":"Add fish mixture, carrot, and onions; stir-fry 3 minutes or until shrimp are done and fish flakes easily when tested with a fork.","ingredients":[{"id":11124,"name":"carrot","localizedName":"carrot","image":"sliced-carrot.png"},{"id":11282,"name":"onion","localizedName":"onion","image":"brown-onion.png"},{"id":15270,"name":"shrimp","localizedName":"shrimp","image":"shrimp.png"},{"id":10115261,"name":"fish","localizedName":"fish","image":"fish-fillet.jpg"}],"equipment":[],"length":{"number":3,"unit":"minutes"}},{"number":10,"step":"Add broth mixture, mushrooms, snow peas, and corn; bring to a boil, stirring constantly. Cook 2 minutes or until sauce is slightly thick. Spoon over noodles and bok choy.","ingredients":[{"id":11260,"name":"mushrooms","localizedName":"mushrooms","image":"mushrooms.png"},{"id":11300,"name":"snow peas","localizedName":"snow peas","image":"snow-peas.jpg"},{"id":11116,"name":"bok choy","localizedName":"bok choy","image":"bok-choy.jpg"},{"id":20420,"name":"pasta","localizedName":"pasta","image":"fusilli.jpg"},{"id":1006615,"name":"broth","localizedName":"broth","image":"chicken-broth.png"},{"id":0,"name":"sauce","localizedName":"sauce","image":""},{"id":11168,"name":"corn","localizedName":"corn","image":"corn.png"}],"equipment":[],"length":{"number":2,"unit":"minutes"}}]}]
