[{"name":"","steps":[{"number":1,"step":"Bring 4 quarts water to a boil in a large Dutch oven.","ingredients":[{"id":14412,"name":"water","localizedName":"water","image":"water.png"}],"equipment":[{"id":404667,"name":"dutch oven","localizedName":"dutch oven","image":"dutch-oven.jpg"}]},{"number":2,"step":"Add broccoli rabe to pan; cook 2 minutes.","ingredients":[{"id":11096,"name":"broccoli rabe","localizedName":"broccoli rabe","image":"broccoli-rabe.jpg"}],"equipment":[{"id":404645,"name":"frying pan","localizedName":"frying pan","image":"pan.png"}],"length":{"number":2,"unit":"minutes"}},{"number":3,"step":"Remove with a slotted spoon; drain well. Coarsely chop. Return water to a boil.","ingredients":[{"id":14412,"name":"water","localizedName":"water","image":"water.png"}],"equipment":[{"id":404636,"name":"slotted spoon","localizedName":"slotted spoon","image":"slotted-spoon.jpg"}]},{"number":4,"step":"Add pasta to pan; cook according to package directions, omitting salt and fat.","ingredients":[{"id":20420,"name":"pasta","localizedName":"pasta","image":"fusilli.jpg"},{"id":2047,"name":"salt","localizedName":"salt","image":"salt.jpg"}],"equipment":[{"id":404645,"name":"frying pan","localizedName":"frying pan","image":"pan.png"}]},{"number":5,"step":"Drain in a colander over a bowl; reserve 3/4 cup pasta water. Cook bacon in a large skillet over medium heat until crisp.","ingredients":[{"id":14412,"name":"water","localizedName":"water","image":"water.png"},{"id":10123,"name":"bacon","localizedName":"bacon","image":"raw-bacon.png"}],"equipment":[{"id":404639,"name":"colander","localizedName":"colander","image":"colander.jpg"},{"id":404645,"name":"frying pan","localizedName":"frying pan","image":"pan.png"},{"id":404783,"name":"bowl","localizedName":"bowl","image":"bowl.jpg"}]},{"number":6,"step":"Remove bacon from pan, reserving 1 tablespoon drippings in pan; crumble bacon. Increase heat to medium-high.","ingredients":[{"id":10123,"name":"bacon","localizedName":"bacon","image":"raw-bacon.png"}],"equipment":[{"id":404645,"name":"frying pan","localizedName":"frying pan","image":"pan.png"}]},{"number":7,"step":"Add garlic and chickpeas to drippings in pan; saut 2 minutes or until garlic is golden. Stir in broccoli rabe, 1/2 teaspoon salt, and 1/4 teaspoon freshly ground black pepper; cook 3 minutes or until broccoli rabe is heated. Stir in pasta, 3/4 cup pasta water, and bacon; toss well.","ingredients":[{"id":1002030,"name":"ground black pepper","localizedName":"ground black pepper","image":"pepper.jpg"},{"id":11096,"name":"broccoli rabe","localizedName":"broccoli rabe","image":"broccoli-rabe.jpg"},{"id":14412,"name":"water","localizedName":"water","image":"water.png"},{"id":16057,"name":"chickpeas","localizedName":"chickpeas","image":"chickpeas.png"},{"id":11215,"name":"garlic","localizedName":"garlic","image":"garlic.png"},{"id":10123,"name":"bacon","localizedName":"bacon","image":"raw-bacon.png"},{"id":20420,"name":"pasta","localizedName":"pasta","image":"fusilli.jpg"},{"id":2047,"name":"salt","localizedName":"salt","image":"salt.jpg"}],"equipment":[{"id":404645,"name":"frying pan","localizedName":"frying pan","image":"pan.png"}],"length":{"number":5,"unit":"minutes"}}]}]
