[{"name":"","steps":[{"number":1,"step":"Bring a large pot of salted water to a boil.","ingredients":[{"id":14412,"name":"water","localizedName":"water","image":"water.png"}],"equipment":[{"id":404752,"name":"pot","localizedName":"pot","image":"stock-pot.jpg"}]},{"number":2,"step":"Add the broccoli rabe and cook until just tender but still bright green, about 3 minutes.","ingredients":[{"id":11096,"name":"broccoli rabe","localizedName":"broccoli rabe","image":"broccoli-rabe.jpg"}],"equipment":[],"length":{"number":3,"unit":"minutes"}},{"number":3,"step":"Drain and coarsely chop.","ingredients":[],"equipment":[]},{"number":4,"step":"In a large, deep skillet, heat the oil.","ingredients":[{"id":4582,"name":"cooking oil","localizedName":"cooking oil","image":"vegetable-oil.jpg"}],"equipment":[{"id":404645,"name":"frying pan","localizedName":"frying pan","image":"pan.png"}]},{"number":5,"step":"Add the garlic and red pepper and cook over low heat until the garlic is golden, about 3 minutes.","ingredients":[{"id":11821,"name":"red pepper","localizedName":"red pepper","image":"red-pepper.jpg"},{"id":11215,"name":"garlic","localizedName":"garlic","image":"garlic.png"}],"equipment":[],"length":{"number":3,"unit":"minutes"}},{"number":6,"step":"Add the broccoli rabe and cook over moderately high heat, stirring, until hot, about 4 minutes. Season with salt and pepper and serve.","ingredients":[{"id":1102047,"name":"salt and pepper","localizedName":"salt and pepper","image":"salt-and-pepper.jpg"},{"id":11096,"name":"broccoli rabe","localizedName":"broccoli rabe","image":"broccoli-rabe.jpg"}],"equipment":[],"length":{"number":4,"unit":"minutes"}}]}]
