[{"name":"","steps":[{"number":1,"step":"Bring a pot of water to a boil and remove from heat.","ingredients":[{"id":14412,"name":"water","localizedName":"water","image":"water.png"}],"equipment":[{"id":404752,"name":"pot","localizedName":"pot","image":"stock-pot.jpg"}]},{"number":2,"step":"Add the noodles, cover and let sit until cooked al dente, about 5-8 minutes.","ingredients":[{"id":20420,"name":"pasta","localizedName":"pasta","image":"fusilli.jpg"}],"equipment":[],"length":{"number":8,"unit":"minutes"}},{"number":3,"step":"Drain and rinse in cold water.","ingredients":[{"id":14412,"name":"water","localizedName":"water","image":"water.png"}],"equipment":[]},{"number":4,"step":"Meanwhile, bring the chicken stock to a boil in a large pot.","ingredients":[{"id":6172,"name":"chicken stock","localizedName":"chicken stock","image":"chicken-broth.png"}],"equipment":[{"id":404752,"name":"pot","localizedName":"pot","image":"stock-pot.jpg"}]},{"number":5,"step":"Add the chicken, carrots, lemongrass, kaffir lime leaves, chillies, garlic, galangal and simmer until cooked, about 5-8 minutes.","ingredients":[{"id":93633,"name":"kaffir lime leaves","localizedName":"kaffir lime leaves","image":"lime-leaves.jpg"},{"id":11972,"name":"lemon grass","localizedName":"lemon grass","image":"lemongrass.png"},{"id":11819,"name":"chili pepper","localizedName":"chili pepper","image":"red-chili.jpg"},{"id":93656,"name":"galangal","localizedName":"galangal","image":"galangal.jpg"},{"id":11124,"name":"carrot","localizedName":"carrot","image":"sliced-carrot.png"},{"id":5006,"name":"whole chicken","localizedName":"whole chicken","image":"whole-chicken.jpg"},{"id":11215,"name":"garlic","localizedName":"garlic","image":"garlic.png"}],"equipment":[],"length":{"number":8,"unit":"minutes"}},{"number":6,"step":"Add the bok choy, and shiitake mushrooms and simmer until the bok choy just wilts, about 1-2 minutes.","ingredients":[{"id":11238,"name":"shiitake mushrooms","localizedName":"shiitake mushrooms","image":"shiitake-mushrooms.png"},{"id":11116,"name":"bok choy","localizedName":"bok choy","image":"bok-choy.jpg"}],"equipment":[],"length":{"number":2,"unit":"minutes"}},{"number":7,"step":"Reduce the heat and mix in the coconut milk, fish sauce, lime juice and zest, and pepper.","ingredients":[{"id":12118,"name":"coconut milk","localizedName":"coconut milk","image":"coconut-milk.png"},{"id":6179,"name":"fish sauce","localizedName":"fish sauce","image":"asian-fish-sauce.jpg"},{"id":9160,"name":"lime juice","localizedName":"lime juice","image":"lime-juice.png"},{"id":1002030,"name":"pepper","localizedName":"pepper","image":"pepper.jpg"}],"equipment":[]},{"number":8,"step":"Taste and adjust the seasoning as required.","ingredients":[{"id":1042027,"name":"seasoning","localizedName":"seasoning","image":"seasoning.png"}],"equipment":[]},{"number":9,"step":"Remove from heat and mix in the noodles, cilantro and green onions.","ingredients":[{"id":11291,"name":"green onions","localizedName":"green onions","image":"spring-onions.jpg"},{"id":11165,"name":"cilantro","localizedName":"cilantro","image":"cilantro.png"},{"id":20420,"name":"pasta","localizedName":"pasta","image":"fusilli.jpg"}],"equipment":[]}]}]
