[{"name":"","steps":[{"number":1,"step":"Combine first 7 ingredients in a food processor; process until smooth. Set aside.","ingredients":[],"equipment":[{"id":404771,"name":"food processor","localizedName":"food processor","image":"food-processor.png"}]},{"number":2,"step":"Cook broccoli florets in boiling water in a large Dutch oven 3 minutes or until crisp-tender.","ingredients":[{"id":10011090,"name":"broccoli florets","localizedName":"broccoli florets","image":"broccoli.jpg"},{"id":14412,"name":"water","localizedName":"water","image":"water.png"}],"equipment":[{"id":404667,"name":"dutch oven","localizedName":"dutch oven","image":"dutch-oven.jpg"}],"length":{"number":3,"unit":"minutes"}},{"number":3,"step":"Remove broccoli from water with a slotted spoon; drain and rinse with cold water.","ingredients":[{"id":11090,"name":"broccoli","localizedName":"broccoli","image":"broccoli.jpg"},{"id":14412,"name":"water","localizedName":"water","image":"water.png"}],"equipment":[{"id":404636,"name":"slotted spoon","localizedName":"slotted spoon","image":"slotted-spoon.jpg"}]},{"number":4,"step":"Drain; set aside. Return water to a boil.","ingredients":[{"id":14412,"name":"water","localizedName":"water","image":"water.png"}],"equipment":[]},{"number":5,"step":"Add baby bok choy to pan; cook 1 minute.","ingredients":[{"id":93636,"name":"baby bok choy","localizedName":"baby bok choy","image":"bok-choy.jpg"}],"equipment":[{"id":404645,"name":"frying pan","localizedName":"frying pan","image":"pan.png"}],"length":{"number":1,"unit":"minutes"}},{"number":6,"step":"Drain and rinse with cold water.","ingredients":[{"id":14412,"name":"water","localizedName":"water","image":"water.png"}],"equipment":[]},{"number":7,"step":"Drain; set aside.","ingredients":[],"equipment":[]},{"number":8,"step":"Heat Dutch oven over medium-high heat.","ingredients":[],"equipment":[{"id":404667,"name":"dutch oven","localizedName":"dutch oven","image":"dutch-oven.jpg"}]},{"number":9,"step":"Add oil to pan; swirl to coat.","ingredients":[{"id":4582,"name":"cooking oil","localizedName":"cooking oil","image":"vegetable-oil.jpg"}],"equipment":[{"id":404645,"name":"frying pan","localizedName":"frying pan","image":"pan.png"}]},{"number":10,"step":"Add cilantro mixture to pan; saut 1 minute, stirring constantly.","ingredients":[{"id":11165,"name":"cilantro","localizedName":"cilantro","image":"cilantro.png"}],"equipment":[{"id":404645,"name":"frying pan","localizedName":"frying pan","image":"pan.png"}],"length":{"number":1,"unit":"minutes"}},{"number":11,"step":"Add sugar and next 4 ingredients (through coconut milk) to pan; bring to a boil.","ingredients":[{"id":12118,"name":"coconut milk","localizedName":"coconut milk","image":"coconut-milk.png"},{"id":19335,"name":"sugar","localizedName":"sugar","image":"sugar-in-bowl.png"}],"equipment":[{"id":404645,"name":"frying pan","localizedName":"frying pan","image":"pan.png"}]},{"number":12,"step":"Add tofu; cover, reduce heat, and simmer 6 minutes or until slightly thick.","ingredients":[{"id":16213,"name":"tofu","localizedName":"tofu","image":"tofu.png"}],"equipment":[],"length":{"number":6,"unit":"minutes"}},{"number":13,"step":"Add broccoli, bok choy, and juice; cook 1 minute or until heated, tossing to combine. Discard lime leaves.","ingredients":[{"id":93633,"name":"lime leaves","localizedName":"lime leaves","image":"lime-leaves.jpg"},{"id":11116,"name":"bok choy","localizedName":"bok choy","image":"bok-choy.jpg"},{"id":11090,"name":"broccoli","localizedName":"broccoli","image":"broccoli.jpg"},{"id":1019016,"name":"juice","localizedName":"juice","image":"apple-juice.jpg"}],"equipment":[],"length":{"number":1,"unit":"minutes"}},{"number":14,"step":"Place 1/2 cup rice in each of 4 bowls; spoon 1 1/2 cups tofu mixture over each serving.","ingredients":[{"id":20444,"name":"rice","localizedName":"rice","image":"uncooked-white-rice.png"},{"id":16213,"name":"tofu","localizedName":"tofu","image":"tofu.png"}],"equipment":[{"id":404783,"name":"bowl","localizedName":"bowl","image":"bowl.jpg"}]},{"number":15,"step":"Sprinkle 1 tablespoon basil and 1 1/2 teaspoons mint over each serving.","ingredients":[{"id":2044,"name":"basil","localizedName":"basil","image":"basil.jpg"},{"id":2064,"name":"mint","localizedName":"mint","image":"mint.jpg"}],"equipment":[]}]}]
