[{"name":"","steps":[{"number":1,"step":"Heat 2 tablespoons oil in heavy large skillet over medium-high heat.","ingredients":[{"id":4582,"name":"cooking oil","localizedName":"cooking oil","image":"vegetable-oil.jpg"}],"equipment":[{"id":404645,"name":"frying pan","localizedName":"frying pan","image":"pan.png"}]},{"number":2,"step":"Add garlic and cook until golden brown, stirring frequently, about 3 minutes. Discard garlic.","ingredients":[{"id":11215,"name":"garlic","localizedName":"garlic","image":"garlic.png"}],"equipment":[],"length":{"number":3,"unit":"minutes"}},{"number":3,"step":"Add onion, pancetta, and fennel seeds to skillet; sauté until onion is tender and pancetta begins to brown, about 8 minutes.","ingredients":[{"id":2018,"name":"fennel seeds","localizedName":"fennel seeds","image":"fennel-seeds.jpg"},{"id":10410123,"name":"pancetta","localizedName":"pancetta","image":"pancetta.png"},{"id":11282,"name":"onion","localizedName":"onion","image":"brown-onion.png"}],"equipment":[{"id":404645,"name":"frying pan","localizedName":"frying pan","image":"pan.png"}],"length":{"number":8,"unit":"minutes"}},{"number":4,"step":"Add dried crushed red pepper, then broccoli rabe stems and cook 4 minutes to soften slightly, stirring occasionally. Stir in broccoli rabe tops, sprinkle with salt, and add 1 cup water. Cover and cook until stems and tops are tender, about 5 minutes. Season to taste with salt and pepper.","ingredients":[{"id":1032009,"name":"red pepper flakes","localizedName":"red pepper flakes","image":"red-pepper-flakes.jpg"},{"id":1102047,"name":"salt and pepper","localizedName":"salt and pepper","image":"salt-and-pepper.jpg"},{"id":11096,"name":"broccoli rabe","localizedName":"broccoli rabe","image":"broccoli-rabe.jpg"},{"id":14412,"name":"water","localizedName":"water","image":"water.png"},{"id":2047,"name":"salt","localizedName":"salt","image":"salt.jpg"}],"equipment":[],"length":{"number":9,"unit":"minutes"}},{"number":5,"step":"Meanwhile, cook pasta in large pot of boiling salted water until just tender but still firm to bite.","ingredients":[{"id":20420,"name":"pasta","localizedName":"pasta","image":"fusilli.jpg"},{"id":14412,"name":"water","localizedName":"water","image":"water.png"}],"equipment":[{"id":404752,"name":"pot","localizedName":"pot","image":"stock-pot.jpg"}]},{"number":6,"step":"Drain pasta, reserving 1 cup cooking liquid.","ingredients":[{"id":20420,"name":"pasta","localizedName":"pasta","image":"fusilli.jpg"}],"equipment":[]},{"number":7,"step":"Add pasta to skillet with broccoli rabe and stir over low heat to combine, adding reserved cooking liquid by tablespoonfuls to moisten if necessary. Stir in remaining 2 tablespoons oil and 1 cup cheese. Season to taste with salt and generous amount of pepper.","ingredients":[{"id":11096,"name":"broccoli rabe","localizedName":"broccoli rabe","image":"broccoli-rabe.jpg"},{"id":1041009,"name":"cheese","localizedName":"cheese","image":"cheddar-cheese.png"},{"id":1002030,"name":"pepper","localizedName":"pepper","image":"pepper.jpg"},{"id":20420,"name":"pasta","localizedName":"pasta","image":"fusilli.jpg"},{"id":2047,"name":"salt","localizedName":"salt","image":"salt.jpg"},{"id":4582,"name":"cooking oil","localizedName":"cooking oil","image":"vegetable-oil.jpg"}],"equipment":[{"id":404645,"name":"frying pan","localizedName":"frying pan","image":"pan.png"}]},{"number":8,"step":"Transfer to shallow bowl.","ingredients":[],"equipment":[{"id":404783,"name":"bowl","localizedName":"bowl","image":"bowl.jpg"}]},{"number":9,"step":"Sprinkle with pine nuts and serve, passing additional cheese separately.","ingredients":[{"id":12147,"name":"pine nuts","localizedName":"pine nuts","image":"pine-nuts.png"},{"id":1041009,"name":"cheese","localizedName":"cheese","image":"cheddar-cheese.png"}],"equipment":[]}]}]
