[{"name":"","steps":[{"number":1,"step":"Cook noodles in boiling water 6 minutes; drain.","ingredients":[{"id":20420,"name":"pasta","localizedName":"pasta","image":"fusilli.jpg"},{"id":14412,"name":"water","localizedName":"water","image":"water.png"}],"equipment":[],"length":{"number":6,"unit":"minutes"}},{"number":2,"step":"Combine soy sauce, vinegar, sugar, oil, and crushed red pepper, stirring well with a whisk.","ingredients":[{"id":1032009,"name":"red pepper flakes","localizedName":"red pepper flakes","image":"red-pepper-flakes.jpg"},{"id":16124,"name":"soy sauce","localizedName":"soy sauce","image":"soy-sauce.jpg"},{"id":2053,"name":"vinegar","localizedName":"vinegar","image":"vinegar-(white).jpg"},{"id":19335,"name":"sugar","localizedName":"sugar","image":"sugar-in-bowl.png"},{"id":4582,"name":"cooking oil","localizedName":"cooking oil","image":"vegetable-oil.jpg"}],"equipment":[{"id":404661,"name":"whisk","localizedName":"whisk","image":"whisk.png"}]},{"number":3,"step":"Heat a large nonstick skillet coated with cooking spray over medium-high heat.","ingredients":[{"id":4679,"name":"cooking spray","localizedName":"cooking spray","image":"cooking-spray.png"}],"equipment":[{"id":404645,"name":"frying pan","localizedName":"frying pan","image":"pan.png"}]},{"number":4,"step":"Add bell pepper strips; saut 2 minutes.","ingredients":[{"id":10211821,"name":"bell pepper","localizedName":"bell pepper","image":"bell-pepper-orange.png"}],"equipment":[],"length":{"number":2,"unit":"minutes"}},{"number":5,"step":"Add bok choy; saut 1 minute.","ingredients":[{"id":11116,"name":"bok choy","localizedName":"bok choy","image":"bok-choy.jpg"}],"equipment":[],"length":{"number":1,"unit":"minutes"}},{"number":6,"step":"Add tofu and garlic; saut 2 minutes.","ingredients":[{"id":11215,"name":"garlic","localizedName":"garlic","image":"garlic.png"},{"id":16213,"name":"tofu","localizedName":"tofu","image":"tofu.png"}],"equipment":[],"length":{"number":2,"unit":"minutes"}},{"number":7,"step":"Add noodles and soy sauce mixture; cook 2 minutes or until thoroughly heated, tossing well to coat.","ingredients":[{"id":16124,"name":"soy sauce","localizedName":"soy sauce","image":"soy-sauce.jpg"},{"id":20420,"name":"pasta","localizedName":"pasta","image":"fusilli.jpg"}],"equipment":[],"length":{"number":2,"unit":"minutes"}},{"number":8,"step":"Sprinkle with green onions and cilantro.","ingredients":[{"id":11291,"name":"green onions","localizedName":"green onions","image":"spring-onions.jpg"},{"id":11165,"name":"cilantro","localizedName":"cilantro","image":"cilantro.png"}],"equipment":[]}]}]
