[{"name":"","steps":[{"number":1,"step":"Bring a large pot of well salted water to a boil. Set up a bowl of well salted ice water. Drop the broccoli rabe into the boiling water and cook for 1 minute.","ingredients":[{"id":11096,"name":"broccoli rabe","localizedName":"broccoli rabe","image":"broccoli-rabe.jpg"},{"id":14412,"name":"water","localizedName":"water","image":"water.png"}],"equipment":[{"id":404783,"name":"bowl","localizedName":"bowl","image":"bowl.jpg"},{"id":404752,"name":"pot","localizedName":"pot","image":"stock-pot.jpg"}],"length":{"number":1,"unit":"minutes"}},{"number":2,"step":"Remove from the boiling water and plunge immediately into the ice water. Once cool remove from the ice water and let dry. It can be used right away or held for future use.Coat a large saute pan with olive oil.","ingredients":[{"id":14412,"name":"water","localizedName":"water","image":"water.png"},{"id":4053,"name":"olive oil","localizedName":"olive oil","image":"olive-oil.jpg"}],"equipment":[{"id":404645,"name":"frying pan","localizedName":"frying pan","image":"pan.png"}]},{"number":3,"step":"Add the smashed garlic and crushed red pepper and bring to medium heat. Once the garlic is brown and aromatic, remove it from the pan and discard. It has fulfilled its garlic destiny.","ingredients":[{"id":1032009,"name":"red pepper flakes","localizedName":"red pepper flakes","image":"red-pepper-flakes.jpg"},{"id":11215,"name":"garlic","localizedName":"garlic","image":"garlic.png"}],"equipment":[{"id":404645,"name":"frying pan","localizedName":"frying pan","image":"pan.png"}]},{"number":4,"step":"Add the broccoli rabe and toss around in the oil to heat up and season. Remember the broccoli is already cooked.","ingredients":[{"id":11096,"name":"broccoli rabe","localizedName":"broccoli rabe","image":"broccoli-rabe.jpg"},{"id":11090,"name":"broccoli","localizedName":"broccoli","image":"broccoli.jpg"},{"id":4582,"name":"cooking oil","localizedName":"cooking oil","image":"vegetable-oil.jpg"}],"equipment":[]},{"number":5,"step":"Add more oil, if needed and season with salt if needed (it probably will).","ingredients":[{"id":2047,"name":"salt","localizedName":"salt","image":"salt.jpg"},{"id":4582,"name":"cooking oil","localizedName":"cooking oil","image":"vegetable-oil.jpg"}],"equipment":[]}]}]
