[{"name":"","steps":[{"number":1,"step":"Heat oil in heavy large skillet over medium-high heat.","ingredients":[{"id":4582,"name":"cooking oil","localizedName":"cooking oil","image":"vegetable-oil.jpg"}],"equipment":[{"id":404645,"name":"frying pan","localizedName":"frying pan","image":"pan.png"}]},{"number":2,"step":"Add leeks and sauté until golden and soft, about 5 minutes.","ingredients":[{"id":11246,"name":"leek","localizedName":"leek","image":"leeks.jpg"}],"equipment":[],"length":{"number":5,"unit":"minutes"}},{"number":3,"step":"Add broccoli rabe and sauté, tossing with tongs, until slightly softened and bright green, about 3 minutes.","ingredients":[{"id":11096,"name":"broccoli rabe","localizedName":"broccoli rabe","image":"broccoli-rabe.jpg"}],"equipment":[{"id":404641,"name":"tongs","localizedName":"tongs","image":"tongs.jpg"}],"length":{"number":3,"unit":"minutes"}},{"number":4,"step":"Add garlic and stir 1 minute. Stir in broth, crme frache, and lemon peel, then 1/3 cup cheese.","ingredients":[{"id":9156,"name":"lemon peel","localizedName":"lemon peel","image":"zest-lemon.jpg"},{"id":1041009,"name":"cheese","localizedName":"cheese","image":"cheddar-cheese.png"},{"id":11215,"name":"garlic","localizedName":"garlic","image":"garlic.png"},{"id":1006615,"name":"broth","localizedName":"broth","image":"chicken-broth.png"}],"equipment":[],"length":{"number":1,"unit":"minutes"}},{"number":5,"step":"Season to taste with salt and pepper. Meanwhile, cook pasta in large pot of boiling salted water until just tender but still firm to bite, stirring occasionally.","ingredients":[{"id":1102047,"name":"salt and pepper","localizedName":"salt and pepper","image":"salt-and-pepper.jpg"},{"id":20420,"name":"pasta","localizedName":"pasta","image":"fusilli.jpg"},{"id":14412,"name":"water","localizedName":"water","image":"water.png"}],"equipment":[{"id":404752,"name":"pot","localizedName":"pot","image":"stock-pot.jpg"}]},{"number":6,"step":"Drain, reserving 1 cup pasta cooking liquid. Return pasta to pot. Stir in broccoli rabe mixture and walnuts, adding  1/2 cup cooking liquid to moisten and adding more by tablespoonfuls if needed. Divide pasta among bowls.","ingredients":[{"id":11096,"name":"broccoli rabe","localizedName":"broccoli rabe","image":"broccoli-rabe.jpg"},{"id":12155,"name":"walnuts","localizedName":"walnuts","image":"walnuts.jpg"},{"id":20420,"name":"pasta","localizedName":"pasta","image":"fusilli.jpg"}],"equipment":[{"id":404783,"name":"bowl","localizedName":"bowl","image":"bowl.jpg"},{"id":404752,"name":"pot","localizedName":"pot","image":"stock-pot.jpg"}]},{"number":7,"step":"Serve, passing remaining cheese separately.","ingredients":[{"id":1041009,"name":"cheese","localizedName":"cheese","image":"cheddar-cheese.png"}],"equipment":[]},{"number":8,"step":"*An Italian leafy green vegetable with scattered clusters of tiny, broccoli-like florets; available at some supermarkets and at specialty foods stores.","ingredients":[{"id":21052,"name":"greens","localizedName":"greens","image":"mixed-greens-or-mesclun.jpg"},{"id":11583,"name":"vegetable","localizedName":"vegetable","image":"mixed-vegetables.png"},{"id":11090,"name":"broccoli","localizedName":"broccoli","image":"broccoli.jpg"}],"equipment":[]}]}]
