[{"name":"","steps":[{"number":1,"step":"Soak the sheet of dried pig skin in water to cover, for at least 8 hours and up to a few days in the refrigerator.  When you are ready to make the soup, cut the skin into 1-inch chunks and set aside.","ingredients":[{"id":14412,"name":"water","localizedName":"water","image":"water.png"},{"id":0,"name":"soup","localizedName":"soup","image":""}],"equipment":[],"length":{"number":480,"unit":"minutes"}},{"number":2,"step":"Wash and cut your napa cabbage, or another vegetable of your choice.  Set aside.","ingredients":[{"id":11119,"name":"napa cabbage","localizedName":"napa cabbage","image":"napa-cabbage.jpg"},{"id":11583,"name":"vegetable","localizedName":"vegetable","image":"mixed-vegetables.png"}],"equipment":[]},{"number":3,"step":"Bring the broth to a boil and add the chopped pork skin and vegetables.  Simmer for 20 minutes, until both the cabbage and the skin have fully softened.  If you are using a vegetable that takes less time to cook, such as bok choy, add the cut-up vegetables towards the last few minutes of cooking.","ingredients":[{"id":11583,"name":"vegetable","localizedName":"vegetable","image":"mixed-vegetables.png"},{"id":11116,"name":"bok choy","localizedName":"bok choy","image":"bok-choy.jpg"},{"id":11109,"name":"cabbage","localizedName":"cabbage","image":"cabbage.jpg"},{"id":1006615,"name":"broth","localizedName":"broth","image":"chicken-broth.png"},{"id":10010219,"name":"pork","localizedName":"pork","image":"pork-tenderloin-raw.png"}],"equipment":[],"length":{"number":20,"unit":"minutes"}}]}]
