[{"name":"","steps":[{"number":1,"step":"Place tofu between several layers of paper towels.","ingredients":[{"id":16213,"name":"tofu","localizedName":"tofu","image":"tofu.png"}],"equipment":[{"id":405895,"name":"paper towels","localizedName":"paper towels","image":"paper-towels.jpg"}]},{"number":2,"step":"Place a heavy plate on top of tofu, and let stand 20 minutes.","ingredients":[{"id":16213,"name":"tofu","localizedName":"tofu","image":"tofu.png"}],"equipment":[],"length":{"number":20,"unit":"minutes"}},{"number":3,"step":"Cut tofu crosswise into 4 pieces.","ingredients":[{"id":16213,"name":"tofu","localizedName":"tofu","image":"tofu.png"}],"equipment":[]},{"number":4,"step":"Combine mirin and next 8 ingredients (mirin through garlic) in a bowl, stirring with a whisk.","ingredients":[{"id":11215,"name":"garlic","localizedName":"garlic","image":"garlic.png"},{"id":93830,"name":"mirin","localizedName":"mirin","image":"mirin.jpg"}],"equipment":[{"id":404661,"name":"whisk","localizedName":"whisk","image":"whisk.png"},{"id":404783,"name":"bowl","localizedName":"bowl","image":"bowl.jpg"}]},{"number":5,"step":"Heat a large nonstick skillet over medium-high heat.","ingredients":[],"equipment":[{"id":404645,"name":"frying pan","localizedName":"frying pan","image":"pan.png"}]},{"number":6,"step":"Add tofu pieces; pour mirin mixture over tofu. Bring to a boil; cook 4 minutes. Turn tofu pieces over; cook 3 minutes.","ingredients":[{"id":93830,"name":"mirin","localizedName":"mirin","image":"mirin.jpg"},{"id":16213,"name":"tofu","localizedName":"tofu","image":"tofu.png"}],"equipment":[],"length":{"number":7,"unit":"minutes"}},{"number":7,"step":"Remove from heat, and keep warm.Bring broth to a boil in a Dutch oven.","ingredients":[{"id":1006615,"name":"broth","localizedName":"broth","image":"chicken-broth.png"}],"equipment":[{"id":404667,"name":"dutch oven","localizedName":"dutch oven","image":"dutch-oven.jpg"}]},{"number":8,"step":"Add bok choy; cover and cook 2 minutes or until crisp-tender.","ingredients":[{"id":11116,"name":"bok choy","localizedName":"bok choy","image":"bok-choy.jpg"}],"equipment":[],"length":{"number":2,"unit":"minutes"}},{"number":9,"step":"Drain.","ingredients":[],"equipment":[]},{"number":10,"step":"Place 1 cup soba noodles on each of 4 plates; top each serving with 1 tofu piece. Spoon about 1 tablespoon sauce over each tofu piece; sprinkle each serving with 1 tablespoon green onions and 1/2 teaspoon toasted sesame seeds. Arrange 2 bok choy halves on each plate.","ingredients":[{"id":11291,"name":"green onions","localizedName":"green onions","image":"spring-onions.jpg"},{"id":12023,"name":"sesame seeds","localizedName":"sesame seeds","image":"sesame-seeds.png"},{"id":20114,"name":"soba noodles","localizedName":"soba noodles","image":"uncooked-soba-noodles.png"},{"id":11116,"name":"bok choy","localizedName":"bok choy","image":"bok-choy.jpg"},{"id":0,"name":"sauce","localizedName":"sauce","image":""},{"id":16213,"name":"tofu","localizedName":"tofu","image":"tofu.png"}],"equipment":[]}]}]
