[{"name":"Drain tofu and fry shallots","steps":[{"number":1,"step":"Halve tofu crosswise, then cut lengthwise into fourths to form 8 slices. Put tofu slices between several layers of paper towels to drain, replacing towels as needed, until ready to use.","ingredients":[{"id":16213,"name":"tofu","localizedName":"tofu","image":"tofu.png"}],"equipment":[{"id":405895,"name":"paper towels","localizedName":"paper towels","image":"paper-towels.jpg"}]},{"number":2,"step":"Finely chop enough shallots to measure 1/2 cup and reserve.","ingredients":[{"id":11677,"name":"shallot","localizedName":"shallot","image":"shallots.jpg"}],"equipment":[]},{"number":3,"step":"Cut remaining shallots crosswise into 1/8-inch-thick slices and separate into rings.","ingredients":[{"id":11677,"name":"shallot","localizedName":"shallot","image":"shallots.jpg"}],"equipment":[]},{"number":4,"step":"Heat oil in a 10-inch heavy skillet (preferably cast-iron) over moderately high heat until hot but not smoking, then fry sliced shallots in 2 batches, stirring occasionally, until golden brown, 1 1/2 to 3 minutes per batch (watch closely, as shallots can burn easily). Quickly transfer shallots as fried with a slotted spoon to paper towels to drain.","ingredients":[{"id":11677,"name":"shallot","localizedName":"shallot","image":"shallots.jpg"},{"id":4582,"name":"cooking oil","localizedName":"cooking oil","image":"vegetable-oil.jpg"}],"equipment":[{"id":404636,"name":"slotted spoon","localizedName":"slotted spoon","image":"slotted-spoon.jpg"},{"id":405895,"name":"paper towels","localizedName":"paper towels","image":"paper-towels.jpg"},{"id":404645,"name":"frying pan","localizedName":"frying pan","image":"pan.png"}],"length":{"number":2,"unit":"minutes"}},{"number":5,"step":"Pour off all but 1 tablespoon oil from skillet and reserve skillet.","ingredients":[{"id":4582,"name":"cooking oil","localizedName":"cooking oil","image":"vegetable-oil.jpg"}],"equipment":[{"id":404645,"name":"frying pan","localizedName":"frying pan","image":"pan.png"}]}]},{"name":"Make sauce","steps":[{"number":1,"step":"Cook sugar in a dry 1- to 1 1/2-quart heavy saucepan over moderate heat, undisturbed, until it melts around edges and begins to turn golden, then continue to cook, stirring, until all of sugar is melted and turns a golden caramel.","ingredients":[{"id":19074,"name":"caramel","localizedName":"caramel","image":"soft-caramels.jpg"},{"id":19335,"name":"sugar","localizedName":"sugar","image":"sugar-in-bowl.png"}],"equipment":[{"id":404669,"name":"sauce pan","localizedName":"sauce pan","image":"sauce-pan.jpg"}]},{"number":2,"step":"Add reserved chopped shallots (use caution; caramel will bubble up and steam vigorously) and cook, stirring, until shallots shrink and are very fragrant, about 45 seconds.","ingredients":[{"id":11677,"name":"shallot","localizedName":"shallot","image":"shallots.jpg"},{"id":19074,"name":"caramel","localizedName":"caramel","image":"soft-caramels.jpg"}],"equipment":[]},{"number":3,"step":"Add garlic and ginger and cook, stirring, 30 seconds. Stir in soy sauce, vinegar, and 1 1/3 cups water and simmer, stirring, until any hardened caramel is dissolved, about 1 minute.","ingredients":[{"id":16124,"name":"soy sauce","localizedName":"soy sauce","image":"soy-sauce.jpg"},{"id":19074,"name":"caramel","localizedName":"caramel","image":"soft-caramels.jpg"},{"id":2053,"name":"vinegar","localizedName":"vinegar","image":"vinegar-(white).jpg"},{"id":11215,"name":"garlic","localizedName":"garlic","image":"garlic.png"},{"id":11216,"name":"ginger","localizedName":"ginger","image":"ginger.png"},{"id":14412,"name":"water","localizedName":"water","image":"water.png"}],"equipment":[],"length":{"number":1,"unit":"minutes"}},{"number":4,"step":"Stir together cornstarch and remaining 2 tablespoons water until smooth, then stir into sauce and simmer, stirring occasionally, 2 minutes.","ingredients":[{"id":20027,"name":"corn starch","localizedName":"corn starch","image":"white-powder.jpg"},{"id":0,"name":"sauce","localizedName":"sauce","image":""},{"id":14412,"name":"water","localizedName":"water","image":"water.png"}],"equipment":[],"length":{"number":2,"unit":"minutes"}},{"number":5,"step":"Remove from heat and keep warm, covered.","ingredients":[],"equipment":[]}]},{"name":"Panfry tofu","steps":[{"number":1,"step":"Heat oil remaining in skillet over high heat until hot but not smoking. Meanwhile, blot any excess moisture remaining on tofu with paper towels, then add to hot oil in skillet in 1 layer. Fry tofu, turning over once, until golden and crisp, 7 to 10 minutes total.","ingredients":[{"id":16213,"name":"tofu","localizedName":"tofu","image":"tofu.png"},{"id":4582,"name":"cooking oil","localizedName":"cooking oil","image":"vegetable-oil.jpg"}],"equipment":[{"id":405895,"name":"paper towels","localizedName":"paper towels","image":"paper-towels.jpg"},{"id":404645,"name":"frying pan","localizedName":"frying pan","image":"pan.png"}],"length":{"number":7,"unit":"minutes"}},{"number":2,"step":"Transfer to clean paper towels to drain briefly.","ingredients":[],"equipment":[{"id":405895,"name":"paper towels","localizedName":"paper towels","image":"paper-towels.jpg"}]},{"number":3,"step":"Reheat sauce, then serve tofu topped with sauce, basil, mint, and fried shallots.","ingredients":[{"id":11677,"name":"shallot","localizedName":"shallot","image":"shallots.jpg"},{"id":2044,"name":"basil","localizedName":"basil","image":"basil.jpg"},{"id":0,"name":"sauce","localizedName":"sauce","image":""},{"id":2064,"name":"mint","localizedName":"mint","image":"mint.jpg"},{"id":16213,"name":"tofu","localizedName":"tofu","image":"tofu.png"}],"equipment":[]}]},{"name":"Cooks' Notes","steps":[{"number":1,"step":"·Sauce can be made 1 day ahead and chilled, uncovered, until completely cooled, then covered. Reheat sauce over moderately low heat, thinning it with additional water if necessary.·Shallots can be fried 1 day ahead and cooled completely, uncovered, then kept at room temperature in an airtight container lined with paper towels.","ingredients":[{"id":11677,"name":"shallot","localizedName":"shallot","image":"shallots.jpg"},{"id":0,"name":"sauce","localizedName":"sauce","image":""},{"id":14412,"name":"water","localizedName":"water","image":"water.png"}],"equipment":[{"id":405895,"name":"paper towels","localizedName":"paper towels","image":"paper-towels.jpg"}]}]}]
