[{"name":"","steps":[{"number":1,"step":"Watch how to make this recipe.","ingredients":[],"equipment":[]},{"number":2,"step":"Cut the chicken into 1/2-inch pieces and season all over with salt, to taste, and the five-spice powder.","ingredients":[{"id":5006,"name":"whole chicken","localizedName":"whole chicken","image":"whole-chicken.jpg"},{"id":2047,"name":"salt","localizedName":"salt","image":"salt.jpg"}],"equipment":[]},{"number":3,"step":"In a large saute pan with high sides over medium-high heat, add the peanut oil.","ingredients":[{"id":4042,"name":"peanut oil","localizedName":"peanut oil","image":"peanut-oil.jpg"}],"equipment":[{"id":404645,"name":"frying pan","localizedName":"frying pan","image":"pan.png"}]},{"number":4,"step":"When the oil is hot, add the whole garlic cloves and chile and saute until they are just starting to blacken.","ingredients":[{"id":10211215,"name":"whole garlic cloves","localizedName":"whole garlic cloves","image":"garlic.jpg"},{"id":11819,"name":"chili pepper","localizedName":"chili pepper","image":"red-chili.jpg"},{"id":4582,"name":"cooking oil","localizedName":"cooking oil","image":"vegetable-oil.jpg"}],"equipment":[]},{"number":5,"step":"Remove and discard the garlic and chile, leaving the flavored oil.","ingredients":[{"id":11215,"name":"garlic","localizedName":"garlic","image":"garlic.png"},{"id":11819,"name":"chili pepper","localizedName":"chili pepper","image":"red-chili.jpg"},{"id":4582,"name":"cooking oil","localizedName":"cooking oil","image":"vegetable-oil.jpg"}],"equipment":[]},{"number":6,"step":"Add the chicken to the pan and saute until golden but not cooked through. Stir in the bok choy and carrots and saute for 1 minute.","ingredients":[{"id":11116,"name":"bok choy","localizedName":"bok choy","image":"bok-choy.jpg"},{"id":11124,"name":"carrot","localizedName":"carrot","image":"sliced-carrot.png"},{"id":5006,"name":"whole chicken","localizedName":"whole chicken","image":"whole-chicken.jpg"}],"equipment":[{"id":404645,"name":"frying pan","localizedName":"frying pan","image":"pan.png"}],"length":{"number":1,"unit":"minutes"}},{"number":7,"step":"Stir in the mirin and cook for 30 seconds, then add the soy sauce and chicken stock and heat through. Ladle the soup into large, wide bowls and garnish with the chopped cilantro.","ingredients":[{"id":6172,"name":"chicken stock","localizedName":"chicken stock","image":"chicken-broth.png"},{"id":16124,"name":"soy sauce","localizedName":"soy sauce","image":"soy-sauce.jpg"},{"id":11165,"name":"cilantro","localizedName":"cilantro","image":"cilantro.png"},{"id":93830,"name":"mirin","localizedName":"mirin","image":"mirin.jpg"},{"id":0,"name":"soup","localizedName":"soup","image":""}],"equipment":[{"id":404783,"name":"bowl","localizedName":"bowl","image":"bowl.jpg"},{"id":404630,"name":"ladle","localizedName":"ladle","image":"ladle.jpg"}]}]}]
