[{"name":"","steps":[{"number":1,"step":"Bring a large saucepan of water to a boil. In a small bowl, mix 1 tablespoon of the soy sauce with the brandy, hoisin sauce and cornstarch. Blend the mixture into the ground pork.","ingredients":[{"id":6175,"name":"hoisin sauce","localizedName":"hoisin sauce","image":"dark-sauce.jpg"},{"id":10219,"name":"ground pork","localizedName":"ground pork","image":"meat-ground.jpg"},{"id":20027,"name":"corn starch","localizedName":"corn starch","image":"white-powder.jpg"},{"id":16124,"name":"soy sauce","localizedName":"soy sauce","image":"soy-sauce.jpg"},{"id":10114037,"name":"brandy","localizedName":"brandy","image":"brandy.png"},{"id":14412,"name":"water","localizedName":"water","image":"water.png"}],"equipment":[{"id":404669,"name":"sauce pan","localizedName":"sauce pan","image":"sauce-pan.jpg"},{"id":404783,"name":"bowl","localizedName":"bowl","image":"bowl.jpg"}]},{"number":2,"step":"In a small bowl, whisk the sesame paste with the vinegar and the remaining 2 tablespoons of soy sauce until smooth. In a small saucepan, heat the chili and sesame oils.","ingredients":[{"id":16124,"name":"soy sauce","localizedName":"soy sauce","image":"soy-sauce.jpg"},{"id":2053,"name":"vinegar","localizedName":"vinegar","image":"vinegar-(white).jpg"},{"id":12023,"name":"sesame seeds","localizedName":"sesame seeds","image":"sesame-seeds.png"},{"id":11819,"name":"chili pepper","localizedName":"chili pepper","image":"red-chili.jpg"}],"equipment":[{"id":404669,"name":"sauce pan","localizedName":"sauce pan","image":"sauce-pan.jpg"},{"id":404661,"name":"whisk","localizedName":"whisk","image":"whisk.png"},{"id":404783,"name":"bowl","localizedName":"bowl","image":"bowl.jpg"}]},{"number":3,"step":"Add the garlic and cook over high heat for 30 seconds.","ingredients":[{"id":11215,"name":"garlic","localizedName":"garlic","image":"garlic.png"}],"equipment":[]},{"number":4,"step":"Add the sesame paste mixture and simmer for 1 minute.","ingredients":[{"id":12023,"name":"sesame seeds","localizedName":"sesame seeds","image":"sesame-seeds.png"}],"equipment":[],"length":{"number":1,"unit":"minutes"}},{"number":5,"step":"Add the stock and simmer over low heat, stirring occasionally, until reduced slightly, about 3 minutes.","ingredients":[{"id":1006615,"name":"stock","localizedName":"stock","image":"chicken-broth.png"}],"equipment":[],"length":{"number":3,"unit":"minutes"}},{"number":6,"step":"In a small skillet, heat the vegetable oil.","ingredients":[{"id":4669,"name":"vegetable oil","localizedName":"vegetable oil","image":"vegetable-oil.jpg"}],"equipment":[{"id":404645,"name":"frying pan","localizedName":"frying pan","image":"pan.png"}]},{"number":7,"step":"Add the seasoned ground pork and cook over moderately high heat, breaking up the meat with a spatula, until cooked through, about 3 minutes. Cover the skillet and remove from the heat.","ingredients":[{"id":10219,"name":"ground pork","localizedName":"ground pork","image":"meat-ground.jpg"},{"id":1065062,"name":"meat","localizedName":"meat","image":"whole-chicken.jpg"}],"equipment":[{"id":404645,"name":"frying pan","localizedName":"frying pan","image":"pan.png"},{"id":404642,"name":"spatula","localizedName":"spatula","image":"spatula-or-turner.jpg"}],"length":{"number":3,"unit":"minutes"}},{"number":8,"step":"Add the bok choy to the boiling water and cook until bright green, about 10 seconds. Using a slotted spoon, transfer the bok choy to 4 small bowls. Cook the noodles in the boiling water until al dente, about 3 minutes.","ingredients":[{"id":11116,"name":"bok choy","localizedName":"bok choy","image":"bok-choy.jpg"},{"id":20420,"name":"pasta","localizedName":"pasta","image":"fusilli.jpg"},{"id":14412,"name":"water","localizedName":"water","image":"water.png"}],"equipment":[{"id":404636,"name":"slotted spoon","localizedName":"slotted spoon","image":"slotted-spoon.jpg"},{"id":404783,"name":"bowl","localizedName":"bowl","image":"bowl.jpg"}],"length":{"number":3,"unit":"minutes"}},{"number":9,"step":"Drain well and transfer to the bowls.","ingredients":[],"equipment":[{"id":404783,"name":"bowl","localizedName":"bowl","image":"bowl.jpg"}]},{"number":10,"step":"Pour the sauce over the noodles and spoon the ground pork on top.","ingredients":[{"id":10219,"name":"ground pork","localizedName":"ground pork","image":"meat-ground.jpg"},{"id":20420,"name":"pasta","localizedName":"pasta","image":"fusilli.jpg"},{"id":0,"name":"sauce","localizedName":"sauce","image":""}],"equipment":[]},{"number":11,"step":"Garnish with the pickled mustard greens and scallions and serve.","ingredients":[{"id":43143,"name":"pickled mustard greens","localizedName":"pickled mustard greens","image":"salted-mustard.jpg"},{"id":11291,"name":"green onions","localizedName":"green onions","image":"spring-onions.jpg"}],"equipment":[]}]}]
