[{"name":"","steps":[{"number":1,"step":"Lay the pancetta on a baking sheet lined with plastic wrap and freeze until firm. Finely chop the pancetta, then transfer it to a food processor and pulse until minced.","ingredients":[{"id":10410123,"name":"pancetta","localizedName":"pancetta","image":"pancetta.png"},{"id":10018364,"name":"wrap","localizedName":"wrap","image":"flour-tortilla.jpg"}],"equipment":[{"id":404771,"name":"food processor","localizedName":"food processor","image":"food-processor.png"},{"id":404727,"name":"baking sheet","localizedName":"baking sheet","image":"baking-sheet.jpg"},{"id":404730,"name":"plastic wrap","localizedName":"plastic wrap","image":"plastic-wrap.jpg"}]},{"number":2,"step":"In a large bowl, combine the ground pork, veal and beef with the minced pancetta. In a small bowl, combine 1 teaspoon of salt with the cinnamon, allspice, cloves and nutmeg.","ingredients":[{"id":10219,"name":"ground pork","localizedName":"ground pork","image":"meat-ground.jpg"},{"id":2001,"name":"allspice","localizedName":"allspice","image":"allspice-ground.jpg"},{"id":2010,"name":"cinnamon","localizedName":"cinnamon","image":"cinnamon.jpg"},{"id":10410123,"name":"pancetta","localizedName":"pancetta","image":"pancetta.png"},{"id":1002011,"name":"clove","localizedName":"clove","image":"cloves.jpg"},{"id":2025,"name":"nutmeg","localizedName":"nutmeg","image":"ground-nutmeg.jpg"},{"id":23572,"name":"beef","localizedName":"beef","image":"beef-cubes-raw.png"},{"id":2047,"name":"salt","localizedName":"salt","image":"salt.jpg"},{"id":17142,"name":"veal","localizedName":"veal","image":"veal.jpg"}],"equipment":[{"id":404783,"name":"bowl","localizedName":"bowl","image":"bowl.jpg"}]},{"number":3,"step":"Sprinkle the spices over the meat and mix thoroughly but gently with your hands. Pat the meat into 6 burgers and refrigerate.","ingredients":[{"id":2035,"name":"spices","localizedName":"spices","image":"spices.png"},{"id":1065062,"name":"meat","localizedName":"meat","image":"whole-chicken.jpg"}],"equipment":[]},{"number":4,"step":"Light a grill. In a large pot of boiling salted water, cook the broccoli rabe until just tender, about 2 minutes.","ingredients":[{"id":11096,"name":"broccoli rabe","localizedName":"broccoli rabe","image":"broccoli-rabe.jpg"},{"id":14412,"name":"water","localizedName":"water","image":"water.png"}],"equipment":[{"id":404706,"name":"grill","localizedName":"grill","image":"grill.jpg"},{"id":404752,"name":"pot","localizedName":"pot","image":"stock-pot.jpg"}],"length":{"number":2,"unit":"minutes"}},{"number":5,"step":"Drain, lightly squeeze out any excess water and coarsely chop.","ingredients":[{"id":14412,"name":"water","localizedName":"water","image":"water.png"}],"equipment":[]},{"number":6,"step":"Heat the olive oil in a large skillet.","ingredients":[{"id":4053,"name":"olive oil","localizedName":"olive oil","image":"olive-oil.jpg"}],"equipment":[{"id":404645,"name":"frying pan","localizedName":"frying pan","image":"pan.png"}]},{"number":7,"step":"Add the garlic and crushed red pepper and cook over moderate heat until fragrant, about 1 minute.","ingredients":[{"id":1032009,"name":"red pepper flakes","localizedName":"red pepper flakes","image":"red-pepper-flakes.jpg"},{"id":11215,"name":"garlic","localizedName":"garlic","image":"garlic.png"}],"equipment":[],"length":{"number":1,"unit":"minutes"}},{"number":8,"step":"Add the broccoli rabe and cook, stirring, until heated through. Season with salt and pepper.","ingredients":[{"id":1102047,"name":"salt and pepper","localizedName":"salt and pepper","image":"salt-and-pepper.jpg"},{"id":11096,"name":"broccoli rabe","localizedName":"broccoli rabe","image":"broccoli-rabe.jpg"}],"equipment":[]},{"number":9,"step":"Season the burgers with pepper and grill over a hot fire until just cooked through, about 5 minutes per side. Melt the Fontina on the burgers about 1 minute before they are done. Spoon the broccoli rabe onto the bottom buns, then set the burgers on top. Close the sandwiches and serve at once.","ingredients":[{"id":11096,"name":"broccoli rabe","localizedName":"broccoli rabe","image":"broccoli-rabe.jpg"},{"id":1020,"name":"fontina cheese","localizedName":"fontina cheese","image":"fontina.jpg"},{"id":1002030,"name":"pepper","localizedName":"pepper","image":"pepper.jpg"},{"id":0,"name":"roll","localizedName":"roll","image":"dinner-yeast-rolls.jpg"}],"equipment":[{"id":404706,"name":"grill","localizedName":"grill","image":"grill.jpg"}],"length":{"number":6,"unit":"minutes"}}]}]
