[{"name":"","steps":[{"number":1,"step":"Stir sesame seeds in heavy medium skillet over medium-low heat until lightly toasted, about 4 minutes.","ingredients":[{"id":12023,"name":"sesame seeds","localizedName":"sesame seeds","image":"sesame-seeds.png"}],"equipment":[{"id":404645,"name":"frying pan","localizedName":"frying pan","image":"pan.png"}],"length":{"number":4,"unit":"minutes"}},{"number":2,"step":"Transfer to small dish.","ingredients":[],"equipment":[]},{"number":3,"step":"Mix next 5 ingredients in small bowl. Stir in green onions and 2 tablespoons toasted sesame seeds; season with salt and pepper.","ingredients":[{"id":1102047,"name":"salt and pepper","localizedName":"salt and pepper","image":"salt-and-pepper.jpg"},{"id":11291,"name":"green onions","localizedName":"green onions","image":"spring-onions.jpg"},{"id":12023,"name":"sesame seeds","localizedName":"sesame seeds","image":"sesame-seeds.png"}],"equipment":[{"id":404783,"name":"bowl","localizedName":"bowl","image":"bowl.jpg"}]},{"number":4,"step":"Transfer 3 tablespoons sauce to medium bowl and mix in mushrooms; marinate 15 minutes.","ingredients":[{"id":11260,"name":"mushrooms","localizedName":"mushrooms","image":"mushrooms.png"},{"id":0,"name":"sauce","localizedName":"sauce","image":""}],"equipment":[{"id":404783,"name":"bowl","localizedName":"bowl","image":"bowl.jpg"}],"length":{"number":15,"unit":"minutes"}},{"number":5,"step":"Blanch choy sum, snow peas, and carrot in large pot of boiling salted water 1 minute. Using strainer, transfer vegetables to colander. Rinse with cold water and set aside to drain. Return water to boil; add noodles. Cook until just tender but still slightly chewy, stirring often, about 4 minutes.","ingredients":[{"id":11583,"name":"vegetable","localizedName":"vegetable","image":"mixed-vegetables.png"},{"id":11300,"name":"snow peas","localizedName":"snow peas","image":"snow-peas.jpg"},{"id":99215,"name":"choy sum","localizedName":"choy sum","image":"choy-sum.jpg"},{"id":20420,"name":"pasta","localizedName":"pasta","image":"fusilli.jpg"},{"id":11124,"name":"carrot","localizedName":"carrot","image":"sliced-carrot.png"},{"id":14412,"name":"water","localizedName":"water","image":"water.png"}],"equipment":[{"id":404639,"name":"colander","localizedName":"colander","image":"colander.jpg"},{"id":405600,"name":"sieve","localizedName":"sieve","image":"strainer.png"},{"id":404752,"name":"pot","localizedName":"pot","image":"stock-pot.jpg"}],"length":{"number":5,"unit":"minutes"}},{"number":6,"step":"Drain, rinse with cold water, and drain again. Using kitchen shears, cut noodles crosswise in several places. (Sauce, mushrooms, vegetables, and noodles can be prepared 2 hours ahead.","ingredients":[{"id":11583,"name":"vegetable","localizedName":"vegetable","image":"mixed-vegetables.png"},{"id":11260,"name":"mushrooms","localizedName":"mushrooms","image":"mushrooms.png"},{"id":20420,"name":"pasta","localizedName":"pasta","image":"fusilli.jpg"},{"id":0,"name":"sauce","localizedName":"sauce","image":""},{"id":14412,"name":"water","localizedName":"water","image":"water.png"}],"equipment":[],"length":{"number":120,"unit":"minutes"}},{"number":7,"step":"Let stand at room temperature.)","ingredients":[],"equipment":[]},{"number":8,"step":"Heat 1 tablespoon vegetable oil in heavy large nonstick skillet over medium-high heat.","ingredients":[{"id":4669,"name":"vegetable oil","localizedName":"vegetable oil","image":"vegetable-oil.jpg"}],"equipment":[{"id":404645,"name":"frying pan","localizedName":"frying pan","image":"pan.png"}]},{"number":9,"step":"Add half of shallots; stir 30 seconds.","ingredients":[{"id":11677,"name":"shallot","localizedName":"shallot","image":"shallots.jpg"}],"equipment":[]},{"number":10,"step":"Add mushroom mixture; sauté until tender, about 4 minutes. Scrape mushroom mixture into large bowl.","ingredients":[{"id":11260,"name":"mushrooms","localizedName":"mushrooms","image":"mushrooms.png"}],"equipment":[{"id":404783,"name":"bowl","localizedName":"bowl","image":"bowl.jpg"}],"length":{"number":4,"unit":"minutes"}},{"number":11,"step":"Heat 2 tablespoons oil in same skillet over medium heat.","ingredients":[{"id":4582,"name":"cooking oil","localizedName":"cooking oil","image":"vegetable-oil.jpg"}],"equipment":[{"id":404645,"name":"frying pan","localizedName":"frying pan","image":"pan.png"}]},{"number":12,"step":"Add remaining shallots and stir 30 seconds.","ingredients":[{"id":11677,"name":"shallot","localizedName":"shallot","image":"shallots.jpg"}],"equipment":[]},{"number":13,"step":"Add remaining sauce and noodles. Simmer until noodles absorb almost all sauce, stirring often, about 5 minutes.","ingredients":[{"id":20420,"name":"pasta","localizedName":"pasta","image":"fusilli.jpg"},{"id":0,"name":"sauce","localizedName":"sauce","image":""}],"equipment":[],"length":{"number":5,"unit":"minutes"}},{"number":14,"step":"Add noodle mixture to bowl with mushrooms.","ingredients":[{"id":11260,"name":"mushrooms","localizedName":"mushrooms","image":"mushrooms.png"},{"id":20420,"name":"pasta","localizedName":"pasta","image":"fusilli.jpg"}],"equipment":[{"id":404783,"name":"bowl","localizedName":"bowl","image":"bowl.jpg"}]},{"number":15,"step":"Add choy sum, snow peas, and carrot; toss. Season with salt and pepper.","ingredients":[{"id":1102047,"name":"salt and pepper","localizedName":"salt and pepper","image":"salt-and-pepper.jpg"},{"id":11300,"name":"snow peas","localizedName":"snow peas","image":"snow-peas.jpg"},{"id":99215,"name":"choy sum","localizedName":"choy sum","image":"choy-sum.jpg"},{"id":11124,"name":"carrot","localizedName":"carrot","image":"sliced-carrot.png"}],"equipment":[]},{"number":16,"step":"Transfer stir-fry to large shallow bowl.","ingredients":[],"equipment":[{"id":404783,"name":"bowl","localizedName":"bowl","image":"bowl.jpg"}]},{"number":17,"step":"Sprinkle with remaining 1 tablespoon sesame seeds and serve.","ingredients":[{"id":12023,"name":"sesame seeds","localizedName":"sesame seeds","image":"sesame-seeds.png"}],"equipment":[]}]}]
