[{"name":"","steps":[{"number":1,"step":"Trim ends of the broccoli rabe and cut into 3-inch pieces.Bring 2 inches water to a boil in a high sided skillet. Salt the water.","ingredients":[{"id":11096,"name":"broccoli rabe","localizedName":"broccoli rabe","image":"broccoli-rabe.jpg"},{"id":14412,"name":"water","localizedName":"water","image":"water.png"},{"id":2047,"name":"salt","localizedName":"salt","image":"salt.jpg"}],"equipment":[{"id":404645,"name":"frying pan","localizedName":"frying pan","image":"pan.png"}]},{"number":2,"step":"Add the broccoli rabe and simmer 10 minutes, drain. Return skillet to the stove and heat extra-virgin olive oil over medium-high heat.","ingredients":[{"id":1034053,"name":"extra virgin olive oil","localizedName":"extra virgin olive oil","image":"olive-oil.jpg"},{"id":11096,"name":"broccoli rabe","localizedName":"broccoli rabe","image":"broccoli-rabe.jpg"}],"equipment":[{"id":404645,"name":"frying pan","localizedName":"frying pan","image":"pan.png"},{"id":404794,"name":"stove","localizedName":"stove","image":"oven.jpg"}],"length":{"number":10,"unit":"minutes"}},{"number":3,"step":"Add sausage, brown and crumble 6 to 7 minutes.","ingredients":[{"id":1017063,"name":"sausage","localizedName":"sausage","image":"raw-pork-sausage.png"}],"equipment":[],"length":{"number":6,"unit":"minutes"}},{"number":4,"step":"Add the broccoli rabe and stir to combine.","ingredients":[{"id":11096,"name":"broccoli rabe","localizedName":"broccoli rabe","image":"broccoli-rabe.jpg"}],"equipment":[]}]}]
