[{"name":"","steps":[{"number":1,"step":"Line a plate with a triple layer of paper towels; top with tofu.","ingredients":[{"id":16213,"name":"tofu","localizedName":"tofu","image":"tofu.png"}],"equipment":[{"id":405895,"name":"paper towels","localizedName":"paper towels","image":"paper-towels.jpg"}]},{"number":2,"step":"Place a triple layer of paper towels on top of tofu; top with another plate.","ingredients":[{"id":16213,"name":"tofu","localizedName":"tofu","image":"tofu.png"}],"equipment":[{"id":405895,"name":"paper towels","localizedName":"paper towels","image":"paper-towels.jpg"}]},{"number":3,"step":"Let stand 20 minutes.","ingredients":[],"equipment":[],"length":{"number":20,"unit":"minutes"}},{"number":4,"step":"Cut tofu into 1/2-inch cubes.","ingredients":[{"id":16213,"name":"tofu","localizedName":"tofu","image":"tofu.png"}],"equipment":[]},{"number":5,"step":"Cook noodles in a large pan of boiling water 3 minutes or until done; drain in a colander over a bowl, reserving 1 cup cooking liquid. Wipe pan with paper towels.","ingredients":[{"id":20420,"name":"pasta","localizedName":"pasta","image":"fusilli.jpg"},{"id":14412,"name":"water","localizedName":"water","image":"water.png"}],"equipment":[{"id":405895,"name":"paper towels","localizedName":"paper towels","image":"paper-towels.jpg"},{"id":404639,"name":"colander","localizedName":"colander","image":"colander.jpg"},{"id":404783,"name":"bowl","localizedName":"bowl","image":"bowl.jpg"},{"id":404645,"name":"frying pan","localizedName":"frying pan","image":"pan.png"}],"length":{"number":3,"unit":"minutes"}},{"number":6,"step":"Heat oil in pan over medium heat.","ingredients":[{"id":4582,"name":"cooking oil","localizedName":"cooking oil","image":"vegetable-oil.jpg"}],"equipment":[{"id":404645,"name":"frying pan","localizedName":"frying pan","image":"pan.png"}]},{"number":7,"step":"Add garlic to pan; cook 30 seconds, stirring constantly.","ingredients":[{"id":11215,"name":"garlic","localizedName":"garlic","image":"garlic.png"}],"equipment":[{"id":404645,"name":"frying pan","localizedName":"frying pan","image":"pan.png"}]},{"number":8,"step":"Add salt and bok choy; cook 30 seconds, stirring frequently. Stir in 1/2 cup reserved cooking liquid; bring to a boil. Reduce heat, and cook 4 minutes.","ingredients":[{"id":11116,"name":"bok choy","localizedName":"bok choy","image":"bok-choy.jpg"},{"id":2047,"name":"salt","localizedName":"salt","image":"salt.jpg"}],"equipment":[],"length":{"number":4,"unit":"minutes"}},{"number":9,"step":"Combine sugar and remaining ingredients, stirring until combined.","ingredients":[{"id":19335,"name":"sugar","localizedName":"sugar","image":"sugar-in-bowl.png"}],"equipment":[]},{"number":10,"step":"Add noodles, remaining 1/2 cup cooking liquid, and sugar mixture to pan; toss to combine. Cook 30 seconds or until thoroughly heated, tossing to coat.","ingredients":[{"id":20420,"name":"pasta","localizedName":"pasta","image":"fusilli.jpg"},{"id":19335,"name":"sugar","localizedName":"sugar","image":"sugar-in-bowl.png"}],"equipment":[{"id":404645,"name":"frying pan","localizedName":"frying pan","image":"pan.png"}]},{"number":11,"step":"Add tofu; toss to combine.","ingredients":[{"id":16213,"name":"tofu","localizedName":"tofu","image":"tofu.png"}],"equipment":[]},{"number":12,"step":"Serve immediately.","ingredients":[],"equipment":[]}]}]
