[{"name":"","steps":[{"number":1,"step":"Place pork tenderloin strips in mediumbowl; sprinkle with salt and freshly groundblack pepper and toss with cornstarch tocoat.","ingredients":[{"id":10218,"name":"pork tenderloin","localizedName":"pork tenderloin","image":"pork-tenderloin-raw.png"},{"id":20027,"name":"corn starch","localizedName":"corn starch","image":"white-powder.jpg"},{"id":1002030,"name":"pepper","localizedName":"pepper","image":"pepper.jpg"},{"id":2047,"name":"salt","localizedName":"salt","image":"salt.jpg"}],"equipment":[]},{"number":2,"step":"Heat 1 tablespoon sesame oil in largenonstick skillet over medium-high heat.","ingredients":[{"id":4058,"name":"sesame oil","localizedName":"sesame oil","image":"sesame-oil.png"}],"equipment":[{"id":404645,"name":"frying pan","localizedName":"frying pan","image":"pan.png"}]},{"number":3,"step":"Add minced ginger; stir 30 seconds.","ingredients":[{"id":11216,"name":"ginger","localizedName":"ginger","image":"ginger.png"}],"equipment":[]},{"number":4,"step":"Addpork tenderloin strips; stir-fry until pork isbeginning to brown and is almost cookedthrough, about 3 minutes.","ingredients":[{"id":10010219,"name":"pork","localizedName":"pork","image":"pork-tenderloin-raw.png"}],"equipment":[],"length":{"number":3,"unit":"minutes"}},{"number":5,"step":"Add tangerinepieces; toss 30 seconds.","ingredients":[],"equipment":[]},{"number":6,"step":"Add sweet chilisauce, soy sauce, and Chinese five-spicepowder; boil until sauce in skillet thickensslightly, tossing to blend, about 1 minute.Stir in remaining 1 tablespoon sesame oil,bok choy, and half of sliced green onions.Stir-fry just until bok choy is wilted, 1 to2 minutes. Season to taste with salt andfreshly ground black pepper.","ingredients":[{"id":1002030,"name":"ground black pepper","localizedName":"ground black pepper","image":"pepper.jpg"},{"id":11291,"name":"green onions","localizedName":"green onions","image":"spring-onions.jpg"},{"id":6972,"name":"chili sauce","localizedName":"chili sauce","image":"tomato-sauce-or-pasta-sauce.jpg"},{"id":4058,"name":"sesame oil","localizedName":"sesame oil","image":"sesame-oil.png"},{"id":16124,"name":"soy sauce","localizedName":"soy sauce","image":"soy-sauce.jpg"},{"id":11116,"name":"bok choy","localizedName":"bok choy","image":"bok-choy.jpg"},{"id":0,"name":"sauce","localizedName":"sauce","image":""},{"id":2047,"name":"salt","localizedName":"salt","image":"salt.jpg"}],"equipment":[{"id":404645,"name":"frying pan","localizedName":"frying pan","image":"pan.png"}],"length":{"number":3,"unit":"minutes"}},{"number":7,"step":"Transfer tobowl; sprinkle with remaining sliced greenonions and serve.","ingredients":[],"equipment":[]}]}]
