[{"name":"","steps":[{"number":1,"step":"Heat oil in a Dutch oven over medium-low heat.","ingredients":[{"id":4582,"name":"cooking oil","localizedName":"cooking oil","image":"vegetable-oil.jpg"}],"equipment":[{"id":404667,"name":"dutch oven","localizedName":"dutch oven","image":"dutch-oven.jpg"}]},{"number":2,"step":"Add ginger and garlic; saut 1 minute.","ingredients":[{"id":11215,"name":"garlic","localizedName":"garlic","image":"garlic.png"},{"id":11216,"name":"ginger","localizedName":"ginger","image":"ginger.png"}],"equipment":[],"length":{"number":1,"unit":"minutes"}},{"number":3,"step":"Add chicken and next 3 ingredients. Bring to a boil over high heat. Reduce heat and simmer, uncovered, 5 minutes. Stir in green onions. Ladle soup evenly into 6 bowls.","ingredients":[{"id":11291,"name":"green onions","localizedName":"green onions","image":"spring-onions.jpg"},{"id":5006,"name":"whole chicken","localizedName":"whole chicken","image":"whole-chicken.jpg"},{"id":0,"name":"soup","localizedName":"soup","image":""}],"equipment":[{"id":404783,"name":"bowl","localizedName":"bowl","image":"bowl.jpg"},{"id":404630,"name":"ladle","localizedName":"ladle","image":"ladle.jpg"}],"length":{"number":5,"unit":"minutes"}},{"number":4,"step":"Serve with: Crispy Sesame Wontons","ingredients":[{"id":12023,"name":"sesame seeds","localizedName":"sesame seeds","image":"sesame-seeds.png"}],"equipment":[]}]}]
