[{"name":"","steps":[{"number":1,"step":"Cut the bottom 2 inches off broccoli rabe stems.  Roughly chop the leaves into 1-inch pieces.  Bring a large pot of water to a boil.","ingredients":[{"id":11096,"name":"broccoli rabe","localizedName":"broccoli rabe","image":"broccoli-rabe.jpg"},{"id":14412,"name":"water","localizedName":"water","image":"water.png"}],"equipment":[{"id":404752,"name":"pot","localizedName":"pot","image":"stock-pot.jpg"}]},{"number":2,"step":"Add the broccoli rabe and cook for 2 to 3 minutes, or until tender.","ingredients":[{"id":11096,"name":"broccoli rabe","localizedName":"broccoli rabe","image":"broccoli-rabe.jpg"}],"equipment":[],"length":{"number":2,"unit":"minutes"}},{"number":3,"step":"Drain in a colander, then dunk in a bowl of ice water.  When cool, dry and set aside.","ingredients":[{"id":14412,"name":"water","localizedName":"water","image":"water.png"}],"equipment":[{"id":404639,"name":"colander","localizedName":"colander","image":"colander.jpg"},{"id":404783,"name":"bowl","localizedName":"bowl","image":"bowl.jpg"}]},{"number":4,"step":"In a small bowl, whisk together the soy sauce, rice vinegar, sesame oil, and sugar.","ingredients":[{"id":1022053,"name":"rice vinegar","localizedName":"rice vinegar","image":"rice-vinegar.png"},{"id":4058,"name":"sesame oil","localizedName":"sesame oil","image":"sesame-oil.png"},{"id":16124,"name":"soy sauce","localizedName":"soy sauce","image":"soy-sauce.jpg"},{"id":19335,"name":"sugar","localizedName":"sugar","image":"sugar-in-bowl.png"}],"equipment":[{"id":404661,"name":"whisk","localizedName":"whisk","image":"whisk.png"},{"id":404783,"name":"bowl","localizedName":"bowl","image":"bowl.jpg"}]},{"number":5,"step":"Pour the oil into large skillet over medium heat.","ingredients":[{"id":4582,"name":"cooking oil","localizedName":"cooking oil","image":"vegetable-oil.jpg"}],"equipment":[{"id":404645,"name":"frying pan","localizedName":"frying pan","image":"pan.png"}]},{"number":6,"step":"Add the garlic, red pepper flakes, and ginger and cook for 3 to 4 minutes.  Turn the heat up to medium-high, and add the chopped broccoli rabe and the soy sauce mixture.  Stir well, and cook for about a minute until the broccoli rabe is warmed and the sauce has thickened.  Season with salt and serve.","ingredients":[{"id":1032009,"name":"red pepper flakes","localizedName":"red pepper flakes","image":"red-pepper-flakes.jpg"},{"id":11096,"name":"broccoli rabe","localizedName":"broccoli rabe","image":"broccoli-rabe.jpg"},{"id":16124,"name":"soy sauce","localizedName":"soy sauce","image":"soy-sauce.jpg"},{"id":11215,"name":"garlic","localizedName":"garlic","image":"garlic.png"},{"id":11216,"name":"ginger","localizedName":"ginger","image":"ginger.png"},{"id":0,"name":"sauce","localizedName":"sauce","image":""},{"id":2047,"name":"salt","localizedName":"salt","image":"salt.jpg"}],"equipment":[],"length":{"number":3,"unit":"minutes"}}]}]
