[{"name":"","steps":[{"number":1,"step":"Make dough: Put yeast, oil, and 2 cups plus 1 tbsp. cold tap water in bowl of a stand mixer and mix, using dough hook, on lowest speed, 5 minutes or until yeast has completely dissolved.","ingredients":[{"id":0,"name":"dough","localizedName":"dough","image":"pizza-dough"},{"id":14412,"name":"water","localizedName":"water","image":"water.png"},{"id":18375,"name":"yeast","localizedName":"yeast","image":"yeast-granules.jpg"},{"id":4582,"name":"cooking oil","localizedName":"cooking oil","image":"vegetable-oil.jpg"}],"equipment":[{"id":404665,"name":"stand mixer","localizedName":"stand mixer","image":"stand-mixer.jpg"},{"id":404783,"name":"bowl","localizedName":"bowl","image":"bowl.jpg"}],"length":{"number":5,"unit":"minutes"}},{"number":2,"step":"Add flour and mix another 8 minutes.","ingredients":[{"id":20081,"name":"all purpose flour","localizedName":"all purpose flour","image":"flour.png"}],"equipment":[],"length":{"number":8,"unit":"minutes"}},{"number":3,"step":"Cover bowl loosely with a dampened towel and let dough rise 20 minutes.","ingredients":[{"id":0,"name":"dough","localizedName":"dough","image":"pizza-dough"}],"equipment":[{"id":404783,"name":"bowl","localizedName":"bowl","image":"bowl.jpg"}],"length":{"number":20,"unit":"minutes"}},{"number":4,"step":"Add salt and mix on low speed until incorporated and dissolved, about 7 minutes.","ingredients":[{"id":2047,"name":"salt","localizedName":"salt","image":"salt.jpg"}],"equipment":[],"length":{"number":7,"unit":"minutes"}},{"number":5,"step":"Turn dough onto a lightly floured work surface and cut into 6 equal portions.","ingredients":[{"id":0,"name":"dough","localizedName":"dough","image":"pizza-dough"}],"equipment":[]},{"number":6,"step":"Roll each portion with a circular pressing motion into a tight ball.","ingredients":[{"id":0,"name":"roll","localizedName":"roll","image":"dinner-yeast-rolls.jpg"}],"equipment":[]},{"number":7,"step":"Place on a lightly floured baking sheet.","ingredients":[],"equipment":[{"id":404727,"name":"baking sheet","localizedName":"baking sheet","image":"baking-sheet.jpg"}]},{"number":8,"step":"Cover tightly with plastic wrap and let rise at least 4 hours at warm room temperature. Dough balls have risen properly when they are soft, pillowy, and full of air.","ingredients":[{"id":0,"name":"dough","localizedName":"dough","image":"pizza-dough"},{"id":10018364,"name":"wrap","localizedName":"wrap","image":"flour-tortilla.jpg"}],"equipment":[{"id":404730,"name":"plastic wrap","localizedName":"plastic wrap","image":"plastic-wrap.jpg"}],"length":{"number":240,"unit":"minutes"}},{"number":9,"step":"Heat a pizza stone or baking sheet on lowest rack of oven at 550 (or as high as oven will go), at least 30 minutes.","ingredients":[],"equipment":[{"id":404727,"name":"baking sheet","localizedName":"baking sheet","image":"baking-sheet.jpg"},{"id":406907,"name":"pizza stone","localizedName":"pizza stone","image":"pizza-stone.jpg"},{"id":404784,"name":"oven","localizedName":"oven","image":"oven.jpg"}],"length":{"number":30,"unit":"minutes"}},{"number":10,"step":"Make toppings: With flat side of a chef's knife, mash a third of mozzarella until pulverized. Dice remaining mozzarella into 1/2-in. cubes. In a medium bowl, mix both mozzarellas with mozzarella liquid, caciocavallo, cream, and buttermilk. Season with 1/4 tsp. salt.","ingredients":[{"id":1230,"name":"buttermilk","localizedName":"buttermilk","image":"buttermilk.jpg"},{"id":1026,"name":"mozzarella","localizedName":"mozzarella","image":"mozzarella.png"},{"id":1053,"name":"cream","localizedName":"cream","image":"fluid-cream.jpg"},{"id":2047,"name":"salt","localizedName":"salt","image":"salt.jpg"}],"equipment":[{"id":404672,"name":"chefs knife","localizedName":"chefs knife","image":"chefs-knife.jpg"},{"id":404783,"name":"bowl","localizedName":"bowl","image":"bowl.jpg"}]},{"number":11,"step":"Cut broccoli rabe into 1-in. sections, discarding tough lower stems.","ingredients":[{"id":11096,"name":"broccoli rabe","localizedName":"broccoli rabe","image":"broccoli-rabe.jpg"}],"equipment":[]},{"number":12,"step":"In a large frying pan over very low heat, cook garlic in oil, stirring often, until it starts to turn transparent, about 5 minutes.","ingredients":[{"id":11215,"name":"garlic","localizedName":"garlic","image":"garlic.png"},{"id":4582,"name":"cooking oil","localizedName":"cooking oil","image":"vegetable-oil.jpg"}],"equipment":[{"id":404645,"name":"frying pan","localizedName":"frying pan","image":"pan.png"}],"length":{"number":5,"unit":"minutes"}},{"number":13,"step":"Add chile flakes and toast for a second, then add broccoli rabe. Stir in remaining 1/4 tsp. salt and several grinds of pepper.","ingredients":[{"id":11096,"name":"broccoli rabe","localizedName":"broccoli rabe","image":"broccoli-rabe.jpg"},{"id":1032009,"name":"red pepper flakes","localizedName":"red pepper flakes","image":"red-pepper-flakes.jpg"},{"id":1002030,"name":"pepper","localizedName":"pepper","image":"pepper.jpg"},{"id":18070,"name":"toast","localizedName":"toast","image":"toast"},{"id":2047,"name":"salt","localizedName":"salt","image":"salt.jpg"}],"equipment":[]},{"number":14,"step":"Crank heat to medium-high and cook broccoli rabe, stirring, until liquid starts to evaporate and broccoli rabe is tender-crisp, 5 to 7 minutes (don't cook it to mush). If liquid is gone and broccoli rabe is still too crunchy, add water in 1/4-cup increments and cook until tender-crisp.","ingredients":[{"id":11096,"name":"broccoli rabe","localizedName":"broccoli rabe","image":"broccoli-rabe.jpg"},{"id":14412,"name":"water","localizedName":"water","image":"water.png"}],"equipment":[],"length":{"number":5,"unit":"minutes"}},{"number":15,"step":"Working with 1 dough ball at a time (keep the rest tightly covered), set on a well-floured pizza peel or baking sheet. To stretch into an 11- to 12-in. circle, first tap down center of ball with your fingertips to gently deflate it. Next, push it outward from the center with your fingertips. Then pick up the dough circle and, holding it under the rim, turn it like a steering wheel, letting the gravity of the dough help it stretch. Drape the dough over the backs of your hands and gently stretch outward, rotating periodically. Flop the stretched dough down onto the pizza peel.","ingredients":[{"id":0,"name":"dough","localizedName":"dough","image":"pizza-dough"}],"equipment":[{"id":404727,"name":"baking sheet","localizedName":"baking sheet","image":"baking-sheet.jpg"}]},{"number":16,"step":"Spread about 2/3 cup cheese mixture evenly over dough. Top with 1/2 cup broccoli rabe, a generous pinch chile flakes, and 2 tbsp. olives. Give peel a good shake every few seconds to keep dough from sticking.","ingredients":[{"id":11096,"name":"broccoli rabe","localizedName":"broccoli rabe","image":"broccoli-rabe.jpg"},{"id":1032009,"name":"red pepper flakes","localizedName":"red pepper flakes","image":"red-pepper-flakes.jpg"},{"id":1041009,"name":"cheese","localizedName":"cheese","image":"cheddar-cheese.png"},{"id":9195,"name":"olives","localizedName":"olives","image":"olives-mixed.jpg"},{"id":0,"name":"spread","localizedName":"spread","image":""},{"id":0,"name":"dough","localizedName":"dough","image":"pizza-dough"},{"id":0,"name":"shake","localizedName":"shake","image":""}],"equipment":[]},{"number":17,"step":"Plant tip of pizza peel (or long edge of baking sheet) on pizza stone and shove pizza quickly onto stone (or preheated sheet).","ingredients":[],"equipment":[{"id":404727,"name":"baking sheet","localizedName":"baking sheet","image":"baking-sheet.jpg"},{"id":406907,"name":"pizza stone","localizedName":"pizza stone","image":"pizza-stone.jpg"}]},{"number":18,"step":"Bake 5 to 6 minutes, or until puffy and browned.","ingredients":[],"equipment":[{"id":404784,"name":"oven","localizedName":"oven","image":"oven.jpg"}],"length":{"number":5,"unit":"minutes"}},{"number":19,"step":"Drizzle with extra-virgin olive oil. Repeat with 2 dough balls and toppings (top remaining 3 differently or freeze).","ingredients":[{"id":1034053,"name":"extra virgin olive oil","localizedName":"extra virgin olive oil","image":"olive-oil.jpg"},{"id":0,"name":"dough","localizedName":"dough","image":"pizza-dough"}],"equipment":[]},{"number":20,"step":"Make ahead: Form dough into balls (through step","ingredients":[{"id":0,"name":"dough","localizedName":"dough","image":"pizza-dough"}],"equipment":[]},{"number":21,"step":"and chill overnight, tightly covered with plastic wrap, instead of letting rise on counter (it will rise slowly in the fridge). You can also freeze dough for up to 2 weeks; let chilled or frozen dough come to room temperature before stretching. Make cheese topping and broccoli rabe topping up to 1 day ahead and chill, covered.","ingredients":[{"id":11096,"name":"broccoli rabe","localizedName":"broccoli rabe","image":"broccoli-rabe.jpg"},{"id":1041009,"name":"cheese","localizedName":"cheese","image":"cheddar-cheese.png"},{"id":0,"name":"dough","localizedName":"dough","image":"pizza-dough"},{"id":10018364,"name":"wrap","localizedName":"wrap","image":"flour-tortilla.jpg"}],"equipment":[{"id":404730,"name":"plastic wrap","localizedName":"plastic wrap","image":"plastic-wrap.jpg"}]},{"number":22,"step":"*Find at well-stocked grocery stores and Italian markets.","ingredients":[],"equipment":[]},{"number":23,"step":"**While Delfina uses 3 tbsp. of kosher salt, in our tests 1 1/2 tbsp. kosher salt also delivered a well-seasoned crust. If you're concerned about sodium intake, you can successfully use the lower amount.","ingredients":[{"id":1082047,"name":"kosher salt","localizedName":"kosher salt","image":"salt.jpg"},{"id":0,"name":"crust","localizedName":"crust","image":""}],"equipment":[]}]}]
