[{"name":"","steps":[{"number":1,"step":"Cook the noodles according to the package directions, then drain and rinse under cold water. In a measuring cup, mix the stock with the soy sauce, Shaoxing, sesame oil and crushed red pepper. In a small bowl, mix the cornstarch with the water.","ingredients":[{"id":1032009,"name":"red pepper flakes","localizedName":"red pepper flakes","image":"red-pepper-flakes.jpg"},{"id":20027,"name":"corn starch","localizedName":"corn starch","image":"white-powder.jpg"},{"id":4058,"name":"sesame oil","localizedName":"sesame oil","image":"sesame-oil.png"},{"id":16124,"name":"soy sauce","localizedName":"soy sauce","image":"soy-sauce.jpg"},{"id":20420,"name":"pasta","localizedName":"pasta","image":"fusilli.jpg"},{"id":1006615,"name":"stock","localizedName":"stock","image":"chicken-broth.png"},{"id":14412,"name":"water","localizedName":"water","image":"water.png"}],"equipment":[{"id":404766,"name":"measuring cup","localizedName":"measuring cup","image":"measuring-cup.jpg"},{"id":404783,"name":"bowl","localizedName":"bowl","image":"bowl.jpg"}]},{"number":2,"step":"In a very large skillet, heat 2 tablespoons of the vegetable oil.","ingredients":[{"id":4669,"name":"vegetable oil","localizedName":"vegetable oil","image":"vegetable-oil.jpg"}],"equipment":[{"id":404645,"name":"frying pan","localizedName":"frying pan","image":"pan.png"}]},{"number":3,"step":"Add the garlic and cook over moderate heat until golden, about 3 minutes. Using a slotted spoon, transfer the garlic to a plate.","ingredients":[{"id":11215,"name":"garlic","localizedName":"garlic","image":"garlic.png"}],"equipment":[{"id":404636,"name":"slotted spoon","localizedName":"slotted spoon","image":"slotted-spoon.jpg"}],"length":{"number":3,"unit":"minutes"}},{"number":4,"step":"Add the eggs to the skillet and cook, stirring frequently, until set, about 1 minute.","ingredients":[{"id":1123,"name":"egg","localizedName":"egg","image":"egg.png"}],"equipment":[{"id":404645,"name":"frying pan","localizedName":"frying pan","image":"pan.png"}],"length":{"number":1,"unit":"minutes"}},{"number":5,"step":"Transfer the eggs to the plate. Season the pork with salt and pepper.","ingredients":[{"id":1102047,"name":"salt and pepper","localizedName":"salt and pepper","image":"salt-and-pepper.jpg"},{"id":1123,"name":"egg","localizedName":"egg","image":"egg.png"},{"id":10010219,"name":"pork","localizedName":"pork","image":"pork-tenderloin-raw.png"}],"equipment":[]},{"number":6,"step":"Add the pork to the skillet and stir-fry over moderately high heat until browned and just cooked through, about 3 minutes.","ingredients":[{"id":10010219,"name":"pork","localizedName":"pork","image":"pork-tenderloin-raw.png"}],"equipment":[{"id":404645,"name":"frying pan","localizedName":"frying pan","image":"pan.png"}],"length":{"number":3,"unit":"minutes"}},{"number":7,"step":"Transfer the pork to the plate with the garlic and egg.","ingredients":[{"id":11215,"name":"garlic","localizedName":"garlic","image":"garlic.png"},{"id":10010219,"name":"pork","localizedName":"pork","image":"pork-tenderloin-raw.png"},{"id":1123,"name":"egg","localizedName":"egg","image":"egg.png"}],"equipment":[]},{"number":8,"step":"In the same skillet, heat the remaining 1 tablespoon of oil.","ingredients":[{"id":4582,"name":"cooking oil","localizedName":"cooking oil","image":"vegetable-oil.jpg"}],"equipment":[{"id":404645,"name":"frying pan","localizedName":"frying pan","image":"pan.png"}]},{"number":9,"step":"Add the mushrooms, season with salt and pepper and cook over moderate heat until tender, about 4 minutes.","ingredients":[{"id":1102047,"name":"salt and pepper","localizedName":"salt and pepper","image":"salt-and-pepper.jpg"},{"id":11260,"name":"mushrooms","localizedName":"mushrooms","image":"mushrooms.png"}],"equipment":[],"length":{"number":4,"unit":"minutes"}},{"number":10,"step":"Add the bok choy and cook until softened, about 3 minutes.","ingredients":[{"id":11116,"name":"bok choy","localizedName":"bok choy","image":"bok-choy.jpg"}],"equipment":[],"length":{"number":3,"unit":"minutes"}},{"number":11,"step":"Add the noodles and soy sauce and cornstarch mixtures and cook over moderate heat, tossing, until the sauce thickens, about 2 minutes.","ingredients":[{"id":20027,"name":"corn starch","localizedName":"corn starch","image":"white-powder.jpg"},{"id":16124,"name":"soy sauce","localizedName":"soy sauce","image":"soy-sauce.jpg"},{"id":20420,"name":"pasta","localizedName":"pasta","image":"fusilli.jpg"},{"id":0,"name":"sauce","localizedName":"sauce","image":""}],"equipment":[],"length":{"number":2,"unit":"minutes"}},{"number":12,"step":"Add the garlic, egg, pork and any accumulated juices and cook, tossing until the pork is heated through, 1 minute.","ingredients":[{"id":11215,"name":"garlic","localizedName":"garlic","image":"garlic.png"},{"id":10010219,"name":"pork","localizedName":"pork","image":"pork-tenderloin-raw.png"},{"id":1123,"name":"egg","localizedName":"egg","image":"egg.png"}],"equipment":[],"length":{"number":1,"unit":"minutes"}},{"number":13,"step":"Transfer to bowls and serve.","ingredients":[],"equipment":[{"id":404783,"name":"bowl","localizedName":"bowl","image":"bowl.jpg"}]}]}]
