[{"name":"","steps":[{"number":1,"step":"1 Prepare the marinade by combining the first eight ingredients.","ingredients":[{"id":0,"name":"marinade","localizedName":"marinade","image":"seasoning.png"}],"equipment":[]},{"number":2,"step":"2 Separate the bok choy leaves and cut the stems into 1-inch sections. Marinate with the tofu, mushrooms, and onion for up to 1 hour, depending upon how strong a flavor you want.","ingredients":[{"id":10011116,"name":"bok choy leaves","localizedName":"bok choy leaves","image":"bok-choy.jpg"},{"id":11260,"name":"mushrooms","localizedName":"mushrooms","image":"mushrooms.png"},{"id":11282,"name":"onion","localizedName":"onion","image":"brown-onion.png"},{"id":16213,"name":"tofu","localizedName":"tofu","image":"tofu.png"}],"equipment":[],"length":{"number":60,"unit":"minutes"}},{"number":3,"step":"3 Thread the ingredients (youll need to roll the bok choy leaves)onto four large (or twelve small) thick wooden skewers, and cook on a barbecue or under a broiler for 7-10 minutes, basting with the marinade and turning regularly.","ingredients":[{"id":10011116,"name":"bok choy leaves","localizedName":"bok choy leaves","image":"bok-choy.jpg"},{"id":0,"name":"marinade","localizedName":"marinade","image":"seasoning.png"},{"id":0,"name":"roll","localizedName":"roll","image":"dinner-yeast-rolls.jpg"}],"equipment":[{"id":405601,"name":"wooden skewers","localizedName":"wooden skewers","image":"wooden-skewers.jpg"},{"id":405914,"name":"broiler","localizedName":"broiler","image":"oven.jpg"}],"length":{"number":10,"unit":"minutes"}},{"number":4,"step":"var article","ingredients":[],"equipment":[]},{"number":5,"step":"Type_27_data = {};","ingredients":[],"equipment":[]},{"number":6,"step":"article","ingredients":[],"equipment":[]},{"number":7,"step":"Type_27_data.init_step_by_step_images = 0;","ingredients":[],"equipment":[]}]}]
