[{"name":"","steps":[{"number":1,"step":"Mix radishes, white wine vinegar, and 1/4 teaspoon coarse salt in small bowl. Cover; chill overnight.Stack several layers of paper towels on work surface. Arrange tofu on towels; drain 30 minutes, patting tops dry occasionally.","ingredients":[{"id":1002068,"name":"white wine vinegar","localizedName":"white wine vinegar","image":"vinegar-(white).jpg"},{"id":1002047,"name":"coarse salt","localizedName":"coarse salt","image":"salt.jpg"},{"id":11429,"name":"radish","localizedName":"radish","image":"radishes.jpg"},{"id":16213,"name":"tofu","localizedName":"tofu","image":"tofu.png"}],"equipment":[{"id":405895,"name":"paper towels","localizedName":"paper towels","image":"paper-towels.jpg"},{"id":404783,"name":"bowl","localizedName":"bowl","image":"bowl.jpg"}],"length":{"number":30,"unit":"minutes"}},{"number":2,"step":"Whisk cornstarch and egg whites in shallow dish until cornstarch dissolves. Grind panko and pumpkin seeds in mini processor; pour crumb mixture into another shallow dish.","ingredients":[{"id":12014,"name":"pumpkin seeds","localizedName":"pumpkin seeds","image":"pumpkin-seeds.jpg"},{"id":20027,"name":"corn starch","localizedName":"corn starch","image":"white-powder.jpg"},{"id":1124,"name":"egg whites","localizedName":"egg whites","image":"egg-white.jpg"},{"id":10018079,"name":"panko","localizedName":"panko","image":"panko.jpg"}],"equipment":[{"id":404661,"name":"whisk","localizedName":"whisk","image":"whisk.png"}]},{"number":3,"step":"Mix salt, sugar, paprika, garlic powder, and onion powder in small bowl.Working with 1 piece at a time, sprinkle tofu on both sides with salt mixture. Dip tofu into egg-white mixture, then crumb mixture to coat on all sides.","ingredients":[{"id":1022020,"name":"garlic powder","localizedName":"garlic powder","image":"garlic-powder.png"},{"id":2026,"name":"onion powder","localizedName":"onion powder","image":"onion-powder.jpg"},{"id":2028,"name":"paprika","localizedName":"paprika","image":"paprika.jpg"},{"id":19335,"name":"sugar","localizedName":"sugar","image":"sugar-in-bowl.png"},{"id":2047,"name":"salt","localizedName":"salt","image":"salt.jpg"},{"id":16213,"name":"tofu","localizedName":"tofu","image":"tofu.png"},{"id":0,"name":"dip","localizedName":"dip","image":""},{"id":1123,"name":"egg","localizedName":"egg","image":"egg.png"}],"equipment":[{"id":404783,"name":"bowl","localizedName":"bowl","image":"bowl.jpg"}]},{"number":4,"step":"Place on rimmed baking sheet. DO AHEAD Can be made 4 hours ahead. Refrigerate.Cook rice noodles in large saucepan of boiling salted water until just tender, about 7 minutes.","ingredients":[{"id":20133,"name":"rice noodles","localizedName":"rice noodles","image":"dried-rice-noodles.jpg"},{"id":14412,"name":"water","localizedName":"water","image":"water.png"}],"equipment":[{"id":404727,"name":"baking sheet","localizedName":"baking sheet","image":"baking-sheet.jpg"},{"id":404669,"name":"sauce pan","localizedName":"sauce pan","image":"sauce-pan.jpg"}],"length":{"number":247,"unit":"minutes"}},{"number":5,"step":"Drain. Rinse with cold water to cool quickly and drain again.","ingredients":[{"id":14412,"name":"water","localizedName":"water","image":"water.png"}],"equipment":[]},{"number":6,"step":"Transfer to large bowl; mix in hoisin and oil to coat. DO AHEAD Can be made 2 hours ahead.","ingredients":[{"id":6175,"name":"hoisin sauce","localizedName":"hoisin sauce","image":"dark-sauce.jpg"},{"id":4582,"name":"cooking oil","localizedName":"cooking oil","image":"vegetable-oil.jpg"}],"equipment":[{"id":404783,"name":"bowl","localizedName":"bowl","image":"bowl.jpg"}],"length":{"number":120,"unit":"minutes"}},{"number":7,"step":"Let stand at room temperature.Fill large bowl halfway with cool water.","ingredients":[{"id":14412,"name":"water","localizedName":"water","image":"water.png"}],"equipment":[{"id":404783,"name":"bowl","localizedName":"bowl","image":"bowl.jpg"}]},{"number":8,"step":"Pour enough water into large skillet to reach depth of 1 1/2 inches; bring to simmer. Reduce heat to medium-low. Salt water generously. Working with 1 egg at a time, crack 4 eggs and drop each into water. Simmer very gently until whites are set but yolks are still soft, spooning simmering water over yolks occasionally, about 3 minutes. Using slotted spoon, transfer poached eggs to bowl of cool water. Repeat with remaining 4 eggs. Reserve skillet with water. DO AHEAD Can be made 2 hours ahead.","ingredients":[{"id":1131,"name":"poached egg","localizedName":"poached egg","image":"poached-egg.png"},{"id":14412,"name":"water","localizedName":"water","image":"water.png"},{"id":1125,"name":"egg yolk","localizedName":"egg yolk","image":"egg-yolk.jpg"},{"id":1123,"name":"egg","localizedName":"egg","image":"egg.png"},{"id":2047,"name":"salt","localizedName":"salt","image":"salt.jpg"}],"equipment":[{"id":404636,"name":"slotted spoon","localizedName":"slotted spoon","image":"slotted-spoon.jpg"},{"id":404645,"name":"frying pan","localizedName":"frying pan","image":"pan.png"},{"id":404783,"name":"bowl","localizedName":"bowl","image":"bowl.jpg"}],"length":{"number":123,"unit":"minutes"}},{"number":9,"step":"Let stand at room temperature. Preheat oven to 300F.","ingredients":[],"equipment":[{"id":404784,"name":"oven","localizedName":"oven","image":"oven.jpg","temperature":{"number":300.0,"unit":"Fahrenheit"}}]},{"number":10,"step":"Place rimmed baking sheet in oven.","ingredients":[],"equipment":[{"id":404727,"name":"baking sheet","localizedName":"baking sheet","image":"baking-sheet.jpg"},{"id":404784,"name":"oven","localizedName":"oven","image":"oven.jpg"}]},{"number":11,"step":"Add enough oil to another large skillet to reach depth of 3/4 inch.","ingredients":[{"id":4582,"name":"cooking oil","localizedName":"cooking oil","image":"vegetable-oil.jpg"}],"equipment":[{"id":404645,"name":"frying pan","localizedName":"frying pan","image":"pan.png"}]},{"number":12,"step":"Heat oil to 350F. Fry tofu, 4 pieces at a time, until golden brown and crisp, 3 to 4 minutes per side.","ingredients":[{"id":16213,"name":"tofu","localizedName":"tofu","image":"tofu.png"},{"id":4582,"name":"cooking oil","localizedName":"cooking oil","image":"vegetable-oil.jpg"}],"equipment":[],"length":{"number":3,"unit":"minutes"}},{"number":13,"step":"Transfer fried tofu to baking sheet in oven to keep warm.Bring Lemongrass Broth to simmer in large pot.","ingredients":[{"id":11972,"name":"lemon grass","localizedName":"lemon grass","image":"lemongrass.png"},{"id":1006615,"name":"broth","localizedName":"broth","image":"chicken-broth.png"},{"id":16213,"name":"tofu","localizedName":"tofu","image":"tofu.png"}],"equipment":[{"id":404727,"name":"baking sheet","localizedName":"baking sheet","image":"baking-sheet.jpg"},{"id":404784,"name":"oven","localizedName":"oven","image":"oven.jpg"},{"id":404752,"name":"pot","localizedName":"pot","image":"stock-pot.jpg"}]},{"number":14,"step":"Add bok choy and shiitakes. Simmer until vegetables are tender, about 6 minutes.","ingredients":[{"id":11583,"name":"vegetable","localizedName":"vegetable","image":"mixed-vegetables.png"},{"id":11238,"name":"shiitake mushrooms","localizedName":"shiitake mushrooms","image":"shiitake-mushrooms.png"},{"id":11116,"name":"bok choy","localizedName":"bok choy","image":"bok-choy.jpg"}],"equipment":[],"length":{"number":6,"unit":"minutes"}},{"number":15,"step":"Add noodles; simmer 2 minutes. Season with salt and pepper.Bring water in reserved skillet back to simmer and rewarm eggs in water 15 to 30 seconds.","ingredients":[{"id":1102047,"name":"salt and pepper","localizedName":"salt and pepper","image":"salt-and-pepper.jpg"},{"id":20420,"name":"pasta","localizedName":"pasta","image":"fusilli.jpg"},{"id":14412,"name":"water","localizedName":"water","image":"water.png"},{"id":1123,"name":"egg","localizedName":"egg","image":"egg.png"}],"equipment":[{"id":404645,"name":"frying pan","localizedName":"frying pan","image":"pan.png"}],"length":{"number":2,"unit":"minutes"}},{"number":16,"step":"Transfer each egg to small bowl. Divide broth, noodles, and vegetables among 8 large bowls. Top each with 2 tofu pieces.","ingredients":[{"id":11583,"name":"vegetable","localizedName":"vegetable","image":"mixed-vegetables.png"},{"id":20420,"name":"pasta","localizedName":"pasta","image":"fusilli.jpg"},{"id":1006615,"name":"broth","localizedName":"broth","image":"chicken-broth.png"},{"id":16213,"name":"tofu","localizedName":"tofu","image":"tofu.png"},{"id":1123,"name":"egg","localizedName":"egg","image":"egg.png"}],"equipment":[{"id":404783,"name":"bowl","localizedName":"bowl","image":"bowl.jpg"}]},{"number":17,"step":"Serve pickled radishes and eggs in small bowls alongside (eggs should be added to soup so yolks will enrich broth).","ingredients":[{"id":11429,"name":"radish","localizedName":"radish","image":"radishes.jpg"},{"id":1006615,"name":"broth","localizedName":"broth","image":"chicken-broth.png"},{"id":1125,"name":"egg yolk","localizedName":"egg yolk","image":"egg-yolk.jpg"},{"id":1123,"name":"egg","localizedName":"egg","image":"egg.png"},{"id":0,"name":"soup","localizedName":"soup","image":""}],"equipment":[{"id":404783,"name":"bowl","localizedName":"bowl","image":"bowl.jpg"}]}]}]
