[{"name":"","steps":[{"number":1,"step":"Soak the noodles in a bowl of very hot water about 10 minutes, until softened.","ingredients":[{"id":20420,"name":"pasta","localizedName":"pasta","image":"fusilli.jpg"},{"id":14412,"name":"water","localizedName":"water","image":"water.png"}],"equipment":[{"id":404783,"name":"bowl","localizedName":"bowl","image":"bowl.jpg"}],"length":{"number":10,"unit":"minutes"}},{"number":2,"step":"Drain well and rinse under cold running water.","ingredients":[{"id":14412,"name":"water","localizedName":"water","image":"water.png"}],"equipment":[]},{"number":3,"step":"Cut into manageable lengths with kitchen scissors.","ingredients":[],"equipment":[{"id":404673,"name":"kitchen scissors","localizedName":"kitchen scissors","image":"kitchen-scissors.jpg"}]},{"number":4,"step":"Heat 2 tbsp of the oil in a wok over high heat.","ingredients":[{"id":4582,"name":"cooking oil","localizedName":"cooking oil","image":"vegetable-oil.jpg"}],"equipment":[{"id":404666,"name":"wok","localizedName":"wok","image":"wok.png"}]},{"number":5,"step":"Add the chicken and stir-fry about 3 minutes, or until lightly browned.","ingredients":[{"id":5006,"name":"whole chicken","localizedName":"whole chicken","image":"whole-chicken.jpg"}],"equipment":[],"length":{"number":3,"unit":"minutes"}},{"number":6,"step":"Transfer to a plate.","ingredients":[],"equipment":[]},{"number":7,"step":"Reduce the heat to medium and add the remaining 1 tbsp oil.","ingredients":[{"id":4582,"name":"cooking oil","localizedName":"cooking oil","image":"vegetable-oil.jpg"}],"equipment":[]},{"number":8,"step":"Add the onion and stir-fry for 2 minutes.","ingredients":[{"id":11282,"name":"onion","localizedName":"onion","image":"brown-onion.png"}],"equipment":[],"length":{"number":2,"unit":"minutes"}},{"number":9,"step":"Add the mushrooms, bell pepper, lemongrass, ginger, and chili, and stir-fry about 2 minutes, or until the bell pepper softens.","ingredients":[{"id":10211821,"name":"bell pepper","localizedName":"bell pepper","image":"bell-pepper-orange.png"},{"id":11972,"name":"lemon grass","localizedName":"lemon grass","image":"lemongrass.png"},{"id":11260,"name":"mushrooms","localizedName":"mushrooms","image":"mushrooms.png"},{"id":11216,"name":"ginger","localizedName":"ginger","image":"ginger.png"},{"id":11819,"name":"chili pepper","localizedName":"chili pepper","image":"red-chili.jpg"}],"equipment":[],"length":{"number":2,"unit":"minutes"}},{"number":10,"step":"Add the bok choy and stir-fry for about 2 minutes, or until wilted. Return the chicken to the pan and add the noodles.","ingredients":[{"id":11116,"name":"bok choy","localizedName":"bok choy","image":"bok-choy.jpg"},{"id":5006,"name":"whole chicken","localizedName":"whole chicken","image":"whole-chicken.jpg"},{"id":20420,"name":"pasta","localizedName":"pasta","image":"fusilli.jpg"}],"equipment":[{"id":404645,"name":"frying pan","localizedName":"frying pan","image":"pan.png"}],"length":{"number":2,"unit":"minutes"}},{"number":11,"step":"Pour in the soy sauce, fish sauce, and sweet chile sauce, and toss everything together over the heat for 23 minutes, or until piping hot.","ingredients":[{"id":6179,"name":"fish sauce","localizedName":"fish sauce","image":"asian-fish-sauce.jpg"},{"id":16124,"name":"soy sauce","localizedName":"soy sauce","image":"soy-sauce.jpg"},{"id":11819,"name":"chili pepper","localizedName":"chili pepper","image":"red-chili.jpg"},{"id":0,"name":"sauce","localizedName":"sauce","image":""}],"equipment":[],"length":{"number":23,"unit":"minutes"}},{"number":12,"step":"Serve hot.","ingredients":[],"equipment":[]},{"number":13,"step":"var article","ingredients":[],"equipment":[]},{"number":14,"step":"Type_27_data = {};","ingredients":[],"equipment":[]},{"number":15,"step":"article","ingredients":[],"equipment":[]},{"number":16,"step":"Type_27_data.init_step_by_step_images = 0;","ingredients":[],"equipment":[]}]}]
