[{"name":"","steps":[{"number":1,"step":"Trim/clean Brussels sprouts, then cut them in half if desired (or you can leave them whole). Arrange on two baking sheets and toss with olive oil.","ingredients":[{"id":11098,"name":"brussels sprouts","localizedName":"brussels sprouts","image":"brussels-sprouts.jpg"},{"id":4053,"name":"olive oil","localizedName":"olive oil","image":"olive-oil.jpg"}],"equipment":[{"id":404727,"name":"baking sheet","localizedName":"baking sheet","image":"baking-sheet.jpg"}]},{"number":2,"step":"Sprinkle with plenty of salt and pepper and roast at 375 degrees for 25 to 30 minutes, or until brown.","ingredients":[{"id":1102047,"name":"salt and pepper","localizedName":"salt and pepper","image":"salt-and-pepper.jpg"}],"equipment":[],"length":{"number":25,"unit":"minutes"}},{"number":3,"step":"Combine balsamic vinegar and sugar in a saucepan. Bring to a boil, then reduce heat to medium-low and reduce until very thick, about 15 to 20 minutes.","ingredients":[{"id":2069,"name":"balsamic vinegar","localizedName":"balsamic vinegar","image":"balsamic-vinegar.jpg"},{"id":19335,"name":"sugar","localizedName":"sugar","image":"sugar-in-bowl.png"}],"equipment":[{"id":404669,"name":"sauce pan","localizedName":"sauce pan","image":"sauce-pan.jpg"}],"length":{"number":15,"unit":"minutes"}},{"number":4,"step":"Drizzle the balsamic reduction over the roasted sprouts, then sprinkle on dried cranberries. Toss and serve immediately.","ingredients":[{"id":9079,"name":"dried cranberries","localizedName":"dried cranberries","image":"dried-cranberries.jpg"},{"id":0,"name":"reduction","localizedName":"reduction","image":""},{"id":11001,"name":"sprouts","localizedName":"sprouts","image":"alfalfa-sprouts.png"}],"equipment":[]}]}]
