[{"name":"","steps":[{"number":1,"step":"Cut the sausage on a bias into 1/4 inch sections. Alternatively, dice the sausage if you prefer a finer mixture of rice and pork.","ingredients":[{"id":1017063,"name":"sausage","localizedName":"sausage","image":"raw-pork-sausage.png"},{"id":10010219,"name":"pork","localizedName":"pork","image":"pork-tenderloin-raw.png"},{"id":20444,"name":"rice","localizedName":"rice","image":"uncooked-white-rice.png"}],"equipment":[]},{"number":2,"step":"Over low heat, slowly heat a medium-sized claypot on the stove, taking care to do so gradually to prevent the pot from cracking.","ingredients":[],"equipment":[{"id":404794,"name":"stove","localizedName":"stove","image":"oven.jpg"},{"id":404752,"name":"pot","localizedName":"pot","image":"stock-pot.jpg"}]},{"number":3,"step":"Add the sausage and sauté. Stir around occasionally to brown the sausage, gradually rendering the fat. With chopsticks or a slotted spoon, remove the sausage from the pot.","ingredients":[{"id":1017063,"name":"sausage","localizedName":"sausage","image":"raw-pork-sausage.png"}],"equipment":[{"id":404636,"name":"slotted spoon","localizedName":"slotted spoon","image":"slotted-spoon.jpg"},{"id":405596,"name":"chopsticks","localizedName":"chopsticks","image":"chopsticks.jpg"},{"id":404752,"name":"pot","localizedName":"pot","image":"stock-pot.jpg"}]},{"number":4,"step":"Add the rice and stir around, toasting the grains slightly.","ingredients":[{"id":0,"name":"grains","localizedName":"grains","image":""},{"id":20444,"name":"rice","localizedName":"rice","image":"uncooked-white-rice.png"}],"equipment":[]},{"number":5,"step":"Add the pieces of sausage back to the pot.","ingredients":[{"id":1017063,"name":"sausage","localizedName":"sausage","image":"raw-pork-sausage.png"}],"equipment":[{"id":404752,"name":"pot","localizedName":"pot","image":"stock-pot.jpg"}]},{"number":6,"step":"Add the salt. If desired, add the finely chopped vegetables.","ingredients":[{"id":11583,"name":"vegetable","localizedName":"vegetable","image":"mixed-vegetables.png"},{"id":2047,"name":"salt","localizedName":"salt","image":"salt.jpg"}],"equipment":[]},{"number":7,"step":"Bring the water to a gentle simmer. Put on the lid and simmer over low heat, for about forty minutes, until the bottom of the rice develops a slightly charred crust and the rest of the rice has just finished cooking through.","ingredients":[{"id":0,"name":"crust","localizedName":"crust","image":""},{"id":14412,"name":"water","localizedName":"water","image":"water.png"},{"id":20444,"name":"rice","localizedName":"rice","image":"uncooked-white-rice.png"}],"equipment":[],"length":{"number":40,"unit":"minutes"}}]}]
