[{"name":"","steps":[{"number":1,"step":"In a 5- to 6-quart pan over high heat, bring about 3 quarts water to a boil.","ingredients":[{"id":14412,"name":"water","localizedName":"water","image":"water.png"}],"equipment":[{"id":404645,"name":"frying pan","localizedName":"frying pan","image":"pan.png"}]},{"number":2,"step":"Add orzo and cook, stirring occasionally, until tender to bite, 7 to 12 minutes.","ingredients":[{"id":10920420,"name":"orzo","localizedName":"orzo","image":"orzo.jpg"}],"equipment":[],"length":{"number":7,"unit":"minutes"}},{"number":3,"step":"Drain, reserving 1 1/2 cups pasta-cooking water. Return orzo to pan.","ingredients":[{"id":20420,"name":"pasta","localizedName":"pasta","image":"fusilli.jpg"},{"id":14412,"name":"water","localizedName":"water","image":"water.png"},{"id":10920420,"name":"orzo","localizedName":"orzo","image":"orzo.jpg"}],"equipment":[{"id":404645,"name":"frying pan","localizedName":"frying pan","image":"pan.png"}]},{"number":4,"step":"Meanwhile, heat oil in a 10- to 12-inch frying pan over medium heat.","ingredients":[{"id":4582,"name":"cooking oil","localizedName":"cooking oil","image":"vegetable-oil.jpg"}],"equipment":[{"id":404645,"name":"frying pan","localizedName":"frying pan","image":"pan.png"}]},{"number":5,"step":"Add garlic; stir until fragrant but not brown, 1 to 2 minutes.","ingredients":[{"id":11215,"name":"garlic","localizedName":"garlic","image":"garlic.png"}],"equipment":[],"length":{"number":1,"unit":"minutes"}},{"number":6,"step":"Add chili flakes and broccoli rabe; stir 3 to 4 minutes.","ingredients":[{"id":11096,"name":"broccoli rabe","localizedName":"broccoli rabe","image":"broccoli-rabe.jpg"},{"id":1032009,"name":"red pepper flakes","localizedName":"red pepper flakes","image":"red-pepper-flakes.jpg"}],"equipment":[],"length":{"number":3,"unit":"minutes"}},{"number":7,"step":"Add 1 cup of reserved water; simmer until greens are tender to bite, 6 to 8 minutes.","ingredients":[{"id":21052,"name":"greens","localizedName":"greens","image":"mixed-greens-or-mesclun.jpg"},{"id":14412,"name":"water","localizedName":"water","image":"water.png"}],"equipment":[],"length":{"number":6,"unit":"minutes"}},{"number":8,"step":"Add broccoli rabe mixture to orzo with ricotta, olives, and remaining 1/2 cup reserved water; mix, adding salt and pepper to taste.","ingredients":[{"id":1102047,"name":"salt and pepper","localizedName":"salt and pepper","image":"salt-and-pepper.jpg"},{"id":11096,"name":"broccoli rabe","localizedName":"broccoli rabe","image":"broccoli-rabe.jpg"},{"id":1036,"name":"ricotta cheese","localizedName":"ricotta cheese","image":"ricotta.png"},{"id":9195,"name":"olives","localizedName":"olives","image":"olives-mixed.jpg"},{"id":14412,"name":"water","localizedName":"water","image":"water.png"},{"id":10920420,"name":"orzo","localizedName":"orzo","image":"orzo.jpg"}],"equipment":[]}]}]
