[{"name":"","steps":[{"number":1,"step":"To roast vegetables, preheat oven to 400 degrees F.","ingredients":[{"id":11583,"name":"vegetable","localizedName":"vegetable","image":"mixed-vegetables.png"}],"equipment":[{"id":404784,"name":"oven","localizedName":"oven","image":"oven.jpg","temperature":{"number":400.0,"unit":"Fahrenheit"}}]},{"number":2,"step":"Place tomatoes and rapini on a baking sheet and season with salt and pepper and coat with 1/4 cup of the olive oil. Roast the vegetables until tender, then remove and allow to cool.","ingredients":[{"id":1102047,"name":"salt and pepper","localizedName":"salt and pepper","image":"salt-and-pepper.jpg"},{"id":11583,"name":"vegetable","localizedName":"vegetable","image":"mixed-vegetables.png"},{"id":4053,"name":"olive oil","localizedName":"olive oil","image":"olive-oil.jpg"},{"id":11529,"name":"tomato","localizedName":"tomato","image":"tomato.png"},{"id":11096,"name":"broccoli rabe","localizedName":"broccoli rabe","image":"broccoli-rabe.jpg"}],"equipment":[{"id":404727,"name":"baking sheet","localizedName":"baking sheet","image":"baking-sheet.jpg"}]},{"number":3,"step":"Begin the Marsala sauce by heating 1/4 cup of the oil in a saute pan and cooking the shallots or onion gently until translucent. Deglaze the pan with the wine and add the stock and fresh thyme. Allow to reduce by 2/","ingredients":[{"id":1012049,"name":"fresh thyme","localizedName":"fresh thyme","image":"thyme.jpg"},{"id":11677,"name":"shallot","localizedName":"shallot","image":"shallots.jpg"},{"id":14057,"name":"marsala","localizedName":"marsala","image":"red-wine.jpg"},{"id":11282,"name":"onion","localizedName":"onion","image":"brown-onion.png"},{"id":0,"name":"sauce","localizedName":"sauce","image":""},{"id":1006615,"name":"stock","localizedName":"stock","image":"chicken-broth.png"},{"id":14084,"name":"wine","localizedName":"wine","image":"red-wine.jpg"},{"id":4582,"name":"cooking oil","localizedName":"cooking oil","image":"vegetable-oil.jpg"}],"equipment":[{"id":404645,"name":"frying pan","localizedName":"frying pan","image":"pan.png"}]},{"number":4,"step":"For the stuffed chicken, preheat oven to 350 degrees F.","ingredients":[{"id":0,"name":"stuffed chicken","localizedName":"stuffed chicken","image":"whole-chicken.jpg"}],"equipment":[{"id":404784,"name":"oven","localizedName":"oven","image":"oven.jpg","temperature":{"number":350.0,"unit":"Fahrenheit"}}]},{"number":5,"step":"Lay a long piece of plastic wrap over your cutting board and tuck it underneath the sides of the board. The chicken breasts should be placed on the covered cutting board, skin side down, with enough space between them so they can lay flat after you \"butterfly\" them. To make the butterfly cut, carefully slice open (without slicing the chicken all the way through) and spread the flesh of the chicken out so you will be able to pound it out into a single thin piece on which you will place stuffing and then roll up. Season the breasts with salt and pepper. Then put another length of plastic wrap over the seasoned chicken breasts and flatten with meat mallet to integrate the seasoning into the chicken. (Covering the chicken with the plastic will also keep the mess down when you pound with the meat mallet.) Pound chicken thin and remove plastic.","ingredients":[{"id":5062,"name":"chicken breast","localizedName":"chicken breast","image":"chicken-breasts.png"},{"id":1102047,"name":"salt and pepper","localizedName":"salt and pepper","image":"salt-and-pepper.jpg"},{"id":1042027,"name":"seasoning","localizedName":"seasoning","image":"seasoning.png"},{"id":18082,"name":"stuffing","localizedName":"stuffing","image":"stuffing-mix.png"},{"id":5006,"name":"whole chicken","localizedName":"whole chicken","image":"whole-chicken.jpg"},{"id":0,"name":"spread","localizedName":"spread","image":""},{"id":1065062,"name":"meat","localizedName":"meat","image":"whole-chicken.jpg"},{"id":0,"name":"roll","localizedName":"roll","image":"dinner-yeast-rolls.jpg"},{"id":10018364,"name":"wrap","localizedName":"wrap","image":"flour-tortilla.jpg"}],"equipment":[{"id":404716,"name":"cutting board","localizedName":"cutting board","image":"cutting-board.jpg"},{"id":404730,"name":"plastic wrap","localizedName":"plastic wrap","image":"plastic-wrap.jpg"},{"id":3846,"name":"meat tenderizer","localizedName":"meat tenderizer","image":"meat-mallet.jpg"}]},{"number":6,"step":"Lay sliced smoked mozzarella on each breast followed by broccoli rabe and roasted tomatoes. Fold in each end and roll tightly, securing with toothpicks as needed, and placing on a baking sheet. Season with salt and pepper and brush with 2 tablespoons olive oil.","ingredients":[{"id":1102047,"name":"salt and pepper","localizedName":"salt and pepper","image":"salt-and-pepper.jpg"},{"id":11096,"name":"broccoli rabe","localizedName":"broccoli rabe","image":"broccoli-rabe.jpg"},{"id":1026,"name":"mozzarella","localizedName":"mozzarella","image":"mozzarella.png"},{"id":4053,"name":"olive oil","localizedName":"olive oil","image":"olive-oil.jpg"},{"id":11529,"name":"tomato","localizedName":"tomato","image":"tomato.png"},{"id":0,"name":"roll","localizedName":"roll","image":"dinner-yeast-rolls.jpg"}],"equipment":[{"id":404727,"name":"baking sheet","localizedName":"baking sheet","image":"baking-sheet.jpg"},{"id":404644,"name":"toothpicks","localizedName":"toothpicks","image":"toothpicks.jpg"}]},{"number":7,"step":"Place in the oven and roast until fork tender about 45 to 50 minutes.","ingredients":[],"equipment":[{"id":404784,"name":"oven","localizedName":"oven","image":"oven.jpg"}],"length":{"number":45,"unit":"minutes"}},{"number":8,"step":"Place the potatoes on a baking sheet, season with salt and pepper, and coat with olive oil.","ingredients":[{"id":1102047,"name":"salt and pepper","localizedName":"salt and pepper","image":"salt-and-pepper.jpg"},{"id":4053,"name":"olive oil","localizedName":"olive oil","image":"olive-oil.jpg"},{"id":11352,"name":"potato","localizedName":"potato","image":"potatoes-yukon-gold.png"}],"equipment":[{"id":404727,"name":"baking sheet","localizedName":"baking sheet","image":"baking-sheet.jpg"}]},{"number":9,"step":"Place in the oven and roast potatoes until they are also fork tender.","ingredients":[{"id":0,"name":"roast potato","localizedName":"roast potato","image":"potatoes-yukon-gold.png"}],"equipment":[{"id":404784,"name":"oven","localizedName":"oven","image":"oven.jpg"}]},{"number":10,"step":"Strain Marsala sauce and whisk in butter to finish. Season with salt and pepper, as needed.","ingredients":[{"id":1102047,"name":"salt and pepper","localizedName":"salt and pepper","image":"salt-and-pepper.jpg"},{"id":14057,"name":"marsala","localizedName":"marsala","image":"red-wine.jpg"},{"id":1001,"name":"butter","localizedName":"butter","image":"butter-sliced.jpg"},{"id":0,"name":"sauce","localizedName":"sauce","image":""}],"equipment":[{"id":404661,"name":"whisk","localizedName":"whisk","image":"whisk.png"}]},{"number":11,"step":"Remove any toothpicks securing the chicken. Slice each chicken roll to reveal the stuffed interior.","ingredients":[{"id":5006,"name":"whole chicken","localizedName":"whole chicken","image":"whole-chicken.jpg"},{"id":0,"name":"roll","localizedName":"roll","image":"dinner-yeast-rolls.jpg"}],"equipment":[{"id":404644,"name":"toothpicks","localizedName":"toothpicks","image":"toothpicks.jpg"}]},{"number":12,"step":"Place on serving plate with roasted potatoes. Spoon Marsala sauce around chicken.","ingredients":[{"id":0,"name":"roast potato","localizedName":"roast potato","image":"potatoes-yukon-gold.png"},{"id":5006,"name":"whole chicken","localizedName":"whole chicken","image":"whole-chicken.jpg"},{"id":14057,"name":"marsala","localizedName":"marsala","image":"red-wine.jpg"},{"id":0,"name":"sauce","localizedName":"sauce","image":""}],"equipment":[]},{"number":13,"step":"Garnish with chopped chives.","ingredients":[{"id":11156,"name":"chives","localizedName":"chives","image":"fresh-chives.jpg"}],"equipment":[]}]}]
