[{"name":"","steps":[{"number":1,"step":"Bring a large pot of lightly salted water to a boil over high heat.","ingredients":[{"id":14412,"name":"water","localizedName":"water","image":"water.png"}],"equipment":[{"id":404752,"name":"pot","localizedName":"pot","image":"stock-pot.jpg"}]},{"number":2,"step":"Add the farfalle pasta, and cook until al dente, 8 to 10 minutes; drain.","ingredients":[{"id":10120420,"name":"farfalle","localizedName":"farfalle","image":"farfalle.png"}],"equipment":[],"length":{"number":8,"unit":"minutes"}},{"number":3,"step":"Meanwhile, heat the olive oil in a large skillet over medium-high heat. Stir in the Italian sausage until crumbly and no longer pink, about 5 minutes. Stir in the garlic, and continue cooking until the sausage begins to brown, about 5 minutes more.","ingredients":[{"id":7036,"name":"italian sausage","localizedName":"italian sausage","image":"raw-pork-sausage.png"},{"id":4053,"name":"olive oil","localizedName":"olive oil","image":"olive-oil.jpg"},{"id":1017063,"name":"sausage","localizedName":"sausage","image":"raw-pork-sausage.png"},{"id":11215,"name":"garlic","localizedName":"garlic","image":"garlic.png"}],"equipment":[{"id":404645,"name":"frying pan","localizedName":"frying pan","image":"pan.png"}],"length":{"number":10,"unit":"minutes"}},{"number":4,"step":"Pour off the excess grease, then pour in the chicken broth and red pepper flakes. Bring to a boil over high heat, then add the broccoli rabe, and cover. Cook until the broccoli rabe is tender, about 4 minutes.","ingredients":[{"id":1032009,"name":"red pepper flakes","localizedName":"red pepper flakes","image":"red-pepper-flakes.jpg"},{"id":11096,"name":"broccoli rabe","localizedName":"broccoli rabe","image":"broccoli-rabe.jpg"},{"id":6194,"name":"chicken broth","localizedName":"chicken broth","image":"chicken-broth.png"}],"equipment":[],"length":{"number":4,"unit":"minutes"}},{"number":5,"step":"When the broccoli rabe is done, stir in the butter, Parmesan cheese, salt, and pepper until the meat sauce has thickened. Toss with the farfalle and serve.","ingredients":[{"id":1033,"name":"parmesan","localizedName":"parmesan","image":"parmesan.jpg"},{"id":11096,"name":"broccoli rabe","localizedName":"broccoli rabe","image":"broccoli-rabe.jpg"},{"id":10120420,"name":"farfalle","localizedName":"farfalle","image":"farfalle.png"},{"id":1001,"name":"butter","localizedName":"butter","image":"butter-sliced.jpg"},{"id":1002030,"name":"pepper","localizedName":"pepper","image":"pepper.jpg"},{"id":0,"name":"sauce","localizedName":"sauce","image":""},{"id":1065062,"name":"meat","localizedName":"meat","image":"whole-chicken.jpg"},{"id":2047,"name":"salt","localizedName":"salt","image":"salt.jpg"}],"equipment":[]}]}]
