[{"name":"","steps":[{"number":1,"step":"In a large sauce pot, bring 1 gallon of salted water to a boil.","ingredients":[{"id":0,"name":"sauce","localizedName":"sauce","image":""},{"id":14412,"name":"water","localizedName":"water","image":"water.png"}],"equipment":[{"id":404752,"name":"pot","localizedName":"pot","image":"stock-pot.jpg"}]},{"number":2,"step":"Add the broccoli rabe and blanch for 2 minutes.","ingredients":[{"id":11096,"name":"broccoli rabe","localizedName":"broccoli rabe","image":"broccoli-rabe.jpg"}],"equipment":[],"length":{"number":2,"unit":"minutes"}},{"number":3,"step":"Drain.","ingredients":[],"equipment":[]},{"number":4,"step":"Meanwhile, heat a large skillet over medium-high heat.","ingredients":[],"equipment":[{"id":404645,"name":"frying pan","localizedName":"frying pan","image":"pan.png"}]},{"number":5,"step":"Add oil, garlic and red pepper flakes. Allow garlic to brown.","ingredients":[{"id":1032009,"name":"red pepper flakes","localizedName":"red pepper flakes","image":"red-pepper-flakes.jpg"},{"id":11215,"name":"garlic","localizedName":"garlic","image":"garlic.png"},{"id":4582,"name":"cooking oil","localizedName":"cooking oil","image":"vegetable-oil.jpg"}],"equipment":[]},{"number":6,"step":"Add broccoli rabe to skillet with toasted garlic. Toss to combine. Toss in Parmesan and lemon zest. Season with salt and pepper. Cook over medium-high heat for 2 to 3 minutes.","ingredients":[{"id":1102047,"name":"salt and pepper","localizedName":"salt and pepper","image":"salt-and-pepper.jpg"},{"id":11096,"name":"broccoli rabe","localizedName":"broccoli rabe","image":"broccoli-rabe.jpg"},{"id":9156,"name":"lemon zest","localizedName":"lemon zest","image":"zest-lemon.jpg"},{"id":1033,"name":"parmesan","localizedName":"parmesan","image":"parmesan.jpg"},{"id":11215,"name":"garlic","localizedName":"garlic","image":"garlic.png"}],"equipment":[{"id":404645,"name":"frying pan","localizedName":"frying pan","image":"pan.png"}],"length":{"number":2,"unit":"minutes"}}]}]
