[{"name":"","steps":[{"number":1,"step":"Heat dressing in large skillet on medium heat.","ingredients":[],"equipment":[{"id":404645,"name":"frying pan","localizedName":"frying pan","image":"pan.png"}]},{"number":2,"step":"Add meat and carrots; cook and stir 5 to 7 min. or until meat is done.","ingredients":[{"id":11124,"name":"carrot","localizedName":"carrot","image":"sliced-carrot.png"},{"id":1065062,"name":"meat","localizedName":"meat","image":"whole-chicken.jpg"}],"equipment":[],"length":{"number":5,"unit":"minutes"}},{"number":3,"step":"Add bok choy, peppers, broth and seasonings; mix well.  Bring just to boil, stirring occasionally.","ingredients":[{"id":1042027,"name":"seasoning","localizedName":"seasoning","image":"seasoning.png"},{"id":11116,"name":"bok choy","localizedName":"bok choy","image":"bok-choy.jpg"},{"id":10111333,"name":"peppers","localizedName":"peppers","image":"green-pepper.jpg"},{"id":1006615,"name":"broth","localizedName":"broth","image":"chicken-broth.png"}],"equipment":[]},{"number":4,"step":"Serve over pasta.","ingredients":[{"id":20420,"name":"pasta","localizedName":"pasta","image":"fusilli.jpg"}],"equipment":[]}]}]
