[{"name":"","steps":[{"number":1,"step":"Pour about 8 quarts of water into a large pot, add a few tablespoons of salt, and bring it to a boil. Toss in the broccoli rabe and cook for 4 minutes.","ingredients":[{"id":11096,"name":"broccoli rabe","localizedName":"broccoli rabe","image":"broccoli-rabe.jpg"},{"id":14412,"name":"water","localizedName":"water","image":"water.png"},{"id":2047,"name":"salt","localizedName":"salt","image":"salt.jpg"}],"equipment":[{"id":404752,"name":"pot","localizedName":"pot","image":"stock-pot.jpg"}],"length":{"number":4,"unit":"minutes"}},{"number":2,"step":"Remove it with a pair of tongs and immediately toss it in some ice water. Chill for a few minutes then drain and pat dry.","ingredients":[{"id":14412,"name":"water","localizedName":"water","image":"water.png"}],"equipment":[{"id":404641,"name":"tongs","localizedName":"tongs","image":"tongs.jpg"}]},{"number":3,"step":"Meanwhile, bring the pot of water back to a boil and cook the orecchiette according to the directions on the box. Taste the pasta with a minute left on the timer. If al dente, turn off the heat, drain the pasta, and transfer it to the skillet. Turn the heat to high, add the lemon zest, and season with salt. Cook for a minute, stirring constantly.","ingredients":[{"id":10820420,"name":"orecchiette","localizedName":"orecchiette","image":"orecchiette.jpg"},{"id":9156,"name":"lemon zest","localizedName":"lemon zest","image":"zest-lemon.jpg"},{"id":20420,"name":"pasta","localizedName":"pasta","image":"fusilli.jpg"},{"id":14412,"name":"water","localizedName":"water","image":"water.png"},{"id":2047,"name":"salt","localizedName":"salt","image":"salt.jpg"}],"equipment":[{"id":404645,"name":"frying pan","localizedName":"frying pan","image":"pan.png"},{"id":404695,"name":"kitchen timer","localizedName":"kitchen timer","image":"kitchen-timer.jpg"},{"id":404752,"name":"pot","localizedName":"pot","image":"stock-pot.jpg"}]},{"number":4,"step":"Transfer the pasta to bowls or plates.","ingredients":[{"id":20420,"name":"pasta","localizedName":"pasta","image":"fusilli.jpg"}],"equipment":[{"id":404783,"name":"bowl","localizedName":"bowl","image":"bowl.jpg"}]},{"number":5,"step":"Add a bit of goat cheese to each one.","ingredients":[{"id":1159,"name":"goat cheese","localizedName":"goat cheese","image":"goat-cheese.jpg"}],"equipment":[]},{"number":6,"step":"Serve.","ingredients":[],"equipment":[]}]}]
