[{"name":"","steps":[{"number":1,"step":"Bring large pot of salted water to a boil.","ingredients":[{"id":14412,"name":"water","localizedName":"water","image":"water.png"}],"equipment":[{"id":404752,"name":"pot","localizedName":"pot","image":"stock-pot.jpg"}]},{"number":2,"step":"Add broccoli rabe; simmer 5 minutes. Using a skimmer, remove broccoli rabe and set aside. Return water to a boil, or discard and bring a fresh pot of salted water to a boil.Cook cavatelli following package directions.","ingredients":[{"id":11096,"name":"broccoli rabe","localizedName":"broccoli rabe","image":"broccoli-rabe.jpg"},{"id":12220420,"name":"cavatelli","localizedName":"cavatelli","image":"fusilli.jpg"},{"id":14412,"name":"water","localizedName":"water","image":"water.png"}],"equipment":[{"id":405894,"name":"skimmer","localizedName":"skimmer","image":"skimmer-spoon.jpg"},{"id":404752,"name":"pot","localizedName":"pot","image":"stock-pot.jpg"}],"length":{"number":5,"unit":"minutes"}},{"number":3,"step":"Drain.Meanwhile, heat olive oil in large skillet over medium-high heat.","ingredients":[{"id":4053,"name":"olive oil","localizedName":"olive oil","image":"olive-oil.jpg"}],"equipment":[{"id":404645,"name":"frying pan","localizedName":"frying pan","image":"pan.png"}]},{"number":4,"step":"Add sausage and onion; cook 5 minutes or until no longer pink, breaking up sausage with wooden spoon.","ingredients":[{"id":1017063,"name":"sausage","localizedName":"sausage","image":"raw-pork-sausage.png"},{"id":11282,"name":"onion","localizedName":"onion","image":"brown-onion.png"}],"equipment":[{"id":404732,"name":"wooden spoon","localizedName":"wooden spoon","image":"wooden-spoon.jpg"}],"length":{"number":5,"unit":"minutes"}},{"number":5,"step":"Add garlic and cooked broccoli rabe; cook 5 minutes.","ingredients":[{"id":11096,"name":"broccoli rabe","localizedName":"broccoli rabe","image":"broccoli-rabe.jpg"},{"id":11215,"name":"garlic","localizedName":"garlic","image":"garlic.png"}],"equipment":[],"length":{"number":5,"unit":"minutes"}},{"number":6,"step":"Add chicken broth and salt and pepper. Bring to a simmer.","ingredients":[{"id":1102047,"name":"salt and pepper","localizedName":"salt and pepper","image":"salt-and-pepper.jpg"},{"id":6194,"name":"chicken broth","localizedName":"chicken broth","image":"chicken-broth.png"}],"equipment":[]},{"number":7,"step":"Add parsley and remove from heat.","ingredients":[{"id":11297,"name":"parsley","localizedName":"parsley","image":"parsley.jpg"}],"equipment":[]},{"number":8,"step":"Pour sausage mixture over cooked pasta.","ingredients":[{"id":20421,"name":"cooked pasta","localizedName":"cooked pasta","image":"fusilli.jpg"},{"id":1017063,"name":"sausage","localizedName":"sausage","image":"raw-pork-sausage.png"}],"equipment":[]},{"number":9,"step":"Sprinkle with cheese and serve.","ingredients":[{"id":1041009,"name":"cheese","localizedName":"cheese","image":"cheddar-cheese.png"}],"equipment":[]}]}]
