[{"name":"","steps":[{"number":1,"step":"Bring 6 quarts water and 2 teaspoons salt to a boil in a large stockpot. Stir in pasta; partially cover, and return to a boil, stirring frequently. Cook 8 minutes or until pasta is almost al dente, stirring occasionally.","ingredients":[{"id":20420,"name":"pasta","localizedName":"pasta","image":"fusilli.jpg"},{"id":14412,"name":"water","localizedName":"water","image":"water.png"},{"id":2047,"name":"salt","localizedName":"salt","image":"salt.jpg"}],"equipment":[{"id":404752,"name":"pot","localizedName":"pot","image":"stock-pot.jpg"}],"length":{"number":8,"unit":"minutes"}},{"number":2,"step":"Drain pasta in a colander over a bowl, reserving 2 cups cooking water.","ingredients":[{"id":20420,"name":"pasta","localizedName":"pasta","image":"fusilli.jpg"},{"id":14412,"name":"water","localizedName":"water","image":"water.png"}],"equipment":[{"id":404639,"name":"colander","localizedName":"colander","image":"colander.jpg"},{"id":404783,"name":"bowl","localizedName":"bowl","image":"bowl.jpg"}]},{"number":3,"step":"While pasta cooks, heat oil in a Dutch oven over medium-high heat.","ingredients":[{"id":20420,"name":"pasta","localizedName":"pasta","image":"fusilli.jpg"},{"id":4582,"name":"cooking oil","localizedName":"cooking oil","image":"vegetable-oil.jpg"}],"equipment":[{"id":404667,"name":"dutch oven","localizedName":"dutch oven","image":"dutch-oven.jpg"}]},{"number":4,"step":"Add garlic and prosciutto; cook 1 minute, stirring constantly.","ingredients":[{"id":10010123,"name":"prosciutto","localizedName":"prosciutto","image":"proscuitto.jpg"},{"id":11215,"name":"garlic","localizedName":"garlic","image":"garlic.png"}],"equipment":[],"length":{"number":1,"unit":"minutes"}},{"number":5,"step":"Add pepper; cook 2 1/2 minutes or until prosciutto is crisp, stirring frequently.","ingredients":[{"id":10010123,"name":"prosciutto","localizedName":"prosciutto","image":"proscuitto.jpg"},{"id":1002030,"name":"pepper","localizedName":"pepper","image":"pepper.jpg"}],"equipment":[],"length":{"number":2,"unit":"minutes"}},{"number":6,"step":"Add reserved 2 cups cooking water and chickpeas; bring to a boil.","ingredients":[{"id":16057,"name":"chickpeas","localizedName":"chickpeas","image":"chickpeas.png"},{"id":14412,"name":"water","localizedName":"water","image":"water.png"}],"equipment":[]},{"number":7,"step":"Add broccoli rabe (do not stir); cover, reduce heat, and simmer 7 minutes or until broccoli rabe is tender. Uncover; simmer 15 minutes or until liquid almost evaporates.","ingredients":[{"id":11096,"name":"broccoli rabe","localizedName":"broccoli rabe","image":"broccoli-rabe.jpg"}],"equipment":[],"length":{"number":22,"unit":"minutes"}},{"number":8,"step":"Add pasta, and cook 1 minute or until pasta is al dente, tossing to combine.","ingredients":[{"id":20420,"name":"pasta","localizedName":"pasta","image":"fusilli.jpg"}],"equipment":[],"length":{"number":1,"unit":"minutes"}},{"number":9,"step":"Remove from heat; stir in cheese.","ingredients":[{"id":1041009,"name":"cheese","localizedName":"cheese","image":"cheddar-cheese.png"}],"equipment":[]},{"number":10,"step":"Serve immediately.","ingredients":[],"equipment":[]}]}]
