[{"name":"","steps":[{"number":1,"step":"In a large skillet, heat oil over medium-high heat. Stir in onions and cook for one minute. Stir in garlic and ginger, and cook for 30 seconds. Stir in tofu, and cook until golden brown","ingredients":[{"id":11215,"name":"garlic","localizedName":"garlic","image":"garlic.png"},{"id":11216,"name":"ginger","localizedName":"ginger","image":"ginger.png"},{"id":11282,"name":"onion","localizedName":"onion","image":"brown-onion.png"},{"id":16213,"name":"tofu","localizedName":"tofu","image":"tofu.png"},{"id":4582,"name":"cooking oil","localizedName":"cooking oil","image":"vegetable-oil.jpg"}],"equipment":[{"id":404645,"name":"frying pan","localizedName":"frying pan","image":"pan.png"}],"length":{"number":1,"unit":"minutes"}},{"number":2,"step":"Stir in carrots, bell pepper and baby corn, cooking for 2 minutes. Stir in bok choy, mushrooms, bean sprouts, bamboo shoots, and crushed red pepper, and heat through.","ingredients":[{"id":1032009,"name":"red pepper flakes","localizedName":"red pepper flakes","image":"red-pepper-flakes.jpg"},{"id":11028,"name":"bamboo shoots","localizedName":"bamboo shoots","image":"bamboo-shoots.jpg"},{"id":11043,"name":"bean sprouts","localizedName":"bean sprouts","image":"bean-sprouts.jpg"},{"id":10211821,"name":"bell pepper","localizedName":"bell pepper","image":"bell-pepper-orange.png"},{"id":10011168,"name":"baby corn","localizedName":"baby corn","image":"baby-corn.jpg"},{"id":11260,"name":"mushrooms","localizedName":"mushrooms","image":"mushrooms.png"},{"id":11116,"name":"bok choy","localizedName":"bok choy","image":"bok-choy.jpg"},{"id":11124,"name":"carrot","localizedName":"carrot","image":"sliced-carrot.png"}],"equipment":[],"length":{"number":2,"unit":"minutes"}},{"number":3,"step":"Remove from heat.","ingredients":[],"equipment":[]},{"number":4,"step":"In a small saucepan, combine water, rice wine vinegar, honey, and soy sauce, and bring to a simmer. Cook for two minutes, then stir in cornstarch and water mixture. Simmer until sauce thickens.","ingredients":[{"id":1022053,"name":"rice vinegar","localizedName":"rice vinegar","image":"rice-vinegar.png"},{"id":20027,"name":"corn starch","localizedName":"corn starch","image":"white-powder.jpg"},{"id":16124,"name":"soy sauce","localizedName":"soy sauce","image":"soy-sauce.jpg"},{"id":19296,"name":"honey","localizedName":"honey","image":"honey.png"},{"id":0,"name":"sauce","localizedName":"sauce","image":""},{"id":14412,"name":"water","localizedName":"water","image":"water.png"}],"equipment":[{"id":404669,"name":"sauce pan","localizedName":"sauce pan","image":"sauce-pan.jpg"}],"length":{"number":2,"unit":"minutes"}},{"number":5,"step":"Pour sauce over vegetables and tofu.","ingredients":[{"id":11583,"name":"vegetable","localizedName":"vegetable","image":"mixed-vegetables.png"},{"id":0,"name":"sauce","localizedName":"sauce","image":""},{"id":16213,"name":"tofu","localizedName":"tofu","image":"tofu.png"}],"equipment":[]},{"number":6,"step":"Garnish with scallions.","ingredients":[{"id":11291,"name":"green onions","localizedName":"green onions","image":"spring-onions.jpg"}],"equipment":[]}]}]
