[{"name":"","steps":[{"number":1,"step":"Heat vegetable oil in a wok over high heat. When the oil is hot, stir in ginger and minced chiles; cook and stir until the ginger is fragrant, about 30 seconds.","ingredients":[{"id":4669,"name":"vegetable oil","localizedName":"vegetable oil","image":"vegetable-oil.jpg"},{"id":11819,"name":"chili pepper","localizedName":"chili pepper","image":"red-chili.jpg"},{"id":11216,"name":"ginger","localizedName":"ginger","image":"ginger.png"},{"id":4582,"name":"cooking oil","localizedName":"cooking oil","image":"vegetable-oil.jpg"}],"equipment":[{"id":404666,"name":"wok","localizedName":"wok","image":"wok.png"}]},{"number":2,"step":"Add baby corn, red pepper, and bok choy stalks; stir fry until the red pepper has begun to soften, about 3 minutes.","ingredients":[{"id":11821,"name":"red pepper","localizedName":"red pepper","image":"red-pepper.jpg"},{"id":10011168,"name":"baby corn","localizedName":"baby corn","image":"baby-corn.jpg"},{"id":11116,"name":"bok choy","localizedName":"bok choy","image":"bok-choy.jpg"}],"equipment":[],"length":{"number":3,"unit":"minutes"}},{"number":3,"step":"Stir in bok choy leaves and bean sprouts; cook until the leaves have darkened and wilted, 1 to 2 minutes.","ingredients":[{"id":10011116,"name":"bok choy leaves","localizedName":"bok choy leaves","image":"bok-choy.jpg"},{"id":11043,"name":"bean sprouts","localizedName":"bean sprouts","image":"bean-sprouts.jpg"}],"equipment":[],"length":{"number":1,"unit":"minutes"}},{"number":4,"step":"Pour in fish sauce and oyster sauce; sprinkle with green onions, and stir together.","ingredients":[{"id":11291,"name":"green onions","localizedName":"green onions","image":"spring-onions.jpg"},{"id":6176,"name":"oyster sauce","localizedName":"oyster sauce","image":"oyster-sauce.jpg"},{"id":6179,"name":"fish sauce","localizedName":"fish sauce","image":"asian-fish-sauce.jpg"}],"equipment":[]},{"number":5,"step":"Serve sprinkled with chopped cilantro and toasted sesame seeds.","ingredients":[{"id":12023,"name":"sesame seeds","localizedName":"sesame seeds","image":"sesame-seeds.png"},{"id":11165,"name":"cilantro","localizedName":"cilantro","image":"cilantro.png"}],"equipment":[]}]}]
