[{"name":"","steps":[{"number":1,"step":"In a skillet over moderate heat, combine oil, butter and flour. Cook 2 or 3 minutes.","ingredients":[{"id":1001,"name":"butter","localizedName":"butter","image":"butter-sliced.jpg"},{"id":20081,"name":"all purpose flour","localizedName":"all purpose flour","image":"flour.png"},{"id":4582,"name":"cooking oil","localizedName":"cooking oil","image":"vegetable-oil.jpg"}],"equipment":[{"id":404645,"name":"frying pan","localizedName":"frying pan","image":"pan.png"}],"length":{"number":3,"unit":"minutes"}},{"number":2,"step":"Whisk in broth.","ingredients":[{"id":1006615,"name":"broth","localizedName":"broth","image":"chicken-broth.png"}],"equipment":[{"id":404661,"name":"whisk","localizedName":"whisk","image":"whisk.png"}]},{"number":3,"step":"Add the sliced veal in thickened sauce 3 or 4 minutes and transfer to a warm platter. Season veal with salt and pepper.","ingredients":[{"id":1102047,"name":"salt and pepper","localizedName":"salt and pepper","image":"salt-and-pepper.jpg"},{"id":0,"name":"sauce","localizedName":"sauce","image":""},{"id":17142,"name":"veal","localizedName":"veal","image":"veal.jpg"}],"equipment":[],"length":{"number":4,"unit":"minutes"}},{"number":4,"step":"Add lemon zest, lemon juice and chopped parsley to the sauce and remove pan from heat.","ingredients":[{"id":9152,"name":"lemon juice","localizedName":"lemon juice","image":"lemon-juice.jpg"},{"id":9156,"name":"lemon zest","localizedName":"lemon zest","image":"zest-lemon.jpg"},{"id":11297,"name":"parsley","localizedName":"parsley","image":"parsley.jpg"},{"id":0,"name":"sauce","localizedName":"sauce","image":""}],"equipment":[{"id":404645,"name":"frying pan","localizedName":"frying pan","image":"pan.png"}]},{"number":5,"step":"Heat water for broccoli rabe. Blanch until just cooked but still crispy.","ingredients":[{"id":11096,"name":"broccoli rabe","localizedName":"broccoli rabe","image":"broccoli-rabe.jpg"},{"id":14412,"name":"water","localizedName":"water","image":"water.png"}],"equipment":[]},{"number":6,"step":"Drain broccoli rabe.","ingredients":[{"id":11096,"name":"broccoli rabe","localizedName":"broccoli rabe","image":"broccoli-rabe.jpg"}],"equipment":[]},{"number":7,"step":"Place a second skillet over medium high heat.","ingredients":[],"equipment":[{"id":404645,"name":"frying pan","localizedName":"frying pan","image":"pan.png"}]},{"number":8,"step":"Add extra-virgin olive oil, garlic, and broccoli rabe and cook until tender. Season with salt, pepper and nutmeg.","ingredients":[{"id":1034053,"name":"extra virgin olive oil","localizedName":"extra virgin olive oil","image":"olive-oil.jpg"},{"id":11096,"name":"broccoli rabe","localizedName":"broccoli rabe","image":"broccoli-rabe.jpg"},{"id":11215,"name":"garlic","localizedName":"garlic","image":"garlic.png"},{"id":2025,"name":"nutmeg","localizedName":"nutmeg","image":"ground-nutmeg.jpg"},{"id":1002030,"name":"pepper","localizedName":"pepper","image":"pepper.jpg"},{"id":2047,"name":"salt","localizedName":"salt","image":"salt.jpg"}],"equipment":[]},{"number":9,"step":"To assemble, divide broccoli rabe between 2 dinner plates. Top with veal and pour pan sauce equally over the 2 plates.","ingredients":[{"id":11096,"name":"broccoli rabe","localizedName":"broccoli rabe","image":"broccoli-rabe.jpg"},{"id":0,"name":"sauce","localizedName":"sauce","image":""},{"id":17142,"name":"veal","localizedName":"veal","image":"veal.jpg"}],"equipment":[{"id":404645,"name":"frying pan","localizedName":"frying pan","image":"pan.png"}]}]}]
