[{"name":"","steps":[{"number":1,"step":"Heat 2 teaspoons oil in a large Dutch oven over medium-high heat.","ingredients":[{"id":4582,"name":"cooking oil","localizedName":"cooking oil","image":"vegetable-oil.jpg"}],"equipment":[{"id":404667,"name":"dutch oven","localizedName":"dutch oven","image":"dutch-oven.jpg"}]},{"number":2,"step":"Sprinkle roast evenly with five-spice powder and salt.","ingredients":[{"id":2047,"name":"salt","localizedName":"salt","image":"salt.jpg"}],"equipment":[]},{"number":3,"step":"Add meat to pan; cook 5 minutes, turning to brown on all sides.","ingredients":[{"id":1065062,"name":"meat","localizedName":"meat","image":"whole-chicken.jpg"}],"equipment":[{"id":404645,"name":"frying pan","localizedName":"frying pan","image":"pan.png"}],"length":{"number":5,"unit":"minutes"}},{"number":4,"step":"Add broth and next 6 ingredients (through star anise) to pan; bring to a simmer. Cover, reduced heat, and simmer 3 1/2 hours or until meat is tender.","ingredients":[{"id":1012002,"name":"star anise","localizedName":"star anise","image":"star-anise.jpg"},{"id":1006615,"name":"broth","localizedName":"broth","image":"chicken-broth.png"},{"id":1065062,"name":"meat","localizedName":"meat","image":"whole-chicken.jpg"}],"equipment":[{"id":404645,"name":"frying pan","localizedName":"frying pan","image":"pan.png"}],"length":{"number":120,"unit":"minutes"}},{"number":5,"step":"Remove meat from pan. Cover and keep warm.","ingredients":[{"id":1065062,"name":"meat","localizedName":"meat","image":"whole-chicken.jpg"}],"equipment":[{"id":404645,"name":"frying pan","localizedName":"frying pan","image":"pan.png"}]},{"number":6,"step":"Strain cooking liquid through a sieve over a bowl; discard solids.","ingredients":[],"equipment":[{"id":405600,"name":"sieve","localizedName":"sieve","image":"strainer.png"},{"id":404783,"name":"bowl","localizedName":"bowl","image":"bowl.jpg"}]},{"number":7,"step":"Heat the remaining 2 teaspoons oil in pan over medium-high heat.","ingredients":[{"id":4582,"name":"cooking oil","localizedName":"cooking oil","image":"vegetable-oil.jpg"}],"equipment":[{"id":404645,"name":"frying pan","localizedName":"frying pan","image":"pan.png"}]},{"number":8,"step":"Add mushrooms and carrot to pan; saut 5 minutes.","ingredients":[{"id":11260,"name":"mushrooms","localizedName":"mushrooms","image":"mushrooms.png"},{"id":11124,"name":"carrot","localizedName":"carrot","image":"sliced-carrot.png"}],"equipment":[{"id":404645,"name":"frying pan","localizedName":"frying pan","image":"pan.png"}],"length":{"number":5,"unit":"minutes"}},{"number":9,"step":"Add bok choy and 4 cups reserved cooking liquid to pan. Cover and cook 5 minutes or until bok choy is tender.","ingredients":[{"id":11116,"name":"bok choy","localizedName":"bok choy","image":"bok-choy.jpg"}],"equipment":[{"id":404645,"name":"frying pan","localizedName":"frying pan","image":"pan.png"}],"length":{"number":5,"unit":"minutes"}},{"number":10,"step":"Cook noodles according to package directions, omitting salt and fat.","ingredients":[{"id":20420,"name":"pasta","localizedName":"pasta","image":"fusilli.jpg"},{"id":2047,"name":"salt","localizedName":"salt","image":"salt.jpg"}],"equipment":[]},{"number":11,"step":"Drain. Divide noodles evenly among 8 bowls. Shred the meat with 2 forks; arrange 3 ounces meat over each serving. Top each serving with 2 tablespoons vegetable mixture and 1/2 cup broth.","ingredients":[{"id":11583,"name":"vegetable","localizedName":"vegetable","image":"mixed-vegetables.png"},{"id":20420,"name":"pasta","localizedName":"pasta","image":"fusilli.jpg"},{"id":1006615,"name":"broth","localizedName":"broth","image":"chicken-broth.png"},{"id":1065062,"name":"meat","localizedName":"meat","image":"whole-chicken.jpg"}],"equipment":[{"id":404783,"name":"bowl","localizedName":"bowl","image":"bowl.jpg"}]},{"number":12,"step":"Place 1 bok choy half on each serving; sprinkle each serving with 1 1/2 teaspoons green onions.","ingredients":[{"id":11291,"name":"green onions","localizedName":"green onions","image":"spring-onions.jpg"},{"id":11116,"name":"bok choy","localizedName":"bok choy","image":"bok-choy.jpg"}],"equipment":[]}]}]
