[{"name":"","steps":[{"number":1,"step":"Watch how to make this recipe.","ingredients":[],"equipment":[]},{"number":2,"step":"In a medium stock pot, boil water, add salt and cook noodles. When finished, place noodles in an ice water bath to cool.","ingredients":[{"id":14412,"name":"water","localizedName":"water","image":"water.png"},{"id":20420,"name":"pasta","localizedName":"pasta","image":"fusilli.jpg"},{"id":1006615,"name":"stock","localizedName":"stock","image":"chicken-broth.png"},{"id":2047,"name":"salt","localizedName":"salt","image":"salt.jpg"}],"equipment":[{"id":404752,"name":"pot","localizedName":"pot","image":"stock-pot.jpg"}]},{"number":3,"step":"Drain and set aside.","ingredients":[],"equipment":[]},{"number":4,"step":"In a medium bowl combine, sesame oil, vinegar, soy sauce, hot chili oil, hoisin and extra-virgin olive oil.","ingredients":[{"id":1034053,"name":"extra virgin olive oil","localizedName":"extra virgin olive oil","image":"olive-oil.jpg"},{"id":4058,"name":"sesame oil","localizedName":"sesame oil","image":"sesame-oil.png"},{"id":1014053,"name":"chili oil","localizedName":"chili oil","image":"chili-oil.jpg"},{"id":16124,"name":"soy sauce","localizedName":"soy sauce","image":"soy-sauce.jpg"},{"id":2053,"name":"vinegar","localizedName":"vinegar","image":"vinegar-(white).jpg"},{"id":6175,"name":"hoisin sauce","localizedName":"hoisin sauce","image":"dark-sauce.jpg"}],"equipment":[{"id":404783,"name":"bowl","localizedName":"bowl","image":"bowl.jpg"}]},{"number":5,"step":"Mix thoroughly and then combine prepared vegetables and noodles.","ingredients":[{"id":11583,"name":"vegetable","localizedName":"vegetable","image":"mixed-vegetables.png"},{"id":20420,"name":"pasta","localizedName":"pasta","image":"fusilli.jpg"}],"equipment":[]},{"number":6,"step":"Garnish with sesame seeds and peanuts.","ingredients":[{"id":12023,"name":"sesame seeds","localizedName":"sesame seeds","image":"sesame-seeds.png"},{"id":16091,"name":"peanuts","localizedName":"peanuts","image":"peanuts.png"}],"equipment":[]}]}]
