[{"name":"","steps":[{"number":1,"step":"Bring a large saucepan of salted water to a boil.","ingredients":[{"id":14412,"name":"water","localizedName":"water","image":"water.png"}],"equipment":[{"id":404669,"name":"sauce pan","localizedName":"sauce pan","image":"sauce-pan.jpg"}]},{"number":2,"step":"Add the broccoli rabe and cook until tender, about 3 minutes.","ingredients":[{"id":11096,"name":"broccoli rabe","localizedName":"broccoli rabe","image":"broccoli-rabe.jpg"}],"equipment":[],"length":{"number":3,"unit":"minutes"}},{"number":3,"step":"Drain, squeezing to remove any excess water.","ingredients":[{"id":14412,"name":"water","localizedName":"water","image":"water.png"}],"equipment":[]},{"number":4,"step":"Heat the jelly in a small saucepan over low heat for 2 to 3 minutes.","ingredients":[{"id":19297,"name":"jelly","localizedName":"jelly","image":"grape-jelly.jpg"}],"equipment":[{"id":404669,"name":"sauce pan","localizedName":"sauce pan","image":"sauce-pan.jpg"}],"length":{"number":2,"unit":"minutes"}},{"number":5,"step":"Remove from heat.","ingredients":[],"equipment":[]},{"number":6,"step":"Add the red pepper and mustard.","ingredients":[{"id":11821,"name":"red pepper","localizedName":"red pepper","image":"red-pepper.jpg"},{"id":2046,"name":"mustard","localizedName":"mustard","image":"regular-mustard.jpg"}],"equipment":[]},{"number":7,"step":"Whisking constantly, slowly add the oil. Season with the salt and black pepper.","ingredients":[{"id":1102047,"name":"salt and pepper","localizedName":"salt and pepper","image":"salt-and-pepper.jpg"},{"id":4582,"name":"cooking oil","localizedName":"cooking oil","image":"vegetable-oil.jpg"}],"equipment":[{"id":404661,"name":"whisk","localizedName":"whisk","image":"whisk.png"}]},{"number":8,"step":"Transfer the broccoli rabe to a serving bowl, drizzle with the jelly vinaigrette, and toss.","ingredients":[{"id":11096,"name":"broccoli rabe","localizedName":"broccoli rabe","image":"broccoli-rabe.jpg"},{"id":4135,"name":"vinaigrette","localizedName":"vinaigrette","image":"vinaigrette.jpg"},{"id":19297,"name":"jelly","localizedName":"jelly","image":"grape-jelly.jpg"}],"equipment":[{"id":404783,"name":"bowl","localizedName":"bowl","image":"bowl.jpg"}]},{"number":9,"step":"Serve hot or at room temperature.","ingredients":[],"equipment":[]}]}]
