[{"name":"","steps":[{"number":1,"step":"Puree first 9 ingredients and 1 teaspoon red pepper in blender until smooth. With machine running, gradually add canola oil through opening in lid. Season dressing to taste with salt and pepper. DO AHEAD: Can be made 1 day ahead. Cover and chill. Bring to room temperature before continuing.","ingredients":[{"id":1102047,"name":"salt and pepper","localizedName":"salt and pepper","image":"salt-and-pepper.jpg"},{"id":1014582,"name":"canola oil","localizedName":"canola oil","image":"vegetable-oil.jpg"},{"id":11821,"name":"red pepper","localizedName":"red pepper","image":"red-pepper.jpg"}],"equipment":[{"id":404726,"name":"blender","localizedName":"blender","image":"blender.png"}]},{"number":2,"step":"Cook soba noodles in large pot of boiling salted water until tender but still firm to bite.","ingredients":[{"id":20114,"name":"soba noodles","localizedName":"soba noodles","image":"uncooked-soba-noodles.png"},{"id":14412,"name":"water","localizedName":"water","image":"water.png"}],"equipment":[{"id":404752,"name":"pot","localizedName":"pot","image":"stock-pot.jpg"}]},{"number":3,"step":"Drain. Rinse with cold water; drain well. Using kitchen shears, cut noodles crosswise in 2 to 3 places.","ingredients":[{"id":20420,"name":"pasta","localizedName":"pasta","image":"fusilli.jpg"},{"id":14412,"name":"water","localizedName":"water","image":"water.png"}],"equipment":[]},{"number":4,"step":"Drizzle noodles in strainer with sesame oil and toss to coat.","ingredients":[{"id":4058,"name":"sesame oil","localizedName":"sesame oil","image":"sesame-oil.png"},{"id":20420,"name":"pasta","localizedName":"pasta","image":"fusilli.jpg"}],"equipment":[{"id":405600,"name":"sieve","localizedName":"sieve","image":"strainer.png"}]},{"number":5,"step":"Place greens, bok choy, cucumber, green onions, chopped cilantro, and mint in large bowl.","ingredients":[{"id":11291,"name":"green onions","localizedName":"green onions","image":"spring-onions.jpg"},{"id":11116,"name":"bok choy","localizedName":"bok choy","image":"bok-choy.jpg"},{"id":11165,"name":"cilantro","localizedName":"cilantro","image":"cilantro.png"},{"id":11206,"name":"cucumber","localizedName":"cucumber","image":"cucumber.jpg"},{"id":21052,"name":"greens","localizedName":"greens","image":"mixed-greens-or-mesclun.jpg"},{"id":2064,"name":"mint","localizedName":"mint","image":"mint.jpg"}],"equipment":[{"id":404783,"name":"bowl","localizedName":"bowl","image":"bowl.jpg"}]},{"number":6,"step":"Add 1 teaspoon red pepper, dressing, and noodles; toss to coat. Season to taste with salt and pepper.","ingredients":[{"id":1102047,"name":"salt and pepper","localizedName":"salt and pepper","image":"salt-and-pepper.jpg"},{"id":11821,"name":"red pepper","localizedName":"red pepper","image":"red-pepper.jpg"},{"id":20420,"name":"pasta","localizedName":"pasta","image":"fusilli.jpg"}],"equipment":[]},{"number":7,"step":"Garnish with cilantro sprigs and peanuts and serve.","ingredients":[{"id":11165,"name":"cilantro","localizedName":"cilantro","image":"cilantro.png"},{"id":16091,"name":"peanuts","localizedName":"peanuts","image":"peanuts.png"}],"equipment":[]}]}]
