[{"name":"","steps":[{"number":1,"step":"Toss the chicken with the oyster sauce in a bowl.","ingredients":[{"id":6176,"name":"oyster sauce","localizedName":"oyster sauce","image":"oyster-sauce.jpg"},{"id":5006,"name":"whole chicken","localizedName":"whole chicken","image":"whole-chicken.jpg"}],"equipment":[{"id":404783,"name":"bowl","localizedName":"bowl","image":"bowl.jpg"}]},{"number":2,"step":"Mix the cornstarch with 3 tablespoons cold water in another bowl.","ingredients":[{"id":20027,"name":"corn starch","localizedName":"corn starch","image":"white-powder.jpg"},{"id":14412,"name":"water","localizedName":"water","image":"water.png"}],"equipment":[{"id":404783,"name":"bowl","localizedName":"bowl","image":"bowl.jpg"}]},{"number":3,"step":"Place both bowls near the stove with the remaining ingredients.","ingredients":[],"equipment":[{"id":404783,"name":"bowl","localizedName":"bowl","image":"bowl.jpg"},{"id":404794,"name":"stove","localizedName":"stove","image":"oven.jpg"}]},{"number":4,"step":"Heat a wok or deep skillet over high heat until hot.","ingredients":[],"equipment":[{"id":404645,"name":"frying pan","localizedName":"frying pan","image":"pan.png"},{"id":404666,"name":"wok","localizedName":"wok","image":"wok.png"}]},{"number":5,"step":"Add the peanut oil, then the scallions, ginger and garlic, and stir-fry about 20 seconds.","ingredients":[{"id":4042,"name":"peanut oil","localizedName":"peanut oil","image":"peanut-oil.jpg"},{"id":11291,"name":"green onions","localizedName":"green onions","image":"spring-onions.jpg"},{"id":11215,"name":"garlic","localizedName":"garlic","image":"garlic.png"},{"id":11216,"name":"ginger","localizedName":"ginger","image":"ginger.png"}],"equipment":[]},{"number":6,"step":"Add the chicken mixture and stir-fry until the meat is no longer pink on the outside, 2 to 3 minutes. Stir in the mushrooms and bok choy.","ingredients":[{"id":11260,"name":"mushrooms","localizedName":"mushrooms","image":"mushrooms.png"},{"id":11116,"name":"bok choy","localizedName":"bok choy","image":"bok-choy.jpg"},{"id":5006,"name":"whole chicken","localizedName":"whole chicken","image":"whole-chicken.jpg"},{"id":1065062,"name":"meat","localizedName":"meat","image":"whole-chicken.jpg"}],"equipment":[],"length":{"number":2,"unit":"minutes"}},{"number":7,"step":"Add the broth and sesame oil to the skillet and bring to a boil over high heat.","ingredients":[{"id":4058,"name":"sesame oil","localizedName":"sesame oil","image":"sesame-oil.png"},{"id":1006615,"name":"broth","localizedName":"broth","image":"chicken-broth.png"}],"equipment":[{"id":404645,"name":"frying pan","localizedName":"frying pan","image":"pan.png"}]},{"number":8,"step":"Add the cornstarch mixture, return to a boil and cook, tossing, until the chicken is cooked through and the sauce is thick and glossy, 2 to 3 minutes.","ingredients":[{"id":20027,"name":"corn starch","localizedName":"corn starch","image":"white-powder.jpg"},{"id":5006,"name":"whole chicken","localizedName":"whole chicken","image":"whole-chicken.jpg"},{"id":0,"name":"sauce","localizedName":"sauce","image":""}],"equipment":[],"length":{"number":2,"unit":"minutes"}},{"number":9,"step":"Serve with rice, if desired.Per serving: Calories 303; Fat 12 g (Saturated 2 g); Cholesterol 90 mg; Sodium 415 mg; Carbohydrate 12 g; Fiber 2 g; Protein 38 gPhotograph by Antonis Achilleos","ingredients":[{"id":20444,"name":"rice","localizedName":"rice","image":"uncooked-white-rice.png"}],"equipment":[]}]}]
