[{"name":"","steps":[{"number":1,"step":"Cook the linguine according to the package directions. Meanwhile, in a large saucepan, over medium heat, fry the bacon until crisp, about 4 minutes.","ingredients":[{"id":10720420,"name":"linguine","localizedName":"linguine","image":"spaghetti.jpg"},{"id":10123,"name":"bacon","localizedName":"bacon","image":"raw-bacon.png"}],"equipment":[{"id":404669,"name":"sauce pan","localizedName":"sauce pan","image":"sauce-pan.jpg"}],"length":{"number":4,"unit":"minutes"}},{"number":2,"step":"Transfer to a paper towel. Spoon off all but 1 tablespoon of the drippings from the pan, reserving the rest.Return pan to medium heat, add the garlic and broccoli rabe, and toss.","ingredients":[{"id":11096,"name":"broccoli rabe","localizedName":"broccoli rabe","image":"broccoli-rabe.jpg"},{"id":11215,"name":"garlic","localizedName":"garlic","image":"garlic.png"}],"equipment":[{"id":405895,"name":"paper towels","localizedName":"paper towels","image":"paper-towels.jpg"},{"id":404645,"name":"frying pan","localizedName":"frying pan","image":"pan.png"}]},{"number":3,"step":"Add the broth and bring to a boil. Reduce heat and simmer until the broccoli rabe is tender, about 3 minutes. Stir in the corn, either the reserved bacon drippings or the butter, the salt, and pepper.","ingredients":[{"id":4609,"name":"bacon drippings","localizedName":"bacon drippings","image":"raw-bacon.png"},{"id":11096,"name":"broccoli rabe","localizedName":"broccoli rabe","image":"broccoli-rabe.jpg"},{"id":1001,"name":"butter","localizedName":"butter","image":"butter-sliced.jpg"},{"id":1002030,"name":"pepper","localizedName":"pepper","image":"pepper.jpg"},{"id":1006615,"name":"broth","localizedName":"broth","image":"chicken-broth.png"},{"id":11168,"name":"corn","localizedName":"corn","image":"corn.png"},{"id":2047,"name":"salt","localizedName":"salt","image":"salt.jpg"}],"equipment":[],"length":{"number":3,"unit":"minutes"}},{"number":4,"step":"Add the drained linguine and toss.","ingredients":[{"id":10720420,"name":"linguine","localizedName":"linguine","image":"spaghetti.jpg"}],"equipment":[]},{"number":5,"step":"Heat until warmed through, about 3 minutes.","ingredients":[],"equipment":[],"length":{"number":3,"unit":"minutes"}},{"number":6,"step":"Remove from heat.","ingredients":[],"equipment":[]},{"number":7,"step":"Sprinkle with the Parmesan and reserved bacon and toss.Tip: Broccoli rabe has a bitter flavor that many people find pleasing. If you're not one of them, use a 5-ounce bag of fresh spinach instead.","ingredients":[{"id":11096,"name":"broccoli rabe","localizedName":"broccoli rabe","image":"broccoli-rabe.jpg"},{"id":1033,"name":"parmesan","localizedName":"parmesan","image":"parmesan.jpg"},{"id":10011457,"name":"spinach","localizedName":"spinach","image":"spinach.jpg"},{"id":10123,"name":"bacon","localizedName":"bacon","image":"raw-bacon.png"}],"equipment":[]},{"number":8,"step":"Add it to the pan, one handful at a time, along with the linguine.","ingredients":[{"id":10720420,"name":"linguine","localizedName":"linguine","image":"spaghetti.jpg"}],"equipment":[{"id":404645,"name":"frying pan","localizedName":"frying pan","image":"pan.png"}]}]}]
