[{"name":"","steps":[{"number":1,"step":"Cook broccoli rabe in boiling salted water until just tender, about 4 minutes.","ingredients":[{"id":11096,"name":"broccoli rabe","localizedName":"broccoli rabe","image":"broccoli-rabe.jpg"},{"id":14412,"name":"water","localizedName":"water","image":"water.png"}],"equipment":[],"length":{"number":4,"unit":"minutes"}},{"number":2,"step":"Drain and season with salt and pepper.","ingredients":[{"id":1102047,"name":"salt and pepper","localizedName":"salt and pepper","image":"salt-and-pepper.jpg"}],"equipment":[]},{"number":3,"step":"Each serving has about 20 calories and less than 1 gram fat.","ingredients":[],"equipment":[]},{"number":4,"step":"Self","ingredients":[],"equipment":[]}]}]
