[{"name":"","steps":[{"number":1,"step":"In a medium saucepan, bring broth and garlic to a simmer. Cover and cook 15 to 20 minutes. Discard garlic. Set aside 1/2 cup broth. Taste broth in pan and add salt if you like.","ingredients":[{"id":11215,"name":"garlic","localizedName":"garlic","image":"garlic.png"},{"id":1006615,"name":"broth","localizedName":"broth","image":"chicken-broth.png"},{"id":2047,"name":"salt","localizedName":"salt","image":"salt.jpg"}],"equipment":[{"id":404669,"name":"sauce pan","localizedName":"sauce pan","image":"sauce-pan.jpg"},{"id":404645,"name":"frying pan","localizedName":"frying pan","image":"pan.png"}],"length":{"number":15,"unit":"minutes"}},{"number":2,"step":"Beat eggs in a bowl and stir in reserved 1/2 cup broth, the semolina, and parmesan.","ingredients":[{"id":1033,"name":"parmesan","localizedName":"parmesan","image":"parmesan.jpg"},{"id":20066,"name":"semolina","localizedName":"semolina","image":"cornmeal.png"},{"id":1006615,"name":"broth","localizedName":"broth","image":"chicken-broth.png"},{"id":1123,"name":"egg","localizedName":"egg","image":"egg.png"}],"equipment":[{"id":404783,"name":"bowl","localizedName":"bowl","image":"bowl.jpg"}]},{"number":3,"step":"Add broccoli rabe to broth. Simmer until tender but still bright green, 3 to 5 minutes. Slowly pour in egg mixture. Turn off heat and stir back and forth very slowly until little \"rags\" form.","ingredients":[{"id":11096,"name":"broccoli rabe","localizedName":"broccoli rabe","image":"broccoli-rabe.jpg"},{"id":1006615,"name":"broth","localizedName":"broth","image":"chicken-broth.png"},{"id":1123,"name":"egg","localizedName":"egg","image":"egg.png"}],"equipment":[],"length":{"number":3,"unit":"minutes"}}]}]
