[{"name":"","steps":[{"number":1,"step":"Stir together the garlic powder, salt, cayenne pepper, and sazon seasoning in a shallow dish. Coat chicken pieces with this mixture.","ingredients":[{"id":2031,"name":"cayenne pepper","localizedName":"cayenne pepper","image":"chili-powder.jpg"},{"id":1005006,"name":"chicken pieces","localizedName":"chicken pieces","image":"chicken-parts.jpg"},{"id":1022020,"name":"garlic powder","localizedName":"garlic powder","image":"garlic-powder.png"},{"id":1042027,"name":"seasoning","localizedName":"seasoning","image":"seasoning.png"},{"id":98999,"name":"sazon completa","localizedName":"sazon completa","image":"oregano-dried.png"},{"id":2047,"name":"salt","localizedName":"salt","image":"salt.jpg"}],"equipment":[]},{"number":2,"step":"Heat a Dutch oven or heavy skillet with a lid over medium heat for at least 3 minutes.","ingredients":[],"equipment":[{"id":404667,"name":"dutch oven","localizedName":"dutch oven","image":"dutch-oven.jpg"},{"id":404645,"name":"frying pan","localizedName":"frying pan","image":"pan.png"}],"length":{"number":3,"unit":"minutes"}},{"number":3,"step":"Sprinkle the sugar over the bottom of the pan, and stir gently until it becomes liquid and caramelizes.","ingredients":[{"id":19335,"name":"sugar","localizedName":"sugar","image":"sugar-in-bowl.png"}],"equipment":[{"id":404645,"name":"frying pan","localizedName":"frying pan","image":"pan.png"}]},{"number":4,"step":"Add the chicken, cover, and cook for about 25 minutes.","ingredients":[{"id":5006,"name":"whole chicken","localizedName":"whole chicken","image":"whole-chicken.jpg"}],"equipment":[],"length":{"number":25,"unit":"minutes"}},{"number":5,"step":"Remove cover, and cook for another 15 to 20 minutes, letting the juices cook down until they are almost gone.","ingredients":[],"equipment":[],"length":{"number":15,"unit":"minutes"}},{"number":6,"step":"Add the bok choy, and cook just until wilted.","ingredients":[{"id":11116,"name":"bok choy","localizedName":"bok choy","image":"bok-choy.jpg"}],"equipment":[]}]}]
