[{"name":"","steps":[{"number":1,"step":"Place chicken, chicken broth, salt, and ginger into a large pot. Bring to a boil over high heat, then reduce heat to medium-low and simmer until the chicken is tender and no longer pink, about 35 minutes.","ingredients":[{"id":6194,"name":"chicken broth","localizedName":"chicken broth","image":"chicken-broth.png"},{"id":5006,"name":"whole chicken","localizedName":"whole chicken","image":"whole-chicken.jpg"},{"id":11216,"name":"ginger","localizedName":"ginger","image":"ginger.png"},{"id":2047,"name":"salt","localizedName":"salt","image":"salt.jpg"}],"equipment":[{"id":404752,"name":"pot","localizedName":"pot","image":"stock-pot.jpg"}],"length":{"number":35,"unit":"minutes"}},{"number":2,"step":"Remove chicken, and strain broth into a new pot. Discard the solids.","ingredients":[{"id":5006,"name":"whole chicken","localizedName":"whole chicken","image":"whole-chicken.jpg"},{"id":1006615,"name":"broth","localizedName":"broth","image":"chicken-broth.png"}],"equipment":[{"id":404752,"name":"pot","localizedName":"pot","image":"stock-pot.jpg"}]},{"number":3,"step":"Fill a bowl with hot tap water.","ingredients":[{"id":14412,"name":"water","localizedName":"water","image":"water.png"}],"equipment":[{"id":404783,"name":"bowl","localizedName":"bowl","image":"bowl.jpg"}]},{"number":4,"step":"Add the long rice noodles, and let sit for 30 minutes to soften.","ingredients":[{"id":20133,"name":"rice noodles","localizedName":"rice noodles","image":"dried-rice-noodles.jpg"}],"equipment":[],"length":{"number":30,"unit":"minutes"}},{"number":5,"step":"Stir onion into the broth, and bring to a boil, then reduce heat to medium-low. Meanwhile, remove the skin and bones from the chicken and discard. Roughly chop the meat and set aside.","ingredients":[{"id":5006,"name":"whole chicken","localizedName":"whole chicken","image":"whole-chicken.jpg"},{"id":1006615,"name":"broth","localizedName":"broth","image":"chicken-broth.png"},{"id":11282,"name":"onion","localizedName":"onion","image":"brown-onion.png"},{"id":1065062,"name":"meat","localizedName":"meat","image":"whole-chicken.jpg"}],"equipment":[]},{"number":6,"step":"Add the noodles, chicken meat, green onion and bok choy; simmer until noodles are tender.","ingredients":[{"id":1015006,"name":"chicken meat","localizedName":"chicken meat","image":"chicken-breasts.png"},{"id":11291,"name":"green onions","localizedName":"green onions","image":"spring-onions.jpg"},{"id":11116,"name":"bok choy","localizedName":"bok choy","image":"bok-choy.jpg"},{"id":20420,"name":"pasta","localizedName":"pasta","image":"fusilli.jpg"}],"equipment":[]},{"number":7,"step":"After the noodles have sat for 30 minutes, stir in the chicken meat, green onion, and bok choy. Reheat and serve.","ingredients":[{"id":1015006,"name":"chicken meat","localizedName":"chicken meat","image":"chicken-breasts.png"},{"id":11291,"name":"green onions","localizedName":"green onions","image":"spring-onions.jpg"},{"id":11116,"name":"bok choy","localizedName":"bok choy","image":"bok-choy.jpg"},{"id":20420,"name":"pasta","localizedName":"pasta","image":"fusilli.jpg"}],"equipment":[],"length":{"number":30,"unit":"minutes"}}]}]
