[{"name":"","steps":[{"number":1,"step":"Whisk together sugar, cornstarch, oyster sauce, and 1 tablespoon sesame oil in a large bowl; add the ground pork, shrimp, and 1 chopped green onion and mix to combine.","ingredients":[{"id":6176,"name":"oyster sauce","localizedName":"oyster sauce","image":"oyster-sauce.jpg"},{"id":11291,"name":"green onions","localizedName":"green onions","image":"spring-onions.jpg"},{"id":10219,"name":"ground pork","localizedName":"ground pork","image":"meat-ground.jpg"},{"id":20027,"name":"corn starch","localizedName":"corn starch","image":"white-powder.jpg"},{"id":4058,"name":"sesame oil","localizedName":"sesame oil","image":"sesame-oil.png"},{"id":15270,"name":"shrimp","localizedName":"shrimp","image":"shrimp.png"},{"id":19335,"name":"sugar","localizedName":"sugar","image":"sugar-in-bowl.png"}],"equipment":[{"id":404661,"name":"whisk","localizedName":"whisk","image":"whisk.png"},{"id":404783,"name":"bowl","localizedName":"bowl","image":"bowl.jpg"}]},{"number":2,"step":"Lay one wonton skin like a baseball diamond in front of you. Using your finger, brush beaten egg around the outer edge of the wonton skin.","ingredients":[{"id":1123,"name":"egg","localizedName":"egg","image":"egg.png"}],"equipment":[]},{"number":3,"step":"Place 1 tablespoon of pork mixture onto the middle of the wonton skin. Fold 'home run' corner to '2nd base' corner and press down creating a triangle. The meat filling lump is at the bottom of the triangle.","ingredients":[{"id":0,"name":"base","localizedName":"base","image":""},{"id":1065062,"name":"meat","localizedName":"meat","image":"whole-chicken.jpg"},{"id":10010219,"name":"pork","localizedName":"pork","image":"pork-tenderloin-raw.png"}],"equipment":[]},{"number":4,"step":"Brush egg mixtures at the '1st base' and '3rd base' corners of the triangle. Fold each base corner over the meat filling lump and over each other.","ingredients":[{"id":0,"name":"base","localizedName":"base","image":""},{"id":1065062,"name":"meat","localizedName":"meat","image":"whole-chicken.jpg"},{"id":1123,"name":"egg","localizedName":"egg","image":"egg.png"}],"equipment":[]},{"number":5,"step":"Brush egg mixture at the '2nd base/homerun' corner of the triangle and fold behind the meat filling lump. This is one wonton. Repeat until there are no more mixture or wrapper skins. Keep the wontons covered with a wet towel to prevent from drying.”","ingredients":[{"id":0,"name":"base","localizedName":"base","image":""},{"id":1065062,"name":"meat","localizedName":"meat","image":"whole-chicken.jpg"},{"id":1123,"name":"egg","localizedName":"egg","image":"egg.png"}],"equipment":[]},{"number":6,"step":"Mix together the chicken stock, soy sauce, 2 tablespoons sesame oil, and 2 green onions in a pot over medium-high heat. Bring this to a boil; reduce heat to medium-low and simmer for 15 minutes.","ingredients":[{"id":6172,"name":"chicken stock","localizedName":"chicken stock","image":"chicken-broth.png"},{"id":11291,"name":"green onions","localizedName":"green onions","image":"spring-onions.jpg"},{"id":4058,"name":"sesame oil","localizedName":"sesame oil","image":"sesame-oil.png"},{"id":16124,"name":"soy sauce","localizedName":"soy sauce","image":"soy-sauce.jpg"}],"equipment":[{"id":404752,"name":"pot","localizedName":"pot","image":"stock-pot.jpg"}],"length":{"number":15,"unit":"minutes"}},{"number":7,"step":"Add the bok choy and return to a boil until the bok choy is tender, about 5 minutes.","ingredients":[{"id":11116,"name":"bok choy","localizedName":"bok choy","image":"bok-choy.jpg"}],"equipment":[],"length":{"number":5,"unit":"minutes"}},{"number":8,"step":"Bring a large pot of salted water to a boil; boil wontons for 3 to 5 minutes, stirring occasionally to prevent wontons from sticking to each other or to the edges of the pot.","ingredients":[{"id":14412,"name":"water","localizedName":"water","image":"water.png"}],"equipment":[{"id":404752,"name":"pot","localizedName":"pot","image":"stock-pot.jpg"}],"length":{"number":3,"unit":"minutes"}},{"number":9,"step":"Place wontons in a soup bowl and ladle soup over wontons to serve.","ingredients":[{"id":0,"name":"soup","localizedName":"soup","image":""}],"equipment":[{"id":404630,"name":"ladle","localizedName":"ladle","image":"ladle.jpg"},{"id":404783,"name":"bowl","localizedName":"bowl","image":"bowl.jpg"}]},{"number":10,"step":"Garnish with chopped green onions.","ingredients":[{"id":11291,"name":"green onions","localizedName":"green onions","image":"spring-onions.jpg"}],"equipment":[]}]}]
