[{"name":"Make crespelle","steps":[{"number":1,"step":"Blend together eggs, milk, flour, and salt in a blender until smooth.","ingredients":[{"id":20081,"name":"all purpose flour","localizedName":"all purpose flour","image":"flour.png"},{"id":1123,"name":"egg","localizedName":"egg","image":"egg.png"},{"id":1077,"name":"milk","localizedName":"milk","image":"milk.png"},{"id":2047,"name":"salt","localizedName":"salt","image":"salt.jpg"}],"equipment":[{"id":404726,"name":"blender","localizedName":"blender","image":"blender.png"}]},{"number":2,"step":"Transfer to a bowl.","ingredients":[],"equipment":[{"id":404783,"name":"bowl","localizedName":"bowl","image":"bowl.jpg"}]},{"number":3,"step":"Lightly brush a 10-inch nonstick skillet with melted butter and heat over moderate heat until hot but not smoking. Ladle about 1/4 cup batter into skillet, tilting and rotating skillet to coat bottom, then pour excess batter back into bowl. (If batter sets before skillet is coated, reduce heat slightly for next crespella.) Cook until just set and underside is lightly browned, about 30 seconds, then invert crespella onto a clean kitchen towel to cool completely. (It will be cooked on one side only.) Make 5 more crespelle with remaining batter in same manner, brushing skillet with melted butter as needed.","ingredients":[{"id":1001,"name":"butter","localizedName":"butter","image":"butter-sliced.jpg"}],"equipment":[{"id":221439,"name":"kitchen towels","localizedName":"kitchen towels","image":"dish-towel.jpg"},{"id":404645,"name":"frying pan","localizedName":"frying pan","image":"pan.png"},{"id":404630,"name":"ladle","localizedName":"ladle","image":"ladle.jpg"},{"id":404783,"name":"bowl","localizedName":"bowl","image":"bowl.jpg"}]}]},{"name":"Make filling","steps":[{"number":1,"step":"Cut off and discard 1 inch from stem ends of broccoli rabe, then coarsely chop remainder.","ingredients":[{"id":11096,"name":"broccoli rabe","localizedName":"broccoli rabe","image":"broccoli-rabe.jpg"}],"equipment":[]},{"number":2,"step":"Cook broccoli rabe in a 6- to 8-quart pot of boiling salted water, uncovered, until just tender, about 5 minutes.","ingredients":[{"id":11096,"name":"broccoli rabe","localizedName":"broccoli rabe","image":"broccoli-rabe.jpg"},{"id":14412,"name":"water","localizedName":"water","image":"water.png"}],"equipment":[{"id":404752,"name":"pot","localizedName":"pot","image":"stock-pot.jpg"}],"length":{"number":5,"unit":"minutes"}},{"number":3,"step":"Transfer with a slotted spoon to a large bowl of ice and cold water to stop cooking.","ingredients":[{"id":14412,"name":"water","localizedName":"water","image":"water.png"},{"id":10014412,"name":"ice","localizedName":"ice","image":"ice-cubes.png"}],"equipment":[{"id":404636,"name":"slotted spoon","localizedName":"slotted spoon","image":"slotted-spoon.jpg"},{"id":404783,"name":"bowl","localizedName":"bowl","image":"bowl.jpg"}]},{"number":4,"step":"Drain well in a colander and pat dry.","ingredients":[],"equipment":[{"id":404639,"name":"colander","localizedName":"colander","image":"colander.jpg"}]},{"number":5,"step":"Cook garlic with red-pepper flakes in oil in a 12-inch nonstick skillet over moderate heat, stirring occasionally, until golden, about 8 minutes.","ingredients":[{"id":11215,"name":"garlic","localizedName":"garlic","image":"garlic.png"},{"id":1002030,"name":"pepper","localizedName":"pepper","image":"pepper.jpg"},{"id":4582,"name":"cooking oil","localizedName":"cooking oil","image":"vegetable-oil.jpg"}],"equipment":[{"id":404645,"name":"frying pan","localizedName":"frying pan","image":"pan.png"}],"length":{"number":8,"unit":"minutes"}},{"number":6,"step":"Add sausage and cook, breaking up sausage with back of a wooden spoon, until no longer pink inside, about 5 minutes. Stir in broccoli rabe and cook, tossing to coat with sausage, until heated through, about 3 minutes.","ingredients":[{"id":11096,"name":"broccoli rabe","localizedName":"broccoli rabe","image":"broccoli-rabe.jpg"},{"id":1017063,"name":"sausage","localizedName":"sausage","image":"raw-pork-sausage.png"}],"equipment":[{"id":404732,"name":"wooden spoon","localizedName":"wooden spoon","image":"wooden-spoon.jpg"}],"length":{"number":8,"unit":"minutes"}},{"number":7,"step":"Remove from heat.","ingredients":[],"equipment":[]}]},{"name":"Make sauce","steps":[{"number":1,"step":"Heat butter in a 2- to 3-quart heavy saucepan over moderately low heat until foam subsides, then add flour and cook, whisking, 3 minutes.","ingredients":[{"id":1001,"name":"butter","localizedName":"butter","image":"butter-sliced.jpg"},{"id":20081,"name":"all purpose flour","localizedName":"all purpose flour","image":"flour.png"}],"equipment":[{"id":404661,"name":"whisk","localizedName":"whisk","image":"whisk.png"},{"id":404669,"name":"sauce pan","localizedName":"sauce pan","image":"sauce-pan.jpg"}],"length":{"number":3,"unit":"minutes"}},{"number":2,"step":"Add milk in a slow stream, whisking, and bring to a boil, whisking. Reduce heat and simmer, whisking occasionally, 5 minutes. Stir in salt, pepper, and cheese, then remove from heat.","ingredients":[{"id":1041009,"name":"cheese","localizedName":"cheese","image":"cheddar-cheese.png"},{"id":1002030,"name":"pepper","localizedName":"pepper","image":"pepper.jpg"},{"id":1077,"name":"milk","localizedName":"milk","image":"milk.png"},{"id":2047,"name":"salt","localizedName":"salt","image":"salt.jpg"}],"equipment":[{"id":404661,"name":"whisk","localizedName":"whisk","image":"whisk.png"}],"length":{"number":5,"unit":"minutes"}}]},{"name":"Assemble torta","steps":[{"number":1,"step":"Put oven rack in middle position and preheat oven to 425°F. Invert bottom of springform pan (torta will be easier to slide off bottom when serving), then lock. Wrap outside of entire bottom of springform pan with a double layer of foil. Generously brush inside bottom and side of pan with butter, then sprinkle bottom with bread crumbs.","ingredients":[{"id":18079,"name":"breadcrumbs","localizedName":"breadcrumbs","image":"breadcrumbs.jpg"},{"id":1001,"name":"butter","localizedName":"butter","image":"butter-sliced.jpg"},{"id":10018364,"name":"wrap","localizedName":"wrap","image":"flour-tortilla.jpg"}],"equipment":[{"id":404650,"name":"springform pan","localizedName":"springform pan","image":"cake-pan.png"},{"id":404765,"name":"aluminum foil","localizedName":"aluminum foil","image":"aluminum-foil.png"},{"id":404784,"name":"oven","localizedName":"oven","image":"oven.jpg","temperature":{"number":425.0,"unit":"Fahrenheit"}}]},{"number":2,"step":"Stir together Fontina and parmesan in a bowl. Put 1 crespella  in bottom of springform pan, then sprinkle with one sixth of filling and drizzle with 1/3 cup sauce. Make 5 more layers each of crespella, filling, and sauce (end with a layer of sauce).","ingredients":[{"id":1033,"name":"parmesan","localizedName":"parmesan","image":"parmesan.jpg"},{"id":1020,"name":"fontina cheese","localizedName":"fontina cheese","image":"fontina.jpg"},{"id":0,"name":"sauce","localizedName":"sauce","image":""}],"equipment":[{"id":404650,"name":"springform pan","localizedName":"springform pan","image":"cake-pan.png"},{"id":404783,"name":"bowl","localizedName":"bowl","image":"bowl.jpg"}]},{"number":3,"step":"Sprinkle cheese mixture evenly over top.","ingredients":[{"id":1041009,"name":"cheese","localizedName":"cheese","image":"cheddar-cheese.png"}],"equipment":[]},{"number":4,"step":"Bake, uncovered, until top is bubbling and golden, about 25 minutes. Cool in pan on a rack 15 minutes.","ingredients":[],"equipment":[{"id":404784,"name":"oven","localizedName":"oven","image":"oven.jpg"},{"id":404645,"name":"frying pan","localizedName":"frying pan","image":"pan.png"}],"length":{"number":40,"unit":"minutes"}},{"number":5,"step":"Remove side of pan and carefully slide torta off bottom of pan onto a plate.","ingredients":[],"equipment":[{"id":404645,"name":"frying pan","localizedName":"frying pan","image":"pan.png"}]},{"number":6,"step":"Cut torta into wedges.","ingredients":[],"equipment":[]}]},{"name":"Cooks' notes","steps":[{"number":1,"step":"• Broccoli rabe can be cooked and drained 1 day ahead and chilled in an airtight container. Bring to room temperature before using.• Sauce can be made 1 day ahead and cooled completely, uncovered, then chilled, covered.• Crespelle can be made 3 days ahead and chilled, wrapped tightly in plastic wrap.","ingredients":[{"id":11096,"name":"broccoli rabe","localizedName":"broccoli rabe","image":"broccoli-rabe.jpg"},{"id":0,"name":"sauce","localizedName":"sauce","image":""},{"id":10018364,"name":"wrap","localizedName":"wrap","image":"flour-tortilla.jpg"}],"equipment":[{"id":404730,"name":"plastic wrap","localizedName":"plastic wrap","image":"plastic-wrap.jpg"}]}]}]
