[{"name":"","steps":[{"number":1,"step":"In a medium saucepan, cover the chicken breast with water and bring to a simmer over moderately high heat. Reduce the heat to low and skim.","ingredients":[{"id":5062,"name":"chicken breast","localizedName":"chicken breast","image":"chicken-breasts.png"},{"id":14412,"name":"water","localizedName":"water","image":"water.png"}],"equipment":[{"id":404669,"name":"sauce pan","localizedName":"sauce pan","image":"sauce-pan.jpg"}]},{"number":2,"step":"Add the 3 whole scallions, the sliced ginger and a pinch of salt. Simmer until the chicken breast is cooked through, about 25 minutes.","ingredients":[{"id":5062,"name":"chicken breast","localizedName":"chicken breast","image":"chicken-breasts.png"},{"id":11291,"name":"green onions","localizedName":"green onions","image":"spring-onions.jpg"},{"id":11216,"name":"ginger","localizedName":"ginger","image":"ginger.png"},{"id":2047,"name":"salt","localizedName":"salt","image":"salt.jpg"}],"equipment":[],"length":{"number":25,"unit":"minutes"}},{"number":3,"step":"Transfer the chicken to a plate and let cool to room temperature. Discard the skin and bones and shred the meat.","ingredients":[{"id":5006,"name":"whole chicken","localizedName":"whole chicken","image":"whole-chicken.jpg"},{"id":1065062,"name":"meat","localizedName":"meat","image":"whole-chicken.jpg"}],"equipment":[]},{"number":4,"step":"In a medium saucepan, heat 1/2 inch of the vegetable oil over moderately high heat until shimmering.","ingredients":[{"id":4669,"name":"vegetable oil","localizedName":"vegetable oil","image":"vegetable-oil.jpg"}],"equipment":[{"id":404669,"name":"sauce pan","localizedName":"sauce pan","image":"sauce-pan.jpg"}]},{"number":5,"step":"Add a small handful of the wonton strips and fry over moderate heat until crisp and golden brown, about 10 seconds.","ingredients":[{"id":0,"name":"wonton strips","localizedName":"wonton strips","image":"no.jpg"}],"equipment":[]},{"number":6,"step":"Drain on paper towels and repeat with the remaining wonton strips.","ingredients":[{"id":0,"name":"wonton strips","localizedName":"wonton strips","image":"no.jpg"}],"equipment":[{"id":405895,"name":"paper towels","localizedName":"paper towels","image":"paper-towels.jpg"}]},{"number":7,"step":"In small bowl, whisk the rice vinegar with the sesame oil, soy sauce, grated ginger and 3 tablespoons of vegetable oil. Season with salt and pepper.","ingredients":[{"id":1102047,"name":"salt and pepper","localizedName":"salt and pepper","image":"salt-and-pepper.jpg"},{"id":4669,"name":"vegetable oil","localizedName":"vegetable oil","image":"vegetable-oil.jpg"},{"id":1022053,"name":"rice vinegar","localizedName":"rice vinegar","image":"rice-vinegar.png"},{"id":4058,"name":"sesame oil","localizedName":"sesame oil","image":"sesame-oil.png"},{"id":16124,"name":"soy sauce","localizedName":"soy sauce","image":"soy-sauce.jpg"},{"id":11216,"name":"ginger","localizedName":"ginger","image":"ginger.png"}],"equipment":[{"id":404661,"name":"whisk","localizedName":"whisk","image":"whisk.png"},{"id":404783,"name":"bowl","localizedName":"bowl","image":"bowl.jpg"}]},{"number":8,"step":"In a large bowl, toss the sliced scallion, bok choy, mizuna, bean sprouts, carrot, cilantro and peanuts.","ingredients":[{"id":11043,"name":"bean sprouts","localizedName":"bean sprouts","image":"bean-sprouts.jpg"},{"id":11116,"name":"bok choy","localizedName":"bok choy","image":"bok-choy.jpg"},{"id":11165,"name":"cilantro","localizedName":"cilantro","image":"cilantro.png"},{"id":11291,"name":"green onions","localizedName":"green onions","image":"spring-onions.jpg"},{"id":16091,"name":"peanuts","localizedName":"peanuts","image":"peanuts.png"},{"id":11124,"name":"carrot","localizedName":"carrot","image":"sliced-carrot.png"},{"id":10011270,"name":"mizuna","localizedName":"mizuna","image":"mizuna.jpg"}],"equipment":[{"id":404783,"name":"bowl","localizedName":"bowl","image":"bowl.jpg"}]},{"number":9,"step":"Add the chicken, wonton strips and dressing; toss and serve.","ingredients":[{"id":0,"name":"wonton strips","localizedName":"wonton strips","image":"no.jpg"},{"id":5006,"name":"whole chicken","localizedName":"whole chicken","image":"whole-chicken.jpg"}],"equipment":[]}]}]
