[{"name":"","steps":[{"number":1,"step":"Heat oil in a large nonstick skillet over medium-high heat.","ingredients":[{"id":4582,"name":"cooking oil","localizedName":"cooking oil","image":"vegetable-oil.jpg"}],"equipment":[{"id":404645,"name":"frying pan","localizedName":"frying pan","image":"pan.png"}]},{"number":2,"step":"Add ginger and next 3 ingredients; saut 3 minutes.","ingredients":[{"id":11216,"name":"ginger","localizedName":"ginger","image":"ginger.png"}],"equipment":[],"length":{"number":3,"unit":"minutes"}},{"number":3,"step":"Add coconut and brown sugar; cook 1 minute. Push tofu mixture to one side of pan.","ingredients":[{"id":19334,"name":"brown sugar","localizedName":"brown sugar","image":"dark-brown-sugar.png"},{"id":12104,"name":"coconut","localizedName":"coconut","image":"coconut.jpg"},{"id":16213,"name":"tofu","localizedName":"tofu","image":"tofu.png"}],"equipment":[{"id":404645,"name":"frying pan","localizedName":"frying pan","image":"pan.png"}],"length":{"number":1,"unit":"minutes"}},{"number":4,"step":"Add egg to empty side of pan; stir-fry 1 to 2 minutes or until soft-scrambled.","ingredients":[{"id":1123,"name":"egg","localizedName":"egg","image":"egg.png"}],"equipment":[{"id":404645,"name":"frying pan","localizedName":"frying pan","image":"pan.png"}],"length":{"number":1,"unit":"minutes"}},{"number":5,"step":"Add bok choy, green beans, and cashews, and cook 5 minutes or until vegetables are tender, stirring occasionally. Stir in rice and soy sauce, and cook 2 minutes or until thoroughly heated.","ingredients":[{"id":11052,"name":"green beans","localizedName":"green beans","image":"green-beans-or-string-beans.jpg"},{"id":11583,"name":"vegetable","localizedName":"vegetable","image":"mixed-vegetables.png"},{"id":16124,"name":"soy sauce","localizedName":"soy sauce","image":"soy-sauce.jpg"},{"id":11116,"name":"bok choy","localizedName":"bok choy","image":"bok-choy.jpg"},{"id":12087,"name":"cashews","localizedName":"cashews","image":"cashews.jpg"},{"id":20444,"name":"rice","localizedName":"rice","image":"uncooked-white-rice.png"}],"equipment":[],"length":{"number":7,"unit":"minutes"}},{"number":6,"step":"Serve with lime wedges.Note: The rice for this recipe was prepared ahead and chilled overnight. It was cooked in the microwave according to package directions, omitting salt and fat. Use 2/3 cup uncooked rice and 1 1/3 cups water to get a 2-cup yield of cooked rice. If you have any kind of leftover cooked rice from another meal, you may substitute it for the jasmine rice, if desired.","ingredients":[{"id":10120444,"name":"jasmine rice","localizedName":"jasmine rice","image":"rice-jasmine-cooked.jpg"},{"id":10220445,"name":"cooked rice","localizedName":"cooked rice","image":"uncooked-white-rice.png"},{"id":1029159,"name":"lime wedge","localizedName":"lime wedge","image":"lime-wedge.jpg"},{"id":14412,"name":"water","localizedName":"water","image":"water.png"},{"id":20444,"name":"rice","localizedName":"rice","image":"uncooked-white-rice.png"},{"id":2047,"name":"salt","localizedName":"salt","image":"salt.jpg"}],"equipment":[{"id":404762,"name":"microwave","localizedName":"microwave","image":"microwave.jpg"}]}]}]
