[{"name":"","steps":[{"number":1,"step":"Sprinkle chicken all over with 2 teaspoonscoarse kosher salt.","ingredients":[{"id":1082047,"name":"kosher salt","localizedName":"kosher salt","image":"salt.jpg"},{"id":5006,"name":"whole chicken","localizedName":"whole chicken","image":"whole-chicken.jpg"}],"equipment":[]},{"number":2,"step":"Place chicken, breastside up, on rack set in roasting pan.Refrigerate uncovered overnight.","ingredients":[{"id":5006,"name":"whole chicken","localizedName":"whole chicken","image":"whole-chicken.jpg"}],"equipment":[{"id":404629,"name":"roasting pan","localizedName":"roasting pan","image":"roasting-pan.jpg"}]},{"number":3,"step":"Place parsley sprigs and 1/2 lemon inchicken cavity. Tie legs together.","ingredients":[{"id":11297,"name":"parsley","localizedName":"parsley","image":"parsley.jpg"},{"id":9150,"name":"lemon","localizedName":"lemon","image":"lemon.png"}],"equipment":[]},{"number":4,"step":"Placereserved heart and gizzard and garliccloves under rack in roasting pan.","ingredients":[],"equipment":[{"id":404629,"name":"roasting pan","localizedName":"roasting pan","image":"roasting-pan.jpg"}]},{"number":5,"step":"Drizzle2 teaspoons oil over chicken breast.","ingredients":[{"id":5062,"name":"chicken breast","localizedName":"chicken breast","image":"chicken-breasts.png"},{"id":4582,"name":"cooking oil","localizedName":"cooking oil","image":"vegetable-oil.jpg"}],"equipment":[]},{"number":6,"step":"Letstand at room temperature 30 minutes.","ingredients":[],"equipment":[],"length":{"number":30,"unit":"minutes"}},{"number":7,"step":"Position 1 rack in bottom third and1 rack in center of oven; preheat to 400°F.","ingredients":[],"equipment":[{"id":404784,"name":"oven","localizedName":"oven","image":"oven.jpg","temperature":{"number":400.0,"unit":"Fahrenheit"}}]},{"number":8,"step":"Place broccoli rabe and potatoes in largebowl; sprinkle with salt and pepper.","ingredients":[{"id":1102047,"name":"salt and pepper","localizedName":"salt and pepper","image":"salt-and-pepper.jpg"},{"id":11096,"name":"broccoli rabe","localizedName":"broccoli rabe","image":"broccoli-rabe.jpg"},{"id":11352,"name":"potato","localizedName":"potato","image":"potatoes-yukon-gold.png"}],"equipment":[]},{"number":9,"step":"Add1/4 cup oil; toss to coat.","ingredients":[{"id":4582,"name":"cooking oil","localizedName":"cooking oil","image":"vegetable-oil.jpg"}],"equipment":[]},{"number":10,"step":"Transfer vegetablesto large rimmed baking sheet and spreadout in even layer.","ingredients":[],"equipment":[{"id":404727,"name":"baking sheet","localizedName":"baking sheet","image":"baking-sheet.jpg"}]},{"number":11,"step":"Roast chicken on center oven rack25 minutes.","ingredients":[{"id":5114,"name":"roasted chicken","localizedName":"roasted chicken","image":"rotisserie-chicken.png"}],"equipment":[{"id":404784,"name":"oven","localizedName":"oven","image":"oven.jpg"}],"length":{"number":25,"unit":"minutes"}},{"number":12,"step":"Add 3/4 cup broth to pan withchicken and place potatoes and broccoli onlower oven rack. Roast chicken until instantreadthermometer inserted into thickestpart of thigh registers 165°F, adding morebroth by 1/4 cupfuls if pan is dry, 45 to 55minutes longer.","ingredients":[{"id":5114,"name":"roasted chicken","localizedName":"roasted chicken","image":"rotisserie-chicken.png"},{"id":11090,"name":"broccoli","localizedName":"broccoli","image":"broccoli.jpg"},{"id":11352,"name":"potato","localizedName":"potato","image":"potatoes-yukon-gold.png"},{"id":1006615,"name":"broth","localizedName":"broth","image":"chicken-broth.png"}],"equipment":[{"id":404784,"name":"oven","localizedName":"oven","image":"oven.jpg","temperature":{"number":165.0,"unit":"Fahrenheit"}},{"id":404645,"name":"frying pan","localizedName":"frying pan","image":"pan.png"}],"length":{"number":55,"unit":"minutes"}},{"number":13,"step":"Let rest 15 minutes.","ingredients":[],"equipment":[],"length":{"number":15,"unit":"minutes"}},{"number":14,"step":"Continue roasting vegetables untilpotatoes are tender and slightly brownedand broccoli rabe stems are crisp-tenderand leaves are crisp but not browned,tossing occasionally, about 10 minuteslonger. Season to taste with salt and pepper.Tent with foil to keep warm.","ingredients":[{"id":1102047,"name":"salt and pepper","localizedName":"salt and pepper","image":"salt-and-pepper.jpg"},{"id":11096,"name":"broccoli rabe","localizedName":"broccoli rabe","image":"broccoli-rabe.jpg"},{"id":11583,"name":"vegetable","localizedName":"vegetable","image":"mixed-vegetables.png"}],"equipment":[{"id":404765,"name":"aluminum foil","localizedName":"aluminum foil","image":"aluminum-foil.png"}]},{"number":15,"step":"Tilt chicken to allow juices from cavityto pour into roasting pan. Discard heart andgizzard. Strain pan juices into heatproofmeasuring cup, pressing on solids to forcegarlic through strainer into cup. Spoon fatfrom surface of juices.","ingredients":[{"id":5006,"name":"whole chicken","localizedName":"whole chicken","image":"whole-chicken.jpg"}],"equipment":[{"id":404629,"name":"roasting pan","localizedName":"roasting pan","image":"roasting-pan.jpg"},{"id":405600,"name":"sieve","localizedName":"sieve","image":"strainer.png"}]},{"number":16,"step":"Add wine to panjuices. Return mixture to roasting pan.Stir over medium heat until jus is heatedthrough, scraping up browned bits, about 1minute. Squeeze enough juice from secondlemon half to measure 2 teaspoons; add tojus. Stir in chopped parsley. Season jus totaste with salt and pepper.","ingredients":[{"id":1102047,"name":"salt and pepper","localizedName":"salt and pepper","image":"salt-and-pepper.jpg"},{"id":11297,"name":"parsley","localizedName":"parsley","image":"parsley.jpg"},{"id":1019016,"name":"juice","localizedName":"juice","image":"apple-juice.jpg"},{"id":14084,"name":"wine","localizedName":"wine","image":"red-wine.jpg"}],"equipment":[{"id":404629,"name":"roasting pan","localizedName":"roasting pan","image":"roasting-pan.jpg"}],"length":{"number":1,"unit":"minutes"}},{"number":17,"step":"Carve chicken; divide among plates.Spoon potatoes and broccoli rabe alongside.","ingredients":[{"id":11096,"name":"broccoli rabe","localizedName":"broccoli rabe","image":"broccoli-rabe.jpg"},{"id":11352,"name":"potato","localizedName":"potato","image":"potatoes-yukon-gold.png"},{"id":5006,"name":"whole chicken","localizedName":"whole chicken","image":"whole-chicken.jpg"}],"equipment":[]},{"number":18,"step":"Drizzle jus over chicken and serve.","ingredients":[{"id":5006,"name":"whole chicken","localizedName":"whole chicken","image":"whole-chicken.jpg"}],"equipment":[]},{"number":19,"step":"* An Italian leafy green vegetable withscattered clusters of tiny broccoli-likeflorets; available at some supermarkets andat specialty foods stores.","ingredients":[{"id":21052,"name":"greens","localizedName":"greens","image":"mixed-greens-or-mesclun.jpg"},{"id":11583,"name":"vegetable","localizedName":"vegetable","image":"mixed-vegetables.png"},{"id":11090,"name":"broccoli","localizedName":"broccoli","image":"broccoli.jpg"}],"equipment":[]}]},{"name":"What to drink","steps":[{"number":1,"step":"Toasty, fruity Joseph Drouhin2007 Rully, Burgundy ($21).","ingredients":[],"equipment":[]}]}]
