[{"name":"","steps":[{"number":1,"step":"In a glass jar with a lid, mix together olive oil, white vinegar, sugar, and soy sauce.  Close the lid, and shake until well mixed.","ingredients":[{"id":2053,"name":"distilled white vinegar","localizedName":"distilled white vinegar","image":"vinegar-(white).jpg"},{"id":4053,"name":"olive oil","localizedName":"olive oil","image":"olive-oil.jpg"},{"id":16124,"name":"soy sauce","localizedName":"soy sauce","image":"soy-sauce.jpg"},{"id":0,"name":"shake","localizedName":"shake","image":""},{"id":19335,"name":"sugar","localizedName":"sugar","image":"sugar-in-bowl.png"}],"equipment":[]},{"number":2,"step":"Combine the bok choy, green onions, almonds, and chow mein noodles in a salad bowl. Toss with dressing, and serve.","ingredients":[{"id":93803,"name":"chow mein noodles","localizedName":"chow mein noodles","image":"dry-udon-noodles.png"},{"id":11291,"name":"green onions","localizedName":"green onions","image":"spring-onions.jpg"},{"id":11116,"name":"bok choy","localizedName":"bok choy","image":"bok-choy.jpg"},{"id":12061,"name":"almonds","localizedName":"almonds","image":"almonds.jpg"}],"equipment":[{"id":404783,"name":"bowl","localizedName":"bowl","image":"bowl.jpg"}]}]}]
