[{"name":"","steps":[{"number":1,"step":"In a large bowl, soak the rice noodles in hot water for 10 minutes, then drain.","ingredients":[{"id":20133,"name":"rice noodles","localizedName":"rice noodles","image":"dried-rice-noodles.jpg"},{"id":14412,"name":"water","localizedName":"water","image":"water.png"}],"equipment":[{"id":404783,"name":"bowl","localizedName":"bowl","image":"bowl.jpg"}],"length":{"number":10,"unit":"minutes"}},{"number":2,"step":"Cut the noodles into 4-inch lengths.","ingredients":[{"id":20420,"name":"pasta","localizedName":"pasta","image":"fusilli.jpg"}],"equipment":[]},{"number":3,"step":"In a medium bowl, mash the tofu until it resembles cottage cheese.","ingredients":[{"id":1012,"name":"cottage cheese","localizedName":"cottage cheese","image":"cottage-cheese.jpg"},{"id":16213,"name":"tofu","localizedName":"tofu","image":"tofu.png"}],"equipment":[{"id":404783,"name":"bowl","localizedName":"bowl","image":"bowl.jpg"}]},{"number":4,"step":"Mix in the turkey, water chestnuts, scallions, ginger, 1/3 cup of the cilantro, 1 tablespoon of the soy sauce, 1/2 teaspoon of salt and 1/4 teaspoon of white pepper. Form into 1-inch balls and transfer to a plate. Cover with plastic and refrigerate.","ingredients":[{"id":11590,"name":"water chestnuts","localizedName":"water chestnuts","image":"water-chestnuts.png"},{"id":2032,"name":"white pepper","localizedName":"white pepper","image":"white-pepper.png"},{"id":11291,"name":"green onions","localizedName":"green onions","image":"spring-onions.jpg"},{"id":16124,"name":"soy sauce","localizedName":"soy sauce","image":"soy-sauce.jpg"},{"id":11165,"name":"cilantro","localizedName":"cilantro","image":"cilantro.png"},{"id":11216,"name":"ginger","localizedName":"ginger","image":"ginger.png"},{"id":5165,"name":"whole turkey","localizedName":"whole turkey","image":"turkey-raw-whole.jpg"},{"id":2047,"name":"salt","localizedName":"salt","image":"salt.jpg"}],"equipment":[]},{"number":5,"step":"Heat the oil in a small skillet.","ingredients":[{"id":4582,"name":"cooking oil","localizedName":"cooking oil","image":"vegetable-oil.jpg"}],"equipment":[{"id":404645,"name":"frying pan","localizedName":"frying pan","image":"pan.png"}]},{"number":6,"step":"Add the shallots and cook over moderate heat, stirring constantly, until golden, 7 to 8 minutes.","ingredients":[{"id":11677,"name":"shallot","localizedName":"shallot","image":"shallots.jpg"}],"equipment":[],"length":{"number":7,"unit":"minutes"}},{"number":7,"step":"Drain on paper towels.","ingredients":[],"equipment":[{"id":405895,"name":"paper towels","localizedName":"paper towels","image":"paper-towels.jpg"}]},{"number":8,"step":"In a large saucepan, combine the stock with the chile, lime juice, sugar and the remaining 1 tablespoon of soy sauce. Season with salt and pepper and bring to a boil. Reduce the heat to moderately low, add the meatballs and cook for 3 minutes. Stir in the bok choy and tomato and cook for 1 minute.","ingredients":[{"id":1102047,"name":"salt and pepper","localizedName":"salt and pepper","image":"salt-and-pepper.jpg"},{"id":9160,"name":"lime juice","localizedName":"lime juice","image":"lime-juice.png"},{"id":10110219,"name":"meatballs","localizedName":"meatballs","image":"meatballs.png"},{"id":16124,"name":"soy sauce","localizedName":"soy sauce","image":"soy-sauce.jpg"},{"id":11116,"name":"bok choy","localizedName":"bok choy","image":"bok-choy.jpg"},{"id":11529,"name":"tomato","localizedName":"tomato","image":"tomato.png"},{"id":11819,"name":"chili pepper","localizedName":"chili pepper","image":"red-chili.jpg"},{"id":1006615,"name":"stock","localizedName":"stock","image":"chicken-broth.png"},{"id":19335,"name":"sugar","localizedName":"sugar","image":"sugar-in-bowl.png"}],"equipment":[{"id":404669,"name":"sauce pan","localizedName":"sauce pan","image":"sauce-pan.jpg"}],"length":{"number":4,"unit":"minutes"}},{"number":9,"step":"Add the rice noodles and cook over moderate heat until slightly softened, about 2 minutes. Ladle the soup into bowls, garnish with the fried shallots and the remaining 1/2 cup of cilantro and serve.","ingredients":[{"id":20133,"name":"rice noodles","localizedName":"rice noodles","image":"dried-rice-noodles.jpg"},{"id":11165,"name":"cilantro","localizedName":"cilantro","image":"cilantro.png"},{"id":11677,"name":"shallot","localizedName":"shallot","image":"shallots.jpg"},{"id":0,"name":"soup","localizedName":"soup","image":""}],"equipment":[{"id":404783,"name":"bowl","localizedName":"bowl","image":"bowl.jpg"},{"id":404630,"name":"ladle","localizedName":"ladle","image":"ladle.jpg"}],"length":{"number":2,"unit":"minutes"}}]}]
