[{"name":"","steps":[{"number":1,"step":"Trim broccoli rabe; cut into 3-inch-long pieces. Cook in boiling water 1 1/2 minutes; drain and rinse.","ingredients":[{"id":11096,"name":"broccoli rabe","localizedName":"broccoli rabe","image":"broccoli-rabe.jpg"},{"id":14412,"name":"water","localizedName":"water","image":"water.png"}],"equipment":[],"length":{"number":2,"unit":"minutes"}},{"number":2,"step":"Drain well.","ingredients":[],"equipment":[]},{"number":3,"step":"Heat olive oil and butter in a skillet over medium-high heat.","ingredients":[{"id":4053,"name":"olive oil","localizedName":"olive oil","image":"olive-oil.jpg"},{"id":1001,"name":"butter","localizedName":"butter","image":"butter-sliced.jpg"}],"equipment":[{"id":404645,"name":"frying pan","localizedName":"frying pan","image":"pan.png"}]},{"number":4,"step":"Add onion; saut 2 minutes or until lightly browned.","ingredients":[{"id":11282,"name":"onion","localizedName":"onion","image":"brown-onion.png"}],"equipment":[],"length":{"number":2,"unit":"minutes"}},{"number":5,"step":"Add broccoli rabe; sprinkle with salt, and toss to combine. Cook 1 minute.","ingredients":[{"id":11096,"name":"broccoli rabe","localizedName":"broccoli rabe","image":"broccoli-rabe.jpg"},{"id":2047,"name":"salt","localizedName":"salt","image":"salt.jpg"}],"equipment":[],"length":{"number":1,"unit":"minutes"}},{"number":6,"step":"Sprinkle with pine nuts.","ingredients":[{"id":12147,"name":"pine nuts","localizedName":"pine nuts","image":"pine-nuts.png"}],"equipment":[]}]}]
