[{"name":"","steps":[{"number":1,"step":"Preheat oven to 40","ingredients":[],"equipment":[{"id":404784,"name":"oven","localizedName":"oven","image":"oven.jpg"}]},{"number":2,"step":"Heat a large ovenproof frying pan over medium-low heat.","ingredients":[],"equipment":[{"id":404645,"name":"frying pan","localizedName":"frying pan","image":"pan.png"}]},{"number":3,"step":"Add 1 tbsp. oil and brush all over pan.","ingredients":[{"id":4582,"name":"cooking oil","localizedName":"cooking oil","image":"vegetable-oil.jpg"}],"equipment":[{"id":404645,"name":"frying pan","localizedName":"frying pan","image":"pan.png"}]},{"number":4,"step":"Press dough with your hands, working on a floured surface, into a 13-in. round. Press into frying pan so it comes up sides slightly. Cook until golden on bottom, 5 minutes. Slide onto a plate.","ingredients":[{"id":0,"name":"dough","localizedName":"dough","image":"pizza-dough"}],"equipment":[{"id":404645,"name":"frying pan","localizedName":"frying pan","image":"pan.png"}],"length":{"number":5,"unit":"minutes"}},{"number":5,"step":"Add remaining oil to pan along with the vegetables, salt, and chile. Cook over medium-high heat, stirring, until peppers begin to brown.","ingredients":[{"id":11583,"name":"vegetable","localizedName":"vegetable","image":"mixed-vegetables.png"},{"id":10111333,"name":"peppers","localizedName":"peppers","image":"green-pepper.jpg"},{"id":11819,"name":"chili pepper","localizedName":"chili pepper","image":"red-chili.jpg"},{"id":2047,"name":"salt","localizedName":"salt","image":"salt.jpg"},{"id":4582,"name":"cooking oil","localizedName":"cooking oil","image":"vegetable-oil.jpg"}],"equipment":[{"id":404645,"name":"frying pan","localizedName":"frying pan","image":"pan.png"}]},{"number":6,"step":"Transfer to a plate.","ingredients":[],"equipment":[]},{"number":7,"step":"Invert dough back into pan, golden side up, and press down into pan.","ingredients":[{"id":0,"name":"dough","localizedName":"dough","image":"pizza-dough"}],"equipment":[{"id":404645,"name":"frying pan","localizedName":"frying pan","image":"pan.png"}]},{"number":8,"step":"Sprinkle with 1 cup mozzarella, leaving a border around edge. Scatter vegetables over cheese and sprinkle with remaining mozzarella.","ingredients":[{"id":1026,"name":"mozzarella","localizedName":"mozzarella","image":"mozzarella.png"},{"id":11583,"name":"vegetable","localizedName":"vegetable","image":"mixed-vegetables.png"},{"id":1041009,"name":"cheese","localizedName":"cheese","image":"cheddar-cheese.png"}],"equipment":[]},{"number":9,"step":"Bake pizza in pan until crust is crisp, about 15 minutes.","ingredients":[{"id":0,"name":"crust","localizedName":"crust","image":""}],"equipment":[{"id":404784,"name":"oven","localizedName":"oven","image":"oven.jpg"},{"id":404645,"name":"frying pan","localizedName":"frying pan","image":"pan.png"}],"length":{"number":15,"unit":"minutes"}},{"number":10,"step":"Cut into wedges.","ingredients":[],"equipment":[]}]}]
