[{"name":"","steps":[{"number":1,"step":"Saute garlic and broccoli rabe in oil over medium heat. Cover to steam until wilted.","ingredients":[{"id":11096,"name":"broccoli rabe","localizedName":"broccoli rabe","image":"broccoli-rabe.jpg"},{"id":11215,"name":"garlic","localizedName":"garlic","image":"garlic.png"},{"id":4582,"name":"cooking oil","localizedName":"cooking oil","image":"vegetable-oil.jpg"}],"equipment":[]}]},{"name":"CATEGORIES","steps":[{"number":1,"step":"Vegetables","ingredients":[{"id":11583,"name":"vegetable","localizedName":"vegetable","image":"mixed-vegetables.png"}],"equipment":[]},{"number":2,"step":"Side Dish","ingredients":[],"equipment":[]},{"number":3,"step":"Sauteing","ingredients":[],"equipment":[]},{"number":4,"step":"View All","ingredients":[],"equipment":[]},{"number":5,"step":"Main Ingredient","ingredients":[],"equipment":[]},{"number":6,"step":"Vegetables","ingredients":[{"id":11583,"name":"vegetable","localizedName":"vegetable","image":"mixed-vegetables.png"}],"equipment":[]},{"number":7,"step":"Course","ingredients":[],"equipment":[]},{"number":8,"step":"Side Dish","ingredients":[],"equipment":[]},{"number":9,"step":"Technique","ingredients":[],"equipment":[]},{"number":10,"step":"Sauteing","ingredients":[],"equipment":[]},{"number":11,"step":"Cuisine","ingredients":[],"equipment":[]},{"number":12,"step":"Italian","ingredients":[],"equipment":[]},{"number":13,"step":"Cooking Style","ingredients":[],"equipment":[]},{"number":14,"step":"Easy","ingredients":[],"equipment":[]}]}]
