[{"name":"","steps":[{"number":1,"step":"Zest 1/2 grapefruit, then cut off outer peel and membrane from both grapefruit.","ingredients":[{"id":9112,"name":"grapefruit","localizedName":"grapefruit","image":"grapefruit.png"}],"equipment":[]},{"number":2,"step":"Cut fruit into thin rounds, saving juice.","ingredients":[{"id":9431,"name":"fruit","localizedName":"fruit","image":"mixed-fresh-fruit.jpg"},{"id":1019016,"name":"juice","localizedName":"juice","image":"apple-juice.jpg"}],"equipment":[]},{"number":3,"step":"Combine zest, juice, oil, shallot, salt, and pepper in a bowl and stir to blend. Toss fava greens and sprigs with dressing.","ingredients":[{"id":11677,"name":"shallot","localizedName":"shallot","image":"shallots.jpg"},{"id":21052,"name":"greens","localizedName":"greens","image":"mixed-greens-or-mesclun.jpg"},{"id":1002030,"name":"pepper","localizedName":"pepper","image":"pepper.jpg"},{"id":1019016,"name":"juice","localizedName":"juice","image":"apple-juice.jpg"},{"id":2047,"name":"salt","localizedName":"salt","image":"salt.jpg"},{"id":4582,"name":"cooking oil","localizedName":"cooking oil","image":"vegetable-oil.jpg"}],"equipment":[{"id":404783,"name":"bowl","localizedName":"bowl","image":"bowl.jpg"}]},{"number":4,"step":"Spoon greens onto plates and tuck grapefruit into salads. If you like, scatter flowers on top.","ingredients":[{"id":9112,"name":"grapefruit","localizedName":"grapefruit","image":"grapefruit.png"},{"id":21052,"name":"greens","localizedName":"greens","image":"mixed-greens-or-mesclun.jpg"}],"equipment":[]},{"number":5,"step":"*Find at farmers' markets.","ingredients":[],"equipment":[]}]}]
