[{"name":"","steps":[{"number":1,"step":"Toast sesame seeds in a large nonstick frying pan over medium heat, stirring, until golden, 4 to 6 minutes.","ingredients":[{"id":12023,"name":"sesame seeds","localizedName":"sesame seeds","image":"sesame-seeds.png"},{"id":18070,"name":"toast","localizedName":"toast","image":"toast"}],"equipment":[{"id":404645,"name":"frying pan","localizedName":"frying pan","image":"pan.png"}],"length":{"number":4,"unit":"minutes"}},{"number":2,"step":"Pour into a large bowl.","ingredients":[],"equipment":[{"id":404783,"name":"bowl","localizedName":"bowl","image":"bowl.jpg"}]},{"number":3,"step":"Heat peanut oil in same pan, then add a single layer of won ton wrappers at a time and cook, turning once, until golden, 1 1/2 to 4 minutes.","ingredients":[{"id":10018368,"name":"wonton wrappers","localizedName":"wonton wrappers","image":"wonton-wrappers.jpg"},{"id":4042,"name":"peanut oil","localizedName":"peanut oil","image":"peanut-oil.jpg"}],"equipment":[{"id":404645,"name":"frying pan","localizedName":"frying pan","image":"pan.png"}],"length":{"number":2,"unit":"minutes"}},{"number":4,"step":"Transfer to paper towels to drain.","ingredients":[],"equipment":[{"id":405895,"name":"paper towels","localizedName":"paper towels","image":"paper-towels.jpg"}]},{"number":5,"step":"Combine mizuna, mustard greens, bok choy, cucumber, cilantro, and green onions in a second large bowl.","ingredients":[{"id":11270,"name":"mustard greens","localizedName":"mustard greens","image":"chinese-mustard-green.jpg"},{"id":11291,"name":"green onions","localizedName":"green onions","image":"spring-onions.jpg"},{"id":11116,"name":"bok choy","localizedName":"bok choy","image":"bok-choy.jpg"},{"id":11165,"name":"cilantro","localizedName":"cilantro","image":"cilantro.png"},{"id":11206,"name":"cucumber","localizedName":"cucumber","image":"cucumber.jpg"},{"id":10011270,"name":"mizuna","localizedName":"mizuna","image":"mizuna.jpg"}],"equipment":[{"id":404783,"name":"bowl","localizedName":"bowl","image":"bowl.jpg"}]},{"number":6,"step":"Add vinegar, soy sauce, sesame oil, sugar, and chili oil to sesame seeds in bowl and whisk to blend. Spoon about one-third of dressing over greens and toss to coat.","ingredients":[{"id":12023,"name":"sesame seeds","localizedName":"sesame seeds","image":"sesame-seeds.png"},{"id":4058,"name":"sesame oil","localizedName":"sesame oil","image":"sesame-oil.png"},{"id":1014053,"name":"chili oil","localizedName":"chili oil","image":"chili-oil.jpg"},{"id":16124,"name":"soy sauce","localizedName":"soy sauce","image":"soy-sauce.jpg"},{"id":2053,"name":"vinegar","localizedName":"vinegar","image":"vinegar-(white).jpg"},{"id":21052,"name":"greens","localizedName":"greens","image":"mixed-greens-or-mesclun.jpg"},{"id":19335,"name":"sugar","localizedName":"sugar","image":"sugar-in-bowl.png"}],"equipment":[{"id":404661,"name":"whisk","localizedName":"whisk","image":"whisk.png"},{"id":404783,"name":"bowl","localizedName":"bowl","image":"bowl.jpg"}]},{"number":7,"step":"Add chicken to remaining dressing in bowl and toss to coat. Gently toss ingredients from both bowls together, then toss one more time with won ton triangles.","ingredients":[{"id":5006,"name":"whole chicken","localizedName":"whole chicken","image":"whole-chicken.jpg"}],"equipment":[{"id":404783,"name":"bowl","localizedName":"bowl","image":"bowl.jpg"}]}]}]
