[{"name":"","steps":[{"number":1,"step":"Heat oil in medium stock pot.","ingredients":[{"id":1006615,"name":"stock","localizedName":"stock","image":"chicken-broth.png"},{"id":4582,"name":"cooking oil","localizedName":"cooking oil","image":"vegetable-oil.jpg"}],"equipment":[{"id":404752,"name":"pot","localizedName":"pot","image":"stock-pot.jpg"}]},{"number":2,"step":"Saute onion and garlic until tender.","ingredients":[{"id":11215,"name":"garlic","localizedName":"garlic","image":"garlic.png"},{"id":11282,"name":"onion","localizedName":"onion","image":"brown-onion.png"}],"equipment":[]},{"number":3,"step":"Add beef to pot, and saute until browned.","ingredients":[{"id":23572,"name":"beef","localizedName":"beef","image":"beef-cubes-raw.png"}],"equipment":[{"id":404752,"name":"pot","localizedName":"pot","image":"stock-pot.jpg"}]},{"number":4,"step":"Pour in water. Bring to a boil, reduce heat, and simmer 20 to 30 minutes.","ingredients":[{"id":14412,"name":"water","localizedName":"water","image":"water.png"}],"equipment":[],"length":{"number":20,"unit":"minutes"}},{"number":5,"step":"Place tomatoes and green beans in pot, and continue to simmer for 10 minutes. Stir in bok choy, broccoli and tamarind soup mix. Simmer for an additional 10 minutes.","ingredients":[{"id":11052,"name":"green beans","localizedName":"green beans","image":"green-beans-or-string-beans.jpg"},{"id":11116,"name":"bok choy","localizedName":"bok choy","image":"bok-choy.jpg"},{"id":11090,"name":"broccoli","localizedName":"broccoli","image":"broccoli.jpg"},{"id":0,"name":"soup mix","localizedName":"soup mix","image":""},{"id":1019322,"name":"tamarind","localizedName":"tamarind","image":"tamarind.png"},{"id":11529,"name":"tomato","localizedName":"tomato","image":"tomato.png"}],"equipment":[{"id":404752,"name":"pot","localizedName":"pot","image":"stock-pot.jpg"}],"length":{"number":20,"unit":"minutes"}}]}]
