[{"name":"","steps":[{"number":1,"step":"Cut broccoli rabe into 3-inch-long pieces. Cook in a large pot of boiling salted water (3 tablespoons salt for 6 quarts water), uncovered, until tender, about 5 minutes.","ingredients":[{"id":11096,"name":"broccoli rabe","localizedName":"broccoli rabe","image":"broccoli-rabe.jpg"},{"id":14412,"name":"water","localizedName":"water","image":"water.png"},{"id":2047,"name":"salt","localizedName":"salt","image":"salt.jpg"}],"equipment":[{"id":404752,"name":"pot","localizedName":"pot","image":"stock-pot.jpg"}],"length":{"number":5,"unit":"minutes"}},{"number":2,"step":"Drain, then rinse under cold water to stop cooking. Squeeze out excess water from handfuls of broccoli rabe.","ingredients":[{"id":11096,"name":"broccoli rabe","localizedName":"broccoli rabe","image":"broccoli-rabe.jpg"},{"id":14412,"name":"water","localizedName":"water","image":"water.png"}],"equipment":[]},{"number":3,"step":"Meanwhile, preheat broiler.","ingredients":[],"equipment":[{"id":405914,"name":"broiler","localizedName":"broiler","image":"oven.jpg"}]},{"number":4,"step":"Broil sausage in a 4-sided sheet pan 3 to 4 inches from heat, turning occasionally, until cooked through, about 5 minutes. Keep warm, covered.","ingredients":[{"id":1017063,"name":"sausage","localizedName":"sausage","image":"raw-pork-sausage.png"}],"equipment":[{"id":404645,"name":"frying pan","localizedName":"frying pan","image":"pan.png"}],"length":{"number":5,"unit":"minutes"}},{"number":5,"step":"While sausage broils, heat oil in a 12-inch heavy skillet over medium-high heat until it shimmers, then cook garlic, stirring, until fragrant but not browned, about 1 minute.","ingredients":[{"id":1017063,"name":"sausage","localizedName":"sausage","image":"raw-pork-sausage.png"},{"id":11215,"name":"garlic","localizedName":"garlic","image":"garlic.png"},{"id":4582,"name":"cooking oil","localizedName":"cooking oil","image":"vegetable-oil.jpg"}],"equipment":[{"id":404645,"name":"frying pan","localizedName":"frying pan","image":"pan.png"}],"length":{"number":1,"unit":"minutes"}},{"number":6,"step":"Separate broccoli rabe, then sauté in garlic oil until coated with oil and heated through, about 4 minutes. Stir in sausage.","ingredients":[{"id":11096,"name":"broccoli rabe","localizedName":"broccoli rabe","image":"broccoli-rabe.jpg"},{"id":1004053,"name":"garlic oil","localizedName":"garlic oil","image":"garlic-oil.jpg"},{"id":1017063,"name":"sausage","localizedName":"sausage","image":"raw-pork-sausage.png"},{"id":4582,"name":"cooking oil","localizedName":"cooking oil","image":"vegetable-oil.jpg"}],"equipment":[],"length":{"number":4,"unit":"minutes"}}]},{"name":"Cook' note","steps":[{"number":1,"step":"Broccoli rabe can be cooked 1 day ahead and chilled.","ingredients":[{"id":11096,"name":"broccoli rabe","localizedName":"broccoli rabe","image":"broccoli-rabe.jpg"}],"equipment":[]}]}]
