[{"name":"","steps":[{"number":1,"step":"Baking Recipes","ingredients":[],"equipment":[]},{"number":2,"step":"Barbecue Recipes","ingredients":[],"equipment":[]},{"number":3,"step":"Blender Recipes","ingredients":[],"equipment":[{"id":404726,"name":"blender","localizedName":"blender","image":"blender.png"}]},{"number":4,"step":"Bread Machine Recipes","ingredients":[{"id":18064,"name":"bread","localizedName":"bread","image":"white-bread.jpg"}],"equipment":[{"id":5607,"name":"bread machine","localizedName":"bread machine","image":"bread-machine.jpg"}]},{"number":5,"step":"Convection Oven Recipes","ingredients":[],"equipment":[{"id":404784,"name":"oven","localizedName":"oven","image":"oven.jpg"}]}]}]
