[{"name":"","steps":[{"number":1,"step":"Place wok over medium heat.","ingredients":[],"equipment":[{"id":404666,"name":"wok","localizedName":"wok","image":"wok.png"}]},{"number":2,"step":"Add 2 tablespoons sesame oil once hot add marinated tofu and cook for 2 minutes, then add mushrooms, carrots, bok choy, yellow pepper and scallions. Stir-fry vegetables quickly then add the soy sauce and oyster sauce. Stir well. Within 5 minutes stir-fry should be cooked. Once satisfied with texture place mixture on a serving plate. In the same wok add the remaining tablespoon of oil and add the lightly beaten eggs. Scramble the eggs then add the cooked rice. Stir and fry.","ingredients":[{"id":11951,"name":"yellow pepper","localizedName":"yellow pepper","image":"yellow-bell-pepper.jpg"},{"id":6176,"name":"oyster sauce","localizedName":"oyster sauce","image":"oyster-sauce.jpg"},{"id":10220445,"name":"cooked rice","localizedName":"cooked rice","image":"uncooked-white-rice.png"},{"id":4058,"name":"sesame oil","localizedName":"sesame oil","image":"sesame-oil.png"},{"id":11583,"name":"vegetable","localizedName":"vegetable","image":"mixed-vegetables.png"},{"id":11260,"name":"mushrooms","localizedName":"mushrooms","image":"mushrooms.png"},{"id":11291,"name":"green onions","localizedName":"green onions","image":"spring-onions.jpg"},{"id":16124,"name":"soy sauce","localizedName":"soy sauce","image":"soy-sauce.jpg"},{"id":11116,"name":"bok choy","localizedName":"bok choy","image":"bok-choy.jpg"},{"id":11124,"name":"carrot","localizedName":"carrot","image":"sliced-carrot.png"},{"id":1123,"name":"egg","localizedName":"egg","image":"egg.png"},{"id":16213,"name":"tofu","localizedName":"tofu","image":"tofu.png"},{"id":4582,"name":"cooking oil","localizedName":"cooking oil","image":"vegetable-oil.jpg"}],"equipment":[{"id":404666,"name":"wok","localizedName":"wok","image":"wok.png"}],"length":{"number":7,"unit":"minutes"}},{"number":3,"step":"Serve with tofu vegetable mixture.For tofu marinade:In a medium bowl add tofu, red chili flakes, soy sauce and rice wine vinegar. Stir making sure tofu is covered.","ingredients":[{"id":1022053,"name":"rice vinegar","localizedName":"rice vinegar","image":"rice-vinegar.png"},{"id":1032009,"name":"red pepper flakes","localizedName":"red pepper flakes","image":"red-pepper-flakes.jpg"},{"id":16124,"name":"soy sauce","localizedName":"soy sauce","image":"soy-sauce.jpg"},{"id":11583,"name":"vegetable","localizedName":"vegetable","image":"mixed-vegetables.png"},{"id":0,"name":"marinade","localizedName":"marinade","image":"seasoning.png"},{"id":16213,"name":"tofu","localizedName":"tofu","image":"tofu.png"}],"equipment":[{"id":404783,"name":"bowl","localizedName":"bowl","image":"bowl.jpg"}]},{"number":4,"step":"Let tofu sit for 10 minutes.","ingredients":[{"id":16213,"name":"tofu","localizedName":"tofu","image":"tofu.png"}],"equipment":[],"length":{"number":10,"unit":"minutes"}}]},{"name":"For rice","steps":[{"number":1,"step":"In medium saucepan add 2 cups water and salt, bring to a boil add rice and cover. Lower heat and cook for about 20 minutes.","ingredients":[{"id":14412,"name":"water","localizedName":"water","image":"water.png"},{"id":20444,"name":"rice","localizedName":"rice","image":"uncooked-white-rice.png"},{"id":2047,"name":"salt","localizedName":"salt","image":"salt.jpg"}],"equipment":[{"id":404669,"name":"sauce pan","localizedName":"sauce pan","image":"sauce-pan.jpg"}],"length":{"number":20,"unit":"minutes"}}]}]
