[{"name":"","steps":[{"number":1,"step":"Start by preparing and cutting all the vegetables and measuring your ingredients so that they are ready to go. Once you begin stir-frying, it goes very quickly.In a wok or large saute pan, heat canola oil over high heat to almost smoking. While stirring constantly, 1 at a time, add in the peppers and onions, followed by the squash, zucchini, eggplant, garlic, ginger, sesame oil, and teriyaki sauce. Cook for about 2 minutes and then add in the remaining ingredients and seasonings, except for the snow peas. Cook about 2 minutes more. Stir in snow peas when done and remove from heat.","ingredients":[{"id":6112,"name":"teriyaki sauce","localizedName":"teriyaki sauce","image":"dark-sauce.jpg"},{"id":1014582,"name":"canola oil","localizedName":"canola oil","image":"vegetable-oil.jpg"},{"id":1042027,"name":"seasoning","localizedName":"seasoning","image":"seasoning.png"},{"id":4058,"name":"sesame oil","localizedName":"sesame oil","image":"sesame-oil.png"},{"id":11583,"name":"vegetable","localizedName":"vegetable","image":"mixed-vegetables.png"},{"id":11300,"name":"snow peas","localizedName":"snow peas","image":"snow-peas.jpg"},{"id":11209,"name":"eggplant","localizedName":"eggplant","image":"eggplant.png"},{"id":11477,"name":"zucchini","localizedName":"zucchini","image":"zucchini.jpg"},{"id":10111333,"name":"peppers","localizedName":"peppers","image":"green-pepper.jpg"},{"id":11215,"name":"garlic","localizedName":"garlic","image":"garlic.png"},{"id":11216,"name":"ginger","localizedName":"ginger","image":"ginger.png"},{"id":11282,"name":"onion","localizedName":"onion","image":"brown-onion.png"},{"id":10011485,"name":"squash","localizedName":"squash","image":"butternut-squash.jpg"}],"equipment":[{"id":404645,"name":"frying pan","localizedName":"frying pan","image":"pan.png"},{"id":404666,"name":"wok","localizedName":"wok","image":"wok.png"}],"length":{"number":4,"unit":"minutes"}},{"number":2,"step":"Serve immediately garnished with kimchee, if desired.","ingredients":[],"equipment":[]}]}]
