[{"name":"","steps":[{"number":1,"step":"Bring a large pot of salted water to a boil.","ingredients":[{"id":14412,"name":"water","localizedName":"water","image":"water.png"}],"equipment":[{"id":404752,"name":"pot","localizedName":"pot","image":"stock-pot.jpg"}]},{"number":2,"step":"Add the broccoli rabe and cook until crisp-tender, about 3 minutes.","ingredients":[{"id":11096,"name":"broccoli rabe","localizedName":"broccoli rabe","image":"broccoli-rabe.jpg"}],"equipment":[],"length":{"number":3,"unit":"minutes"}},{"number":3,"step":"Drain. Meanwhile, broil both lemon halves until lightly charred, about 5 minutes.","ingredients":[{"id":9150,"name":"lemon","localizedName":"lemon","image":"lemon.png"}],"equipment":[],"length":{"number":5,"unit":"minutes"}},{"number":4,"step":"Remove and cool.","ingredients":[],"equipment":[]},{"number":5,"step":"Heat the oil and butter in a large skillet over medium heat.","ingredients":[{"id":1001,"name":"butter","localizedName":"butter","image":"butter-sliced.jpg"},{"id":4582,"name":"cooking oil","localizedName":"cooking oil","image":"vegetable-oil.jpg"}],"equipment":[{"id":404645,"name":"frying pan","localizedName":"frying pan","image":"pan.png"}]},{"number":6,"step":"Add the garlic and cook about 2 minutes. Squeeze 1 lemon half into the skillet.","ingredients":[{"id":11215,"name":"garlic","localizedName":"garlic","image":"garlic.png"},{"id":9150,"name":"lemon","localizedName":"lemon","image":"lemon.png"}],"equipment":[{"id":404645,"name":"frying pan","localizedName":"frying pan","image":"pan.png"}],"length":{"number":2,"unit":"minutes"}},{"number":7,"step":"Add the broccoli rabe, olives, salt, and pepper and heat through, about 2 minutes.","ingredients":[{"id":11096,"name":"broccoli rabe","localizedName":"broccoli rabe","image":"broccoli-rabe.jpg"},{"id":9195,"name":"olives","localizedName":"olives","image":"olives-mixed.jpg"},{"id":1002030,"name":"pepper","localizedName":"pepper","image":"pepper.jpg"},{"id":2047,"name":"salt","localizedName":"salt","image":"salt.jpg"}],"equipment":[],"length":{"number":2,"unit":"minutes"}},{"number":8,"step":"Serve, using the other lemon half, cut into wedges, for garnish.","ingredients":[{"id":9150,"name":"lemon","localizedName":"lemon","image":"lemon.png"}],"equipment":[]}]}]
