[{"name":"","steps":[{"number":1,"step":"Watch how to make this recipe.","ingredients":[],"equipment":[]},{"number":2,"step":"Heat medium soup pot over medium-high heat.","ingredients":[{"id":0,"name":"soup","localizedName":"soup","image":""}],"equipment":[{"id":404752,"name":"pot","localizedName":"pot","image":"stock-pot.jpg"}]},{"number":3,"step":"Add the olive oil and sausage and brown.","ingredients":[{"id":4053,"name":"olive oil","localizedName":"olive oil","image":"olive-oil.jpg"},{"id":1017063,"name":"sausage","localizedName":"sausage","image":"raw-pork-sausage.png"}],"equipment":[]},{"number":4,"step":"Add veggies, bay leaf and beans. Season with salt and pepper. Cook mixture 5 minutes to begin to soften the vegetables.","ingredients":[{"id":1102047,"name":"salt and pepper","localizedName":"salt and pepper","image":"salt-and-pepper.jpg"},{"id":11583,"name":"vegetable","localizedName":"vegetable","image":"mixed-vegetables.png"},{"id":2004,"name":"bay leaves","localizedName":"bay leaves","image":"bay-leaves.jpg"},{"id":0,"name":"beans","localizedName":"beans","image":"kidney-beans.jpg"}],"equipment":[],"length":{"number":5,"unit":"minutes"}},{"number":5,"step":"Add rabe and wilt.","ingredients":[],"equipment":[]},{"number":6,"step":"Add stock and cover pot. Raise heat and bring soup to a boil. Reduce heat to simmer and cook 15 minutes. Adjust seasonings and serve soup with grated cheese, for topping.","ingredients":[{"id":1042027,"name":"seasoning","localizedName":"seasoning","image":"seasoning.png"},{"id":1041009,"name":"cheese","localizedName":"cheese","image":"cheddar-cheese.png"},{"id":1006615,"name":"stock","localizedName":"stock","image":"chicken-broth.png"},{"id":0,"name":"soup","localizedName":"soup","image":""}],"equipment":[{"id":404752,"name":"pot","localizedName":"pot","image":"stock-pot.jpg"}],"length":{"number":15,"unit":"minutes"}}]}]
