[{"name":"","steps":[{"number":1,"step":"Heat a wok or large skillet over high heat.","ingredients":[],"equipment":[{"id":404645,"name":"frying pan","localizedName":"frying pan","image":"pan.png"},{"id":404666,"name":"wok","localizedName":"wok","image":"wok.png"}]},{"number":2,"step":"Add 2 tablespoons of the oil and heat for 30 seconds.","ingredients":[{"id":4582,"name":"cooking oil","localizedName":"cooking oil","image":"vegetable-oil.jpg"}],"equipment":[]},{"number":3,"step":"Add the chicken and stir-fry until cooked through, 3 to 4 minutes.","ingredients":[{"id":5006,"name":"whole chicken","localizedName":"whole chicken","image":"whole-chicken.jpg"}],"equipment":[],"length":{"number":3,"unit":"minutes"}},{"number":4,"step":"Transfer to a plate. Wipe out the pan. Reduce heat to medium-high, add the remaining oil, and heat for 30 seconds.","ingredients":[{"id":4582,"name":"cooking oil","localizedName":"cooking oil","image":"vegetable-oil.jpg"}],"equipment":[{"id":404645,"name":"frying pan","localizedName":"frying pan","image":"pan.png"}]},{"number":5,"step":"Add the carrots and water. Cover partially and cook, stirring occasionally, until almost tender, about 2 minutes.","ingredients":[{"id":11124,"name":"carrot","localizedName":"carrot","image":"sliced-carrot.png"},{"id":14412,"name":"water","localizedName":"water","image":"water.png"}],"equipment":[],"length":{"number":2,"unit":"minutes"}},{"number":6,"step":"Add the bok choy stems, cover, and cook for 2 minutes.","ingredients":[{"id":11116,"name":"bok choy","localizedName":"bok choy","image":"bok-choy.jpg"}],"equipment":[],"length":{"number":2,"unit":"minutes"}},{"number":7,"step":"Add the bok choy leaves and peas and toss gently.","ingredients":[{"id":10011116,"name":"bok choy leaves","localizedName":"bok choy leaves","image":"bok-choy.jpg"},{"id":11304,"name":"peas","localizedName":"peas","image":"peas.jpg"}],"equipment":[]},{"number":8,"step":"Add the Cantonese Light Sauce and increase heat to high. When it starts to bubble, add the chicken. Stir-fry until warmed through, about 1 minute.","ingredients":[{"id":5006,"name":"whole chicken","localizedName":"whole chicken","image":"whole-chicken.jpg"},{"id":0,"name":"sauce","localizedName":"sauce","image":""}],"equipment":[],"length":{"number":1,"unit":"minutes"}},{"number":9,"step":"Serve immediately over the rice.","ingredients":[{"id":20444,"name":"rice","localizedName":"rice","image":"uncooked-white-rice.png"}],"equipment":[]}]}]
