[{"name":"","steps":[{"number":1,"step":"Place the eggplant halves in a colander, and sprinkle with salt. Toss well; drain 1 hour. Rinse well, and pat dry.","ingredients":[{"id":11209,"name":"eggplant","localizedName":"eggplant","image":"eggplant.png"},{"id":2047,"name":"salt","localizedName":"salt","image":"salt.jpg"}],"equipment":[{"id":404639,"name":"colander","localizedName":"colander","image":"colander.jpg"}],"length":{"number":60,"unit":"minutes"}},{"number":2,"step":"Place beans in a large saucepan of boiling water; cook 4 minutes.","ingredients":[{"id":0,"name":"beans","localizedName":"beans","image":"kidney-beans.jpg"},{"id":14412,"name":"water","localizedName":"water","image":"water.png"}],"equipment":[{"id":404669,"name":"sauce pan","localizedName":"sauce pan","image":"sauce-pan.jpg"}],"length":{"number":4,"unit":"minutes"}},{"number":3,"step":"Drain and plunge into ice water; drain.","ingredients":[{"id":14412,"name":"water","localizedName":"water","image":"water.png"}],"equipment":[]},{"number":4,"step":"Place beans in a large bowl.","ingredients":[{"id":0,"name":"beans","localizedName":"beans","image":"kidney-beans.jpg"}],"equipment":[{"id":404783,"name":"bowl","localizedName":"bowl","image":"bowl.jpg"}]},{"number":5,"step":"Combine vinegar and next 6 ingredients (vinegar through chile pepper) in a microwave-safe dish, stirring with a whisk. Microwave at HIGH 1 minute.","ingredients":[{"id":11819,"name":"chili pepper","localizedName":"chili pepper","image":"red-chili.jpg"},{"id":2053,"name":"vinegar","localizedName":"vinegar","image":"vinegar-(white).jpg"}],"equipment":[{"id":404762,"name":"microwave","localizedName":"microwave","image":"microwave.jpg"},{"id":404661,"name":"whisk","localizedName":"whisk","image":"whisk.png"}],"length":{"number":1,"unit":"minutes"}},{"number":6,"step":"Heat a large nonstick or cast-iron grill pan coated with cooking spray over medium-high heat.","ingredients":[{"id":4679,"name":"cooking spray","localizedName":"cooking spray","image":"cooking-spray.png"}],"equipment":[{"id":404648,"name":"grill pan","localizedName":"grill pan","image":"grill-pan.jpg"}]},{"number":7,"step":"Add eggplant halves to pan; cook 3 minutes on each side or until just tender.","ingredients":[{"id":11209,"name":"eggplant","localizedName":"eggplant","image":"eggplant.png"}],"equipment":[{"id":404645,"name":"frying pan","localizedName":"frying pan","image":"pan.png"}],"length":{"number":3,"unit":"minutes"}},{"number":8,"step":"Remove from pan.","ingredients":[],"equipment":[{"id":404645,"name":"frying pan","localizedName":"frying pan","image":"pan.png"}]},{"number":9,"step":"Add onion to pan; cook 3 minutes on each side or until tender.","ingredients":[{"id":11282,"name":"onion","localizedName":"onion","image":"brown-onion.png"}],"equipment":[{"id":404645,"name":"frying pan","localizedName":"frying pan","image":"pan.png"}],"length":{"number":3,"unit":"minutes"}},{"number":10,"step":"Remove from pan.","ingredients":[],"equipment":[{"id":404645,"name":"frying pan","localizedName":"frying pan","image":"pan.png"}]},{"number":11,"step":"Cut eggplant halves diagonally into 1 1/2-inch-wide pieces. Coarsely chop onion.","ingredients":[{"id":11209,"name":"eggplant","localizedName":"eggplant","image":"eggplant.png"},{"id":11282,"name":"onion","localizedName":"onion","image":"brown-onion.png"}],"equipment":[]},{"number":12,"step":"Add eggplant pieces, chopped onion, bok choy, and noodles to green beans; toss to combine.","ingredients":[{"id":11052,"name":"green beans","localizedName":"green beans","image":"green-beans-or-string-beans.jpg"},{"id":11116,"name":"bok choy","localizedName":"bok choy","image":"bok-choy.jpg"},{"id":11209,"name":"eggplant","localizedName":"eggplant","image":"eggplant.png"},{"id":20420,"name":"pasta","localizedName":"pasta","image":"fusilli.jpg"},{"id":11282,"name":"onion","localizedName":"onion","image":"brown-onion.png"}],"equipment":[]},{"number":13,"step":"Add vinegar mixture, green onion, sesame seeds, and cilantro; toss well to coat.","ingredients":[{"id":12023,"name":"sesame seeds","localizedName":"sesame seeds","image":"sesame-seeds.png"},{"id":11291,"name":"green onions","localizedName":"green onions","image":"spring-onions.jpg"},{"id":11165,"name":"cilantro","localizedName":"cilantro","image":"cilantro.png"},{"id":2053,"name":"vinegar","localizedName":"vinegar","image":"vinegar-(white).jpg"}],"equipment":[]}]}]
