[{"name":"","steps":[{"number":1,"step":"Whisk together the oil, vinegar, soy sauce, mirin, and sesame seeds in a small bowl, then set aside. Toss together the romaine, bok choy, carrot, almonds, and croutons in a large bowl.","ingredients":[{"id":12023,"name":"sesame seeds","localizedName":"sesame seeds","image":"sesame-seeds.png"},{"id":16124,"name":"soy sauce","localizedName":"soy sauce","image":"soy-sauce.jpg"},{"id":11116,"name":"bok choy","localizedName":"bok choy","image":"bok-choy.jpg"},{"id":18242,"name":"croutons","localizedName":"croutons","image":"croutons.png"},{"id":12061,"name":"almonds","localizedName":"almonds","image":"almonds.jpg"},{"id":10111251,"name":"romaine","localizedName":"romaine","image":"romaine"},{"id":2053,"name":"vinegar","localizedName":"vinegar","image":"vinegar-(white).jpg"},{"id":11124,"name":"carrot","localizedName":"carrot","image":"sliced-carrot.png"},{"id":93830,"name":"mirin","localizedName":"mirin","image":"mirin.jpg"},{"id":4582,"name":"cooking oil","localizedName":"cooking oil","image":"vegetable-oil.jpg"}],"equipment":[{"id":404661,"name":"whisk","localizedName":"whisk","image":"whisk.png"},{"id":404783,"name":"bowl","localizedName":"bowl","image":"bowl.jpg"}]},{"number":2,"step":"Pour the  dressing over the salad, toss to coat, and serve immediately.","ingredients":[],"equipment":[]}]}]
