[{"name":"","steps":[{"number":1,"step":"Place noodles in a large bowl; cover with warm water.","ingredients":[{"id":20420,"name":"pasta","localizedName":"pasta","image":"fusilli.jpg"},{"id":14412,"name":"water","localizedName":"water","image":"water.png"}],"equipment":[{"id":404783,"name":"bowl","localizedName":"bowl","image":"bowl.jpg"}]},{"number":2,"step":"Let stand 20 minutes.","ingredients":[],"equipment":[],"length":{"number":20,"unit":"minutes"}},{"number":3,"step":"Drain; set aside.","ingredients":[],"equipment":[]},{"number":4,"step":"Combine the mushrooms and boiling water in a bowl; let stand for 20 minutes. Strain through a sieve into a bowl, reserving the mushroom liquid.","ingredients":[{"id":11260,"name":"mushrooms","localizedName":"mushrooms","image":"mushrooms.png"},{"id":14412,"name":"water","localizedName":"water","image":"water.png"}],"equipment":[{"id":405600,"name":"sieve","localizedName":"sieve","image":"strainer.png"},{"id":404783,"name":"bowl","localizedName":"bowl","image":"bowl.jpg"}],"length":{"number":20,"unit":"minutes"}},{"number":5,"step":"Cut mushrooms into strips.","ingredients":[{"id":11260,"name":"mushrooms","localizedName":"mushrooms","image":"mushrooms.png"}],"equipment":[]},{"number":6,"step":"Heat peanut oil in a wok or nonstick Dutch oven over medium-high heat.","ingredients":[{"id":4042,"name":"peanut oil","localizedName":"peanut oil","image":"peanut-oil.jpg"}],"equipment":[{"id":404667,"name":"dutch oven","localizedName":"dutch oven","image":"dutch-oven.jpg"},{"id":404666,"name":"wok","localizedName":"wok","image":"wok.png"}]},{"number":7,"step":"Add onion, jalapeo, ginger, and garlic; stir-fry for 1 minute.","ingredients":[{"id":11215,"name":"garlic","localizedName":"garlic","image":"garlic.png"},{"id":11216,"name":"ginger","localizedName":"ginger","image":"ginger.png"},{"id":11282,"name":"onion","localizedName":"onion","image":"brown-onion.png"}],"equipment":[],"length":{"number":1,"unit":"minutes"}},{"number":8,"step":"Add mushrooms, carrot, and salt; stir-fry 2 minutes. Stir in 1/4 cup reserved mushroom liquid; cover and cook 3 minutes or until carrots are crisp-tender and liquid evaporates.","ingredients":[{"id":11260,"name":"mushrooms","localizedName":"mushrooms","image":"mushrooms.png"},{"id":11124,"name":"carrot","localizedName":"carrot","image":"sliced-carrot.png"},{"id":2047,"name":"salt","localizedName":"salt","image":"salt.jpg"}],"equipment":[],"length":{"number":5,"unit":"minutes"}},{"number":9,"step":"Add bok choy; stir-fry 1 minute. Stir in noodles, remaining mushroom liquid, soy sauce, and tofu; cook for 2 minutes.","ingredients":[{"id":16124,"name":"soy sauce","localizedName":"soy sauce","image":"soy-sauce.jpg"},{"id":11116,"name":"bok choy","localizedName":"bok choy","image":"bok-choy.jpg"},{"id":11260,"name":"mushrooms","localizedName":"mushrooms","image":"mushrooms.png"},{"id":20420,"name":"pasta","localizedName":"pasta","image":"fusilli.jpg"},{"id":16213,"name":"tofu","localizedName":"tofu","image":"tofu.png"}],"equipment":[],"length":{"number":3,"unit":"minutes"}},{"number":10,"step":"Combine 3 tablespoons water and cornstarch; pour into pan. Bring to a boil; cook 2 minutes or until slightly thick.","ingredients":[{"id":20027,"name":"corn starch","localizedName":"corn starch","image":"white-powder.jpg"},{"id":14412,"name":"water","localizedName":"water","image":"water.png"}],"equipment":[{"id":404645,"name":"frying pan","localizedName":"frying pan","image":"pan.png"}],"length":{"number":2,"unit":"minutes"}},{"number":11,"step":"Drizzle with sesame oil.","ingredients":[{"id":4058,"name":"sesame oil","localizedName":"sesame oil","image":"sesame-oil.png"}],"equipment":[]}]}]
