[{"name":"","steps":[{"number":1,"step":"Cut the meat off the shank bones. In a medium saucepan, cover the bones with water and bring to a boil. Prepare a medium bowl of ice water.","ingredients":[{"id":14412,"name":"water","localizedName":"water","image":"water.png"},{"id":1065062,"name":"meat","localizedName":"meat","image":"whole-chicken.jpg"}],"equipment":[{"id":404669,"name":"sauce pan","localizedName":"sauce pan","image":"sauce-pan.jpg"},{"id":404783,"name":"bowl","localizedName":"bowl","image":"bowl.jpg"}]},{"number":2,"step":"Transfer the bones to the ice water to cool, then pat dry.","ingredients":[{"id":14412,"name":"water","localizedName":"water","image":"water.png"}],"equipment":[]},{"number":3,"step":"Heat 1 tablespoon of the oil in a large skillet.","ingredients":[{"id":4582,"name":"cooking oil","localizedName":"cooking oil","image":"vegetable-oil.jpg"}],"equipment":[{"id":404645,"name":"frying pan","localizedName":"frying pan","image":"pan.png"}]},{"number":4,"step":"Add the onions, cut side down, and cook over moderately high heat until blackened on the bottom, about 12 minutes; remove to a plate.","ingredients":[{"id":11282,"name":"onion","localizedName":"onion","image":"brown-onion.png"}],"equipment":[],"length":{"number":12,"unit":"minutes"}},{"number":5,"step":"Heat the remaining 1 tablespoon of oil in the skillet.","ingredients":[{"id":4582,"name":"cooking oil","localizedName":"cooking oil","image":"vegetable-oil.jpg"}],"equipment":[{"id":404645,"name":"frying pan","localizedName":"frying pan","image":"pan.png"}]},{"number":6,"step":"Spread the ginger slices in a single layer and cook over moderately high heat until blackened, about 12 minutes.","ingredients":[{"id":11216,"name":"ginger","localizedName":"ginger","image":"ginger.png"},{"id":0,"name":"spread","localizedName":"spread","image":""}],"equipment":[],"length":{"number":12,"unit":"minutes"}},{"number":7,"step":"In a medium skillet, toast the star anise pods, cinnamon sticks, cloves and crushed red pepper over moderate heat for 2 minutes, shaking the skillet.","ingredients":[{"id":1032009,"name":"red pepper flakes","localizedName":"red pepper flakes","image":"red-pepper-flakes.jpg"},{"id":1002010,"name":"cinnamon stick","localizedName":"cinnamon stick","image":"cinnamon.jpg"},{"id":1012002,"name":"star anise","localizedName":"star anise","image":"star-anise.jpg"},{"id":1002011,"name":"clove","localizedName":"clove","image":"cloves.jpg"},{"id":18070,"name":"toast","localizedName":"toast","image":"toast"}],"equipment":[{"id":404645,"name":"frying pan","localizedName":"frying pan","image":"pan.png"}],"length":{"number":2,"unit":"minutes"}},{"number":8,"step":"In a large stockpot, cover the shank meat and oxtails with the water and bring to a boil. Skim, then add the lemongrass, garlic, blackened onions and ginger and the toasted spices and simmer over moderately low heat, skimming occasionally, until the meats are tender, about 2 hours. Strain the broth; refrigerate the broth and the meats separately overnight or for up to 2 days.","ingredients":[{"id":11972,"name":"lemon grass","localizedName":"lemon grass","image":"lemongrass.png"},{"id":93778,"name":"oxtail","localizedName":"oxtail","image":"ox-tail.png"},{"id":11215,"name":"garlic","localizedName":"garlic","image":"garlic.png"},{"id":11216,"name":"ginger","localizedName":"ginger","image":"ginger.png"},{"id":11282,"name":"onion","localizedName":"onion","image":"brown-onion.png"},{"id":2035,"name":"spices","localizedName":"spices","image":"spices.png"},{"id":1006615,"name":"broth","localizedName":"broth","image":"chicken-broth.png"},{"id":14412,"name":"water","localizedName":"water","image":"water.png"},{"id":1065062,"name":"meat","localizedName":"meat","image":"whole-chicken.jpg"}],"equipment":[{"id":404752,"name":"pot","localizedName":"pot","image":"stock-pot.jpg"}],"length":{"number":120,"unit":"minutes"}},{"number":9,"step":"Discard the fat from the broth. Bring the broth to a boil and keep hot. Thinly slice the meats, discarding any bones.","ingredients":[{"id":1006615,"name":"broth","localizedName":"broth","image":"chicken-broth.png"}],"equipment":[]},{"number":10,"step":"In a large bowl, soak the rice noodles in water until they are pliable, about 30 minutes. Bring a large saucepan of water to a boil.","ingredients":[{"id":20133,"name":"rice noodles","localizedName":"rice noodles","image":"dried-rice-noodles.jpg"},{"id":14412,"name":"water","localizedName":"water","image":"water.png"}],"equipment":[{"id":404669,"name":"sauce pan","localizedName":"sauce pan","image":"sauce-pan.jpg"},{"id":404783,"name":"bowl","localizedName":"bowl","image":"bowl.jpg"}],"length":{"number":30,"unit":"minutes"}},{"number":11,"step":"In a medium saucepan of boiling salted water, blanch the bok choy, asparagus and snow peas separately until crisp-tender; remove the vegetables to a platter.","ingredients":[{"id":11583,"name":"vegetable","localizedName":"vegetable","image":"mixed-vegetables.png"},{"id":11011,"name":"asparagus","localizedName":"asparagus","image":"asparagus.png"},{"id":11300,"name":"snow peas","localizedName":"snow peas","image":"snow-peas.jpg"},{"id":11116,"name":"bok choy","localizedName":"bok choy","image":"bok-choy.jpg"},{"id":14412,"name":"water","localizedName":"water","image":"water.png"}],"equipment":[{"id":404669,"name":"sauce pan","localizedName":"sauce pan","image":"sauce-pan.jpg"}]},{"number":12,"step":"Add the shank bones to the saucepan and cook over moderate heat for 2 minutes.","ingredients":[],"equipment":[{"id":404669,"name":"sauce pan","localizedName":"sauce pan","image":"sauce-pan.jpg"}],"length":{"number":2,"unit":"minutes"}},{"number":13,"step":"Drain and let cool slightly, then use a small spoon to scoop out the marrow.","ingredients":[],"equipment":[]},{"number":14,"step":"Preheat a grill pan. Season the sirloin with salt and pepper and cook over high heat until rare, about 2 minutes per side.","ingredients":[{"id":1102047,"name":"salt and pepper","localizedName":"salt and pepper","image":"salt-and-pepper.jpg"},{"id":10023003,"name":"porterhouse steak","localizedName":"porterhouse steak","image":"tbone-or-porterhouse-raw.jpg"}],"equipment":[{"id":404648,"name":"grill pan","localizedName":"grill pan","image":"grill-pan.jpg"}],"length":{"number":2,"unit":"minutes"}},{"number":15,"step":"Transfer to a carving board and let rest for 5 minutes. Thinly slice the sirloin.","ingredients":[{"id":10023003,"name":"porterhouse steak","localizedName":"porterhouse steak","image":"tbone-or-porterhouse-raw.jpg"}],"equipment":[],"length":{"number":5,"unit":"minutes"}},{"number":16,"step":"Drain the rice noodles and add a handful to a long-handled strainer that will fit into the saucepan of boiling water. Lower it into the water and cook the noodles until barely tender, 30 seconds to 1 minute.","ingredients":[{"id":20133,"name":"rice noodles","localizedName":"rice noodles","image":"dried-rice-noodles.jpg"},{"id":20420,"name":"pasta","localizedName":"pasta","image":"fusilli.jpg"},{"id":14412,"name":"water","localizedName":"water","image":"water.png"}],"equipment":[{"id":404669,"name":"sauce pan","localizedName":"sauce pan","image":"sauce-pan.jpg"},{"id":405600,"name":"sieve","localizedName":"sieve","image":"strainer.png"}],"length":{"number":1,"unit":"minutes"}},{"number":17,"step":"Drain the noodles well and transfer them to a large soup bowl.","ingredients":[{"id":20420,"name":"pasta","localizedName":"pasta","image":"fusilli.jpg"},{"id":0,"name":"soup","localizedName":"soup","image":""}],"equipment":[{"id":404783,"name":"bowl","localizedName":"bowl","image":"bowl.jpg"}]},{"number":18,"step":"Add some of the shank and oxtail meats and cover with hot broth.","ingredients":[{"id":93778,"name":"oxtail","localizedName":"oxtail","image":"ox-tail.png"},{"id":1006615,"name":"broth","localizedName":"broth","image":"chicken-broth.png"}],"equipment":[]},{"number":19,"step":"Add a piece of marrow and slices of sirloin and serve, allowing the diner to garnish the soup as desired. Repeat for the remaining diners.","ingredients":[{"id":10023003,"name":"porterhouse steak","localizedName":"porterhouse steak","image":"tbone-or-porterhouse-raw.jpg"},{"id":0,"name":"soup","localizedName":"soup","image":""}],"equipment":[]}]}]
