[{"name":"","steps":[{"number":1,"step":"Remove white parts of green onions, and finely chop. Chop greens into 2 inch pieces.","ingredients":[{"id":11291,"name":"green onions","localizedName":"green onions","image":"spring-onions.jpg"},{"id":21052,"name":"greens","localizedName":"greens","image":"mixed-greens-or-mesclun.jpg"}],"equipment":[]},{"number":2,"step":"In a large heavy skillet over medium heat, mix coconut milk, 3 tablespoons soy sauce, brown sugar, curry powder, ginger, and chile paste. Bring to a boil.","ingredients":[{"id":12118,"name":"coconut milk","localizedName":"coconut milk","image":"coconut-milk.png"},{"id":2015,"name":"curry powder","localizedName":"curry powder","image":"curry-powder.jpg"},{"id":19334,"name":"brown sugar","localizedName":"brown sugar","image":"dark-brown-sugar.png"},{"id":6973,"name":"chili paste","localizedName":"chili paste","image":"chili-paste.png"},{"id":16124,"name":"soy sauce","localizedName":"soy sauce","image":"soy-sauce.jpg"},{"id":11216,"name":"ginger","localizedName":"ginger","image":"ginger.png"}],"equipment":[{"id":404645,"name":"frying pan","localizedName":"frying pan","image":"pan.png"}]},{"number":3,"step":"Stir tofu, tomatoes, yellow pepper, mushrooms, and finely chopped green onions into the skillet. Cover, and cook 5 minutes, stirring occasionally.","ingredients":[{"id":11951,"name":"yellow pepper","localizedName":"yellow pepper","image":"yellow-bell-pepper.jpg"},{"id":11291,"name":"green onions","localizedName":"green onions","image":"spring-onions.jpg"},{"id":11260,"name":"mushrooms","localizedName":"mushrooms","image":"mushrooms.png"},{"id":11529,"name":"tomato","localizedName":"tomato","image":"tomato.png"},{"id":16213,"name":"tofu","localizedName":"tofu","image":"tofu.png"}],"equipment":[{"id":404645,"name":"frying pan","localizedName":"frying pan","image":"pan.png"}],"length":{"number":5,"unit":"minutes"}},{"number":4,"step":"Mix in basil and bok choy. Season with salt and remaining soy sauce. Continue cooking 5 minutes, or until vegetables are tender but crisp.","ingredients":[{"id":11583,"name":"vegetable","localizedName":"vegetable","image":"mixed-vegetables.png"},{"id":16124,"name":"soy sauce","localizedName":"soy sauce","image":"soy-sauce.jpg"},{"id":11116,"name":"bok choy","localizedName":"bok choy","image":"bok-choy.jpg"},{"id":2044,"name":"basil","localizedName":"basil","image":"basil.jpg"},{"id":2047,"name":"salt","localizedName":"salt","image":"salt.jpg"}],"equipment":[],"length":{"number":5,"unit":"minutes"}},{"number":5,"step":"Garnish with remaining green onion.","ingredients":[{"id":11291,"name":"green onions","localizedName":"green onions","image":"spring-onions.jpg"}],"equipment":[]}]}]
