[{"name":"","steps":[{"number":1,"step":"Pour 1/4 cup dressing over chicken in shallow dish; turn to coat both sides of each breast.  Refrigerate 30 min. to marinate.","ingredients":[{"id":5006,"name":"whole chicken","localizedName":"whole chicken","image":"whole-chicken.jpg"}],"equipment":[],"length":{"number":30,"unit":"minutes"}},{"number":2,"step":"Heat greased grill to medium-high heat.","ingredients":[],"equipment":[{"id":404706,"name":"grill","localizedName":"grill","image":"grill.jpg"}]},{"number":3,"step":"Brush bok choy and peppers with 2 Tbsp. of the remaining dressing.  Grill bok choy 1 min. or until slightly wilted and peppers 4 min. or until crisp-tender, turning occasionally.","ingredients":[{"id":11116,"name":"bok choy","localizedName":"bok choy","image":"bok-choy.jpg"},{"id":10111333,"name":"peppers","localizedName":"peppers","image":"green-pepper.jpg"}],"equipment":[{"id":404706,"name":"grill","localizedName":"grill","image":"grill.jpg"}],"length":{"number":5,"unit":"minutes"}},{"number":4,"step":"Remove from grill; set aside.","ingredients":[],"equipment":[{"id":404706,"name":"grill","localizedName":"grill","image":"grill.jpg"}]},{"number":5,"step":"Remove chicken from marinade; discard marinade. Grill chicken 3 to 4 min. on each side or until done (165F), turning occasionally.","ingredients":[{"id":0,"name":"marinade","localizedName":"marinade","image":"seasoning.png"},{"id":5006,"name":"whole chicken","localizedName":"whole chicken","image":"whole-chicken.jpg"}],"equipment":[{"id":404706,"name":"grill","localizedName":"grill","image":"grill.jpg"}],"length":{"number":3,"unit":"minutes"}},{"number":6,"step":"Trim core from bok choy; discard. Chop remaining bok choy into bite-size pieces.","ingredients":[{"id":11116,"name":"bok choy","localizedName":"bok choy","image":"bok-choy.jpg"}],"equipment":[]},{"number":7,"step":"Cut red pepper into small chunks and chicken into thin strips. Arrange bok choy, peppers, chicken, pea pods and carrots in rows on plate; top with nuts and remaining dressing.","ingredients":[{"id":11821,"name":"red pepper","localizedName":"red pepper","image":"red-pepper.jpg"},{"id":11116,"name":"bok choy","localizedName":"bok choy","image":"bok-choy.jpg"},{"id":11300,"name":"snow peas","localizedName":"snow peas","image":"snow-peas.jpg"},{"id":11124,"name":"carrot","localizedName":"carrot","image":"sliced-carrot.png"},{"id":5006,"name":"whole chicken","localizedName":"whole chicken","image":"whole-chicken.jpg"},{"id":10111333,"name":"peppers","localizedName":"peppers","image":"green-pepper.jpg"},{"id":12135,"name":"nuts","localizedName":"nuts","image":"nuts-mixed.jpg"}],"equipment":[]}]}]
