[{"name":"","steps":[{"number":1,"step":"Preheat the oven to 375°F.","ingredients":[],"equipment":[{"id":404784,"name":"oven","localizedName":"oven","image":"oven.jpg","temperature":{"number":375.0,"unit":"Fahrenheit"}}]},{"number":2,"step":"Pour the oil into a large skillet set over medium heat.","ingredients":[{"id":4582,"name":"cooking oil","localizedName":"cooking oil","image":"vegetable-oil.jpg"}],"equipment":[{"id":404645,"name":"frying pan","localizedName":"frying pan","image":"pan.png"}]},{"number":3,"step":"Add the onions and cook until very soft, about 5 minutes.  Dump in the tomatoes and the oregano and thyme.  Cook, breaking up the large pieces of tomato with a wooden spoon, for about 20 minutes.  Season with salt and pepper to taste.","ingredients":[{"id":1102047,"name":"salt and pepper","localizedName":"salt and pepper","image":"salt-and-pepper.jpg"},{"id":11529,"name":"tomato","localizedName":"tomato","image":"tomato.png"},{"id":2027,"name":"oregano","localizedName":"oregano","image":"oregano.jpg"},{"id":11282,"name":"onion","localizedName":"onion","image":"brown-onion.png"},{"id":2049,"name":"thyme","localizedName":"thyme","image":"thyme.jpg"}],"equipment":[{"id":404732,"name":"wooden spoon","localizedName":"wooden spoon","image":"wooden-spoon.jpg"}],"length":{"number":25,"unit":"minutes"}},{"number":4,"step":"Meanwhile, bring a large pot of water to a boil.  Roughly chop the broccoli rabe.","ingredients":[{"id":11096,"name":"broccoli rabe","localizedName":"broccoli rabe","image":"broccoli-rabe.jpg"},{"id":14412,"name":"water","localizedName":"water","image":"water.png"}],"equipment":[{"id":404752,"name":"pot","localizedName":"pot","image":"stock-pot.jpg"}]},{"number":5,"step":"Add to the water and cook for about 1 minute.","ingredients":[{"id":14412,"name":"water","localizedName":"water","image":"water.png"}],"equipment":[],"length":{"number":1,"unit":"minutes"}},{"number":6,"step":"Remove with some tongs and drain in a colander.  Rinse under cold water to stop the cooking.","ingredients":[{"id":14412,"name":"water","localizedName":"water","image":"water.png"}],"equipment":[{"id":404639,"name":"colander","localizedName":"colander","image":"colander.jpg"},{"id":404641,"name":"tongs","localizedName":"tongs","image":"tongs.jpg"}]},{"number":7,"step":"Return the large pot of water to a boil and add the pasta.  Cook until very al dente, about 3 minutes less than the package says.","ingredients":[{"id":20420,"name":"pasta","localizedName":"pasta","image":"fusilli.jpg"},{"id":14412,"name":"water","localizedName":"water","image":"water.png"}],"equipment":[{"id":404752,"name":"pot","localizedName":"pot","image":"stock-pot.jpg"}],"length":{"number":3,"unit":"minutes"}},{"number":8,"step":"Drain and rinse under cold water to stop the cooking.  Set aside.","ingredients":[{"id":14412,"name":"water","localizedName":"water","image":"water.png"}],"equipment":[]},{"number":9,"step":"Form the Italian sausage into 1-inch balls.","ingredients":[{"id":7036,"name":"italian sausage","localizedName":"italian sausage","image":"raw-pork-sausage.png"}],"equipment":[]},{"number":10,"step":"Saute them in a large skillet set over medium-high heat.  There should be enough fat from the sausage, but if the meat sticks then add a drizzle of oil.  Cook until browned on a all sides.","ingredients":[{"id":0,"name":"meat sticks","localizedName":"meat sticks","image":"meat-sticks.png"},{"id":1017063,"name":"sausage","localizedName":"sausage","image":"raw-pork-sausage.png"},{"id":4582,"name":"cooking oil","localizedName":"cooking oil","image":"vegetable-oil.jpg"}],"equipment":[{"id":404645,"name":"frying pan","localizedName":"frying pan","image":"pan.png"}]},{"number":11,"step":"Add to the tomato sauce.","ingredients":[{"id":11549,"name":"tomato sauce","localizedName":"tomato sauce","image":"tomato-sauce-or-pasta-sauce.jpg"}],"equipment":[]},{"number":12,"step":"Rub some butter on the inside of a casserole dish.  Dump in the pasta and broccoli rabe.","ingredients":[{"id":11096,"name":"broccoli rabe","localizedName":"broccoli rabe","image":"broccoli-rabe.jpg"},{"id":1001,"name":"butter","localizedName":"butter","image":"butter-sliced.jpg"},{"id":20420,"name":"pasta","localizedName":"pasta","image":"fusilli.jpg"},{"id":1012034,"name":"dry seasoning rub","localizedName":"dry seasoning rub","image":"seasoning.png"}],"equipment":[{"id":404635,"name":"casserole dish","localizedName":"casserole dish","image":"casserole-dish.png"}]},{"number":13,"step":"Pour on the sauce.  Top with a sprinkling of the mozzarella.","ingredients":[{"id":1026,"name":"mozzarella","localizedName":"mozzarella","image":"mozzarella.png"},{"id":0,"name":"sauce","localizedName":"sauce","image":""}],"equipment":[]},{"number":14,"step":"Bake for about 30 minutes, or until the cheese is bubbling.","ingredients":[{"id":1041009,"name":"cheese","localizedName":"cheese","image":"cheddar-cheese.png"}],"equipment":[{"id":404784,"name":"oven","localizedName":"oven","image":"oven.jpg"}],"length":{"number":30,"unit":"minutes"}}]}]
