[{"name":"","steps":[{"number":1,"step":"Cook broccoli rabe in boiling water 4 minutes.","ingredients":[{"id":11096,"name":"broccoli rabe","localizedName":"broccoli rabe","image":"broccoli-rabe.jpg"},{"id":14412,"name":"water","localizedName":"water","image":"water.png"}],"equipment":[],"length":{"number":4,"unit":"minutes"}},{"number":2,"step":"Remove broccoli rabe with a slotted spoon, and place in a colander; drain.","ingredients":[{"id":11096,"name":"broccoli rabe","localizedName":"broccoli rabe","image":"broccoli-rabe.jpg"}],"equipment":[{"id":404636,"name":"slotted spoon","localizedName":"slotted spoon","image":"slotted-spoon.jpg"},{"id":404639,"name":"colander","localizedName":"colander","image":"colander.jpg"}]},{"number":3,"step":"Add gnocchi to pan; cook 3 minutes or until done.","ingredients":[{"id":98853,"name":"gnocchi","localizedName":"gnocchi","image":"gnocchi-isolated.jpg"}],"equipment":[{"id":404645,"name":"frying pan","localizedName":"frying pan","image":"pan.png"}],"length":{"number":3,"unit":"minutes"}},{"number":4,"step":"Drain gnocchi in a colander over a bowl, reserving 1/4 cup cooking liquid.","ingredients":[{"id":98853,"name":"gnocchi","localizedName":"gnocchi","image":"gnocchi-isolated.jpg"}],"equipment":[{"id":404639,"name":"colander","localizedName":"colander","image":"colander.jpg"},{"id":404783,"name":"bowl","localizedName":"bowl","image":"bowl.jpg"}]},{"number":5,"step":"Heat oil in a large nonstick skillet over medium heat.","ingredients":[{"id":4582,"name":"cooking oil","localizedName":"cooking oil","image":"vegetable-oil.jpg"}],"equipment":[{"id":404645,"name":"frying pan","localizedName":"frying pan","image":"pan.png"}]},{"number":6,"step":"Add garlic to pan; cook 3 minutes or until lightly browned, stirring frequently.","ingredients":[{"id":11215,"name":"garlic","localizedName":"garlic","image":"garlic.png"}],"equipment":[{"id":404645,"name":"frying pan","localizedName":"frying pan","image":"pan.png"}],"length":{"number":3,"unit":"minutes"}},{"number":7,"step":"Add broccoli rabe, gnocchi, and reserved cooking liquid to pan; cook 2 minutes. Stir in salt and pepper.","ingredients":[{"id":1102047,"name":"salt and pepper","localizedName":"salt and pepper","image":"salt-and-pepper.jpg"},{"id":11096,"name":"broccoli rabe","localizedName":"broccoli rabe","image":"broccoli-rabe.jpg"},{"id":98853,"name":"gnocchi","localizedName":"gnocchi","image":"gnocchi-isolated.jpg"}],"equipment":[{"id":404645,"name":"frying pan","localizedName":"frying pan","image":"pan.png"}],"length":{"number":2,"unit":"minutes"}},{"number":8,"step":"Place 1 1/4 cups gnocchi mixture in each of 4 shallow bowls; top each serving with 1 tablespoon cheese.","ingredients":[{"id":98853,"name":"gnocchi","localizedName":"gnocchi","image":"gnocchi-isolated.jpg"},{"id":1041009,"name":"cheese","localizedName":"cheese","image":"cheddar-cheese.png"}],"equipment":[{"id":404783,"name":"bowl","localizedName":"bowl","image":"bowl.jpg"}]}]}]
