[{"name":"","steps":[{"number":1,"step":"Cook the noodles according to packet instructions and while the water is boiling fill a nearby saucepan with stock, brown sugar, star anise, ginger and soy sauce. (When the noodles are done, just drain them and put half in each bowl.)","ingredients":[{"id":19334,"name":"brown sugar","localizedName":"brown sugar","image":"dark-brown-sugar.png"},{"id":1012002,"name":"star anise","localizedName":"star anise","image":"star-anise.jpg"},{"id":16124,"name":"soy sauce","localizedName":"soy sauce","image":"soy-sauce.jpg"},{"id":20420,"name":"pasta","localizedName":"pasta","image":"fusilli.jpg"},{"id":11216,"name":"ginger","localizedName":"ginger","image":"ginger.png"},{"id":1006615,"name":"stock","localizedName":"stock","image":"chicken-broth.png"},{"id":14412,"name":"water","localizedName":"water","image":"water.png"}],"equipment":[{"id":404669,"name":"sauce pan","localizedName":"sauce pan","image":"sauce-pan.jpg"},{"id":404783,"name":"bowl","localizedName":"bowl","image":"bowl.jpg"}]},{"number":2,"step":"When the flavored stock comes to a boil, add the vegetables. They should be cooked before 2 minutes are up.","ingredients":[{"id":11583,"name":"vegetable","localizedName":"vegetable","image":"mixed-vegetables.png"},{"id":1006615,"name":"stock","localizedName":"stock","image":"chicken-broth.png"}],"equipment":[],"length":{"number":2,"unit":"minutes"}},{"number":3,"step":"Pour half into each bowl, over the cooked and drained noodles and sprinkle with cilantro.","ingredients":[{"id":11165,"name":"cilantro","localizedName":"cilantro","image":"cilantro.png"},{"id":20420,"name":"pasta","localizedName":"pasta","image":"fusilli.jpg"}],"equipment":[{"id":404783,"name":"bowl","localizedName":"bowl","image":"bowl.jpg"}]}]}]
