[{"name":"","steps":[{"number":1,"step":"In a wok or large frying pan heat the oil over high heat until very hot.","ingredients":[{"id":4582,"name":"cooking oil","localizedName":"cooking oil","image":"vegetable-oil.jpg"}],"equipment":[{"id":404645,"name":"frying pan","localizedName":"frying pan","image":"pan.png"},{"id":404666,"name":"wok","localizedName":"wok","image":"wok.png"}]},{"number":2,"step":"Add the bok choy and stir-fry until they begin to soften slightly, 1 to 2 minutes.","ingredients":[{"id":11116,"name":"bok choy","localizedName":"bok choy","image":"bok-choy.jpg"}],"equipment":[],"length":{"number":1,"unit":"minutes"}},{"number":3,"step":"Add the soy sauce, vinegar and sesame oil and cook until just done, 1 to 2 minutes longer.","ingredients":[{"id":4058,"name":"sesame oil","localizedName":"sesame oil","image":"sesame-oil.png"},{"id":16124,"name":"soy sauce","localizedName":"soy sauce","image":"soy-sauce.jpg"},{"id":2053,"name":"vinegar","localizedName":"vinegar","image":"vinegar-(white).jpg"}],"equipment":[],"length":{"number":1,"unit":"minutes"}},{"number":4,"step":"Sprinkle with sesame seeds and serve.","ingredients":[{"id":12023,"name":"sesame seeds","localizedName":"sesame seeds","image":"sesame-seeds.png"}],"equipment":[]}]}]
