[{"name":"","steps":[{"number":1,"step":"Heat a large nonstick skillet over medium-high heat. Coat pan with cooking spray.","ingredients":[{"id":4679,"name":"cooking spray","localizedName":"cooking spray","image":"cooking-spray.png"}],"equipment":[{"id":404645,"name":"frying pan","localizedName":"frying pan","image":"pan.png"}]},{"number":2,"step":"Sprinkle pork with pepper and salt.","ingredients":[{"id":1002030,"name":"pepper","localizedName":"pepper","image":"pepper.jpg"},{"id":10010219,"name":"pork","localizedName":"pork","image":"pork-tenderloin-raw.png"},{"id":2047,"name":"salt","localizedName":"salt","image":"salt.jpg"}],"equipment":[]},{"number":3,"step":"Add pork to pan; cook 3 1/2 minutes on each side or until the pork is done.","ingredients":[{"id":10010219,"name":"pork","localizedName":"pork","image":"pork-tenderloin-raw.png"}],"equipment":[{"id":404645,"name":"frying pan","localizedName":"frying pan","image":"pan.png"}],"length":{"number":2,"unit":"minutes"}},{"number":4,"step":"Remove from pan; keep warm.","ingredients":[],"equipment":[{"id":404645,"name":"frying pan","localizedName":"frying pan","image":"pan.png"}]},{"number":5,"step":"Add onions and next 6 ingredients (through garlic) to pan. Bring to a simmer. Cook 6 minutes. Arrange bok choy in a single layer over carrot mixture. Cover, reduce heat to medium, and cook 4 minutes or until bok choy is tender. Stir in cilantro and juice.","ingredients":[{"id":11116,"name":"bok choy","localizedName":"bok choy","image":"bok-choy.jpg"},{"id":11165,"name":"cilantro","localizedName":"cilantro","image":"cilantro.png"},{"id":11124,"name":"carrot","localizedName":"carrot","image":"sliced-carrot.png"},{"id":11215,"name":"garlic","localizedName":"garlic","image":"garlic.png"},{"id":11282,"name":"onion","localizedName":"onion","image":"brown-onion.png"},{"id":1019016,"name":"juice","localizedName":"juice","image":"apple-juice.jpg"}],"equipment":[{"id":404645,"name":"frying pan","localizedName":"frying pan","image":"pan.png"}],"length":{"number":10,"unit":"minutes"}},{"number":6,"step":"Cut each pork chop into (1/2-inch-thick) slices. Spoon 1/2 cup vegetable mixture into each of 4 shallow bowls; top each serving with 3 ounces pork.","ingredients":[{"id":10010062,"name":"pork chops","localizedName":"pork chops","image":"pork-chops.jpg"},{"id":11583,"name":"vegetable","localizedName":"vegetable","image":"mixed-vegetables.png"},{"id":10010219,"name":"pork","localizedName":"pork","image":"pork-tenderloin-raw.png"}],"equipment":[{"id":404783,"name":"bowl","localizedName":"bowl","image":"bowl.jpg"}]}]}]
