[{"name":"","steps":[{"number":1,"step":"Heat oil for frying in deep-fryer or large, heavy saucepan to 375 degrees F (190 degrees C).","ingredients":[{"id":4582,"name":"cooking oil","localizedName":"cooking oil","image":"vegetable-oil.jpg"}],"equipment":[{"id":404669,"name":"sauce pan","localizedName":"sauce pan","image":"sauce-pan.jpg"}]},{"number":2,"step":"Heat 1 tablespoon vegetable oil in a large skillet.","ingredients":[{"id":4669,"name":"vegetable oil","localizedName":"vegetable oil","image":"vegetable-oil.jpg"}],"equipment":[{"id":404645,"name":"frying pan","localizedName":"frying pan","image":"pan.png"}]},{"number":3,"step":"Add garlic and onion, and saute for 2 minutes.","ingredients":[{"id":11215,"name":"garlic","localizedName":"garlic","image":"garlic.png"},{"id":11282,"name":"onion","localizedName":"onion","image":"brown-onion.png"}],"equipment":[],"length":{"number":2,"unit":"minutes"}},{"number":4,"step":"Add bok choy and pea pods, and stir fry until the bok choy and pea pods are crisp-tender.","ingredients":[{"id":11116,"name":"bok choy","localizedName":"bok choy","image":"bok-choy.jpg"},{"id":11300,"name":"snow peas","localizedName":"snow peas","image":"snow-peas.jpg"}],"equipment":[]},{"number":5,"step":"In a large mixing bowl, combine crab, cream cheese, soy sauce and sauteed vegetable mixture. Drop mixture by 3/4 teaspoon into the center of a won ton wrapper. Fold the wrapper in half to make a triangle. Seal the wrapper around the mixture by wetting your finger with cold water and pressing the ends together.","ingredients":[{"id":1017,"name":"cream cheese","localizedName":"cream cheese","image":"cream-cheese.jpg"},{"id":16124,"name":"soy sauce","localizedName":"soy sauce","image":"soy-sauce.jpg"},{"id":11583,"name":"vegetable","localizedName":"vegetable","image":"mixed-vegetables.png"},{"id":14412,"name":"water","localizedName":"water","image":"water.png"},{"id":15136,"name":"crab","localizedName":"crab","image":"crabmeat.jpg"}],"equipment":[{"id":405907,"name":"mixing bowl","localizedName":"mixing bowl","image":"mixing-bowl.jpg"}]},{"number":6,"step":"In batches, fry the dumplings in the prepared oil until golden brown.","ingredients":[{"id":4582,"name":"cooking oil","localizedName":"cooking oil","image":"vegetable-oil.jpg"}],"equipment":[]},{"number":7,"step":"Drain on paper towels.","ingredients":[],"equipment":[{"id":405895,"name":"paper towels","localizedName":"paper towels","image":"paper-towels.jpg"}]}]}]
