[{"name":"","steps":[{"number":1,"step":"Bring water to boil in medium saucepan.","ingredients":[{"id":14412,"name":"water","localizedName":"water","image":"water.png"}],"equipment":[{"id":404669,"name":"sauce pan","localizedName":"sauce pan","image":"sauce-pan.jpg"}]},{"number":2,"step":"Add quinoa; cover.  Simmer on medium-low heat 15 min. or until liquid is absorbed.","ingredients":[{"id":20035,"name":"quinoa","localizedName":"quinoa","image":"uncooked-quinoa.png"}],"equipment":[],"length":{"number":15,"unit":"minutes"}},{"number":3,"step":"Meanwhile, heat 1 tsp. oil in large skillet on medium-high heat.","ingredients":[{"id":4582,"name":"cooking oil","localizedName":"cooking oil","image":"vegetable-oil.jpg"}],"equipment":[{"id":404645,"name":"frying pan","localizedName":"frying pan","image":"pan.png"}]},{"number":4,"step":"Add chicken; cook 5 to 7 min. on each side or until done (165F), adding 2 Tbsp. dressing to skillet for the last minute.","ingredients":[{"id":5006,"name":"whole chicken","localizedName":"whole chicken","image":"whole-chicken.jpg"}],"equipment":[{"id":404645,"name":"frying pan","localizedName":"frying pan","image":"pan.png"}],"length":{"number":5,"unit":"minutes"}},{"number":5,"step":"Transfer chicken to plate; top with reserved pan drippings.  Cover to keep warm.","ingredients":[{"id":5006,"name":"whole chicken","localizedName":"whole chicken","image":"whole-chicken.jpg"}],"equipment":[{"id":404645,"name":"frying pan","localizedName":"frying pan","image":"pan.png"}]},{"number":6,"step":"Add remaining oil, carrots, ginger and garlic to skillet; cook 3 to 5 min. or until ginger and garlic are fragrant, but not browned, stirring frequently.  Stir in bok choy; cook 1 to 2 min. or until bok choy begins to wilt.","ingredients":[{"id":11116,"name":"bok choy","localizedName":"bok choy","image":"bok-choy.jpg"},{"id":11124,"name":"carrot","localizedName":"carrot","image":"sliced-carrot.png"},{"id":11215,"name":"garlic","localizedName":"garlic","image":"garlic.png"},{"id":11216,"name":"ginger","localizedName":"ginger","image":"ginger.png"},{"id":4582,"name":"cooking oil","localizedName":"cooking oil","image":"vegetable-oil.jpg"}],"equipment":[{"id":404645,"name":"frying pan","localizedName":"frying pan","image":"pan.png"}],"length":{"number":4,"unit":"minutes"}},{"number":7,"step":"Add remaining dressing; cook 2 min. or until carrots are crisp-tender and liquid comes to boil, stirring frequently.","ingredients":[{"id":11124,"name":"carrot","localizedName":"carrot","image":"sliced-carrot.png"}],"equipment":[],"length":{"number":2,"unit":"minutes"}},{"number":8,"step":"Spoon quinoa onto serving plates; top with vegetable mixture and chicken.","ingredients":[{"id":11583,"name":"vegetable","localizedName":"vegetable","image":"mixed-vegetables.png"},{"id":5006,"name":"whole chicken","localizedName":"whole chicken","image":"whole-chicken.jpg"},{"id":20035,"name":"quinoa","localizedName":"quinoa","image":"uncooked-quinoa.png"}],"equipment":[]}]}]
