[{"name":"","steps":[{"number":1,"step":"To make the filling, first water blanch the bok choy. In a pot, bring the water to a boil over high heat.","ingredients":[{"id":11116,"name":"bok choy","localizedName":"bok choy","image":"bok-choy.jpg"},{"id":14412,"name":"water","localizedName":"water","image":"water.png"}],"equipment":[{"id":404752,"name":"pot","localizedName":"pot","image":"stock-pot.jpg"}]},{"number":2,"step":"Add the 1 tablespoon salt and the baking soda (if using). When the water returns to a boil, add the bok choy stalks and allow the water to return to a boil.","ingredients":[{"id":18372,"name":"baking soda","localizedName":"baking soda","image":"white-powder.jpg"},{"id":11116,"name":"bok choy","localizedName":"bok choy","image":"bok-choy.jpg"},{"id":14412,"name":"water","localizedName":"water","image":"water.png"},{"id":2047,"name":"salt","localizedName":"salt","image":"salt.jpg"}],"equipment":[]},{"number":3,"step":"Add the bok choy leaves and blanch for 1 minute, or until the leaves turn bright green. Immediately turn off the heat. Run cold water into the pot, then drain off the water. Repeat.","ingredients":[{"id":10011116,"name":"bok choy leaves","localizedName":"bok choy leaves","image":"bok-choy.jpg"},{"id":14412,"name":"water","localizedName":"water","image":"water.png"}],"equipment":[{"id":404752,"name":"pot","localizedName":"pot","image":"stock-pot.jpg"}],"length":{"number":1,"unit":"minutes"}},{"number":4,"step":"In a large bowl, place the bok choy, the 1 teaspoon salt, and all of the remaining filling ingredients. Using a wooden spoon or 2 pairs of wooden chopsticks, mix the ingredients together, stirring them in one direction. Stirring in this way ensures the mixture will become a cohesive filling. Cover and refrigerate for at least 6 hours or up to overnight. The longer it rests, the easier it will be to work with.","ingredients":[{"id":11116,"name":"bok choy","localizedName":"bok choy","image":"bok-choy.jpg"},{"id":2047,"name":"salt","localizedName":"salt","image":"salt.jpg"}],"equipment":[{"id":404732,"name":"wooden spoon","localizedName":"wooden spoon","image":"wooden-spoon.jpg"},{"id":405596,"name":"chopsticks","localizedName":"chopsticks","image":"chopsticks.jpg"},{"id":404783,"name":"bowl","localizedName":"bowl","image":"bowl.jpg"}],"length":{"number":360,"unit":"minutes"}},{"number":5,"step":"To make the dough: In a large bowl, place the flour and make a well in the center. Gradually add the water to the well, and use your fingers to combine it with the flour until it is absorbed and a firm dough forms. If the dough is too dry, add a little more water. Knead the dough in the bowl for about 15 minutes, or until smooth and elastic. Cover the dough with a damp cloth and allow to rest for 1 1/2 hours.","ingredients":[{"id":0,"name":"dough","localizedName":"dough","image":"pizza-dough"},{"id":20081,"name":"all purpose flour","localizedName":"all purpose flour","image":"flour.png"},{"id":14412,"name":"water","localizedName":"water","image":"water.png"}],"equipment":[{"id":404783,"name":"bowl","localizedName":"bowl","image":"bowl.jpg"}],"length":{"number":135,"unit":"minutes"}},{"number":6,"step":"Dust a work surface with flour. Divide the dough into 3 equal pieces. Work with 1 piece at a time, and keep the others covered with the damp cloth. Using your palms, roll into a log 12 inches long.","ingredients":[{"id":0,"name":"dough","localizedName":"dough","image":"pizza-dough"},{"id":20081,"name":"all purpose flour","localizedName":"all purpose flour","image":"flour.png"},{"id":0,"name":"roll","localizedName":"roll","image":"dinner-yeast-rolls.jpg"}],"equipment":[]},{"number":7,"step":"Cut crosswise into 12 equal pieces. Using a small rolling pin, roll out each piece into a 3-inch round. Keep the work surface well dusted with flour as you work.","ingredients":[{"id":20081,"name":"all purpose flour","localizedName":"all purpose flour","image":"flour.png"},{"id":0,"name":"roll","localizedName":"roll","image":"dinner-yeast-rolls.jpg"}],"equipment":[{"id":404746,"name":"rolling pin","localizedName":"rolling pin","image":"rolling-pin.jpg"}]},{"number":8,"step":"Place 1 round on the palm of one hand, place 1 tablespoon of the filling on the center, and fold the round into a half-moon. Using the thumb and forefinger of the other hand pleat the seam closed, making from 5 to 7 pleats. Repeat to form more dumplings until all of the rounds are used. Cover the dumplings with plastic wrap to prevent them from drying out, then repeat with the remaining two pieces of dough in two batches to make a total of 36 dumplings.","ingredients":[{"id":0,"name":"dough","localizedName":"dough","image":"pizza-dough"},{"id":10018364,"name":"wrap","localizedName":"wrap","image":"flour-tortilla.jpg"}],"equipment":[{"id":404730,"name":"plastic wrap","localizedName":"plastic wrap","image":"plastic-wrap.jpg"}]},{"number":9,"step":"In a cast-iron frying pan, heat 3 tablespoons of the peanut oil over high heat. When a wisp of white smoke appears, turn off the heat and place 18 of the dumplings in the pan. Turn on the heat to medium and allow the dumplings to cook for 3 minutes.","ingredients":[{"id":4042,"name":"peanut oil","localizedName":"peanut oil","image":"peanut-oil.jpg"}],"equipment":[{"id":404645,"name":"frying pan","localizedName":"frying pan","image":"pan.png"}],"length":{"number":3,"unit":"minutes"}},{"number":10,"step":"Pour 1/2 cup of the water into the pan and allow the dumplings to cook for 7 to 10 minutes, or until the water evaporates. Reduce the heat to low and allow the dumplings to cook for about 2 minutes, or until they are golden brown on the bottom and the skins are translucent on top. To ensure the dumplings cook evenly, move the pan back and forth on the burner to distribute the heat evenly and prevent sticking.","ingredients":[{"id":14412,"name":"water","localizedName":"water","image":"water.png"}],"equipment":[{"id":404645,"name":"frying pan","localizedName":"frying pan","image":"pan.png"}],"length":{"number":9,"unit":"minutes"}},{"number":11,"step":"Remove to a heated dish and serve. Because these dumplings are best eaten hot, serve in batches.","ingredients":[],"equipment":[]}]},{"name":"Notes","steps":[{"number":1,"step":"These dumplings can be frozen uncooked for up to 6 weeks. Dust them liberally with flour to prevent sticking, then stack them neatly, separating the layers with sheets of waxed paper. Next, wrap them in a double layer of plastic wrap, and then wrap again in heavy-duty aluminum foil and slip into the freezer. To cook them, thaw and allow to come to room temperature, then cook as directed.These dumplings are eaten with a ginger-vinegar dipping sauce that is as traditional as they are. In a bowl, mix together 1/3 cup red rice wine vinegar, 1/4 cup peeled and finely shredded ginger.","ingredients":[{"id":1022053,"name":"rice vinegar","localizedName":"rice vinegar","image":"rice-vinegar.png"},{"id":0,"name":"dipping sauce","localizedName":"dipping sauce","image":""},{"id":2053,"name":"vinegar","localizedName":"vinegar","image":"vinegar-(white).jpg"},{"id":11216,"name":"ginger","localizedName":"ginger","image":"ginger.png"},{"id":20081,"name":"all purpose flour","localizedName":"all purpose flour","image":"flour.png"},{"id":10018364,"name":"wrap","localizedName":"wrap","image":"flour-tortilla.jpg"}],"equipment":[{"id":404765,"name":"aluminum foil","localizedName":"aluminum foil","image":"aluminum-foil.png"},{"id":404730,"name":"plastic wrap","localizedName":"plastic wrap","image":"plastic-wrap.jpg"},{"id":404783,"name":"bowl","localizedName":"bowl","image":"bowl.jpg"}]},{"number":2,"step":"Let stand for 30 minutes before use. Then serve the sauce in a common bowl, from which each diner can spoon the sauce over a dumpling. Makes 8 to 10 servings.","ingredients":[{"id":0,"name":"sauce","localizedName":"sauce","image":""}],"equipment":[{"id":404783,"name":"bowl","localizedName":"bowl","image":"bowl.jpg"}],"length":{"number":30,"unit":"minutes"}},{"number":3,"step":"From Mastering the Art of Chinese Cooking by Eileen Yin-Fei Lo. Text copyright © 2009 by Eileen Yin-Fei Lo; photographs copyright © 2009 by Susie Cushner. Published by Chronicle Books LLC.","ingredients":[],"equipment":[]}]}]
