[{"name":"","steps":[{"number":1,"step":"Heat oil in a large nonstick skillet over medium-high heat.","ingredients":[{"id":4582,"name":"cooking oil","localizedName":"cooking oil","image":"vegetable-oil.jpg"}],"equipment":[{"id":404645,"name":"frying pan","localizedName":"frying pan","image":"pan.png"}]},{"number":2,"step":"Combine breadcrumbs and pepper in a shallow dish; dredge chicken in breadcrumb mixture.","ingredients":[{"id":18079,"name":"breadcrumbs","localizedName":"breadcrumbs","image":"breadcrumbs.jpg"},{"id":5006,"name":"whole chicken","localizedName":"whole chicken","image":"whole-chicken.jpg"},{"id":1002030,"name":"pepper","localizedName":"pepper","image":"pepper.jpg"}],"equipment":[]},{"number":3,"step":"Add chicken to pan; cook 3 minutes on each side or until done.","ingredients":[{"id":5006,"name":"whole chicken","localizedName":"whole chicken","image":"whole-chicken.jpg"}],"equipment":[{"id":404645,"name":"frying pan","localizedName":"frying pan","image":"pan.png"}],"length":{"number":3,"unit":"minutes"}},{"number":4,"step":"Remove from pan; keep warm.","ingredients":[],"equipment":[{"id":404645,"name":"frying pan","localizedName":"frying pan","image":"pan.png"}]},{"number":5,"step":"Add wine, broth, juice, and butter to pan, scraping pan to loosen browned bits. Stir in broccoli rabe; cover and cook 3 minutes or until broccoli rabe is tender. Stir in parsley and capers.","ingredients":[{"id":11096,"name":"broccoli rabe","localizedName":"broccoli rabe","image":"broccoli-rabe.jpg"},{"id":11297,"name":"parsley","localizedName":"parsley","image":"parsley.jpg"},{"id":1001,"name":"butter","localizedName":"butter","image":"butter-sliced.jpg"},{"id":2054,"name":"capers","localizedName":"capers","image":"capers.jpg"},{"id":1006615,"name":"broth","localizedName":"broth","image":"chicken-broth.png"},{"id":1019016,"name":"juice","localizedName":"juice","image":"apple-juice.jpg"},{"id":14084,"name":"wine","localizedName":"wine","image":"red-wine.jpg"}],"equipment":[{"id":404645,"name":"frying pan","localizedName":"frying pan","image":"pan.png"}],"length":{"number":3,"unit":"minutes"}},{"number":6,"step":"Serve chicken over broccoli rabe mixture.","ingredients":[{"id":11096,"name":"broccoli rabe","localizedName":"broccoli rabe","image":"broccoli-rabe.jpg"},{"id":5006,"name":"whole chicken","localizedName":"whole chicken","image":"whole-chicken.jpg"}],"equipment":[]},{"number":7,"step":"Garnish with lemon slices, if desired.","ingredients":[{"id":9150,"name":"lemon","localizedName":"lemon","image":"lemon.png"}],"equipment":[]}]}]
