[{"name":"","steps":[{"number":1,"step":"Trim the coarse, tough ends from the broccoli rabe and remove any wilted or yellow leaves. Starting at the cut ends of the stems, pull off the tough outer coating of the stems with a paring knife or vegetable peeler.","ingredients":[{"id":11096,"name":"broccoli rabe","localizedName":"broccoli rabe","image":"broccoli-rabe.jpg"},{"id":11583,"name":"vegetable","localizedName":"vegetable","image":"mixed-vegetables.png"}],"equipment":[{"id":404693,"name":"peeler","localizedName":"peeler","image":"peeler.png"},{"id":404745,"name":"knife","localizedName":"knife","image":"chefs-knife.jpg"}]},{"number":2,"step":"Cut any very thick stems in half lengthwise. Wash the broccoli rabe in plenty of cool water, then drain, leaving some of the water that clings to the leaves.","ingredients":[{"id":11096,"name":"broccoli rabe","localizedName":"broccoli rabe","image":"broccoli-rabe.jpg"},{"id":14412,"name":"water","localizedName":"water","image":"water.png"}],"equipment":[]},{"number":3,"step":"Heat 2 tablespoons of the oil over medium heat in a large deep, heavy skillet or casserole with a tight-fitting lid. Poke the sausages all over with a fork and lay them in the skillet. Cook, turning as necessary, until caramelized on all sides and no trace of pink remains in the center, about 8 minutes for thinner luganega or up to 12 minutes for thicker sausages. Adjust the heat as the sausages cook so they brown evenly without scorching.","ingredients":[{"id":1017063,"name":"sausage","localizedName":"sausage","image":"raw-pork-sausage.png"},{"id":4582,"name":"cooking oil","localizedName":"cooking oil","image":"vegetable-oil.jpg"}],"equipment":[{"id":404645,"name":"frying pan","localizedName":"frying pan","image":"pan.png"}],"length":{"number":20,"unit":"minutes"}},{"number":4,"step":"Remove the sausages to a plate and cover with aluminum foil to keep them warm.","ingredients":[{"id":1017063,"name":"sausage","localizedName":"sausage","image":"raw-pork-sausage.png"}],"equipment":[{"id":404765,"name":"aluminum foil","localizedName":"aluminum foil","image":"aluminum-foil.png"}]},{"number":5,"step":"Drain the fat from the skillet without cleaning the pan.","ingredients":[],"equipment":[{"id":404645,"name":"frying pan","localizedName":"frying pan","image":"pan.png"}]},{"number":6,"step":"Pour in the remaining 2 tablespoons olive oil. Whack the garlic cloves with the flat side of a knife, scatter them over the oil, and cook until golden, about 3 minutes.","ingredients":[{"id":10211215,"name":"whole garlic cloves","localizedName":"whole garlic cloves","image":"garlic.jpg"},{"id":4053,"name":"olive oil","localizedName":"olive oil","image":"olive-oil.jpg"},{"id":4582,"name":"cooking oil","localizedName":"cooking oil","image":"vegetable-oil.jpg"}],"equipment":[{"id":404745,"name":"knife","localizedName":"knife","image":"chefs-knife.jpg"}],"length":{"number":3,"unit":"minutes"}},{"number":7,"step":"Add the broccoli rabe, and season lightly with salt and  teaspoon crushed red pepper.","ingredients":[{"id":1032009,"name":"red pepper flakes","localizedName":"red pepper flakes","image":"red-pepper-flakes.jpg"},{"id":11096,"name":"broccoli rabe","localizedName":"broccoli rabe","image":"broccoli-rabe.jpg"},{"id":2047,"name":"salt","localizedName":"salt","image":"salt.jpg"}],"equipment":[]},{"number":8,"step":"Pour in  inch of water, bring to a boil, and cover the casserole. Steam, lifting the lid to stir occasionally, until the broccoli rabe is softened, about 5 minutes. Uncover and cook over medium heat until the liquid is evaporated and the broccoli rabe is tender, about 5 minutes.","ingredients":[{"id":11096,"name":"broccoli rabe","localizedName":"broccoli rabe","image":"broccoli-rabe.jpg"},{"id":14412,"name":"water","localizedName":"water","image":"water.png"}],"equipment":[],"length":{"number":10,"unit":"minutes"}},{"number":9,"step":"Return the sausages to the skillet and turn them until warmed through.","ingredients":[{"id":1017063,"name":"sausage","localizedName":"sausage","image":"raw-pork-sausage.png"}],"equipment":[{"id":404645,"name":"frying pan","localizedName":"frying pan","image":"pan.png"}]},{"number":10,"step":"Serve the sausages on plates or a platter, flanked by the broccoli rabe.","ingredients":[{"id":11096,"name":"broccoli rabe","localizedName":"broccoli rabe","image":"broccoli-rabe.jpg"},{"id":1017063,"name":"sausage","localizedName":"sausage","image":"raw-pork-sausage.png"}],"equipment":[]},{"number":11,"step":"var article","ingredients":[],"equipment":[]},{"number":12,"step":"Type_27_data = {};","ingredients":[],"equipment":[]},{"number":13,"step":"article","ingredients":[],"equipment":[]},{"number":14,"step":"Type_27_data.init_step_by_step_images = 0;","ingredients":[],"equipment":[]}]}]
