[{"name":"","steps":[{"number":1,"step":"Soak arame in 1 cup filtered water in a small bowl and set aside.","ingredients":[{"id":0,"name":"filtered water","localizedName":"filtered water","image":"water.png"}],"equipment":[{"id":404783,"name":"bowl","localizedName":"bowl","image":"bowl.jpg"}]},{"number":2,"step":"Wash quinoa in 3 changes of cold water in a bowl, draining quinoa in a sieve each time, then put quinoa in a 2- to 3-quart saucepan with kombu and 1 cup filtered water. Simmer, uncovered, until quinoa is just tender, about 20 minutes.","ingredients":[{"id":0,"name":"filtered water","localizedName":"filtered water","image":"water.png"},{"id":20035,"name":"quinoa","localizedName":"quinoa","image":"uncooked-quinoa.png"},{"id":11445,"name":"kombu","localizedName":"kombu","image":"kombu.jpg"},{"id":14412,"name":"water","localizedName":"water","image":"water.png"}],"equipment":[{"id":404669,"name":"sauce pan","localizedName":"sauce pan","image":"sauce-pan.jpg"},{"id":405600,"name":"sieve","localizedName":"sieve","image":"strainer.png"},{"id":404783,"name":"bowl","localizedName":"bowl","image":"bowl.jpg"}],"length":{"number":20,"unit":"minutes"}},{"number":3,"step":"Drain in a sieve.","ingredients":[],"equipment":[{"id":405600,"name":"sieve","localizedName":"sieve","image":"strainer.png"}]},{"number":4,"step":"About 10 minutes before quinoa is done, cook onion in oil in a 3- to 4-quart heavy saucepan over moderate heat, stirring frequently, until it begins to brown, about 5 minutes, then add garlic and cook, stirring, 30 seconds.","ingredients":[{"id":11215,"name":"garlic","localizedName":"garlic","image":"garlic.png"},{"id":20035,"name":"quinoa","localizedName":"quinoa","image":"uncooked-quinoa.png"},{"id":11282,"name":"onion","localizedName":"onion","image":"brown-onion.png"},{"id":4582,"name":"cooking oil","localizedName":"cooking oil","image":"vegetable-oil.jpg"}],"equipment":[{"id":404669,"name":"sauce pan","localizedName":"sauce pan","image":"sauce-pan.jpg"}],"length":{"number":15,"unit":"minutes"}},{"number":5,"step":"Add tofu, carrot, shiitakes, and remaining 2 1/2 cups filtered water and simmer, covered, until carrot is just tender, about 5 minutes.","ingredients":[{"id":0,"name":"filtered water","localizedName":"filtered water","image":"water.png"},{"id":11238,"name":"shiitake mushrooms","localizedName":"shiitake mushrooms","image":"shiitake-mushrooms.png"},{"id":11124,"name":"carrot","localizedName":"carrot","image":"sliced-carrot.png"},{"id":16213,"name":"tofu","localizedName":"tofu","image":"tofu.png"}],"equipment":[],"length":{"number":5,"unit":"minutes"}},{"number":6,"step":"Remove kombu from quinoa and discard. Stir quinoa into stew, then remove from heat.","ingredients":[{"id":20035,"name":"quinoa","localizedName":"quinoa","image":"uncooked-quinoa.png"},{"id":11445,"name":"kombu","localizedName":"kombu","image":"kombu.jpg"},{"id":0,"name":"stew","localizedName":"stew","image":""}],"equipment":[]},{"number":7,"step":"Put miso in a small bowl and add 1/4 cup stew liquid, whisking until miso is incorporated, then stir mixture into stew.","ingredients":[{"id":16112,"name":"miso","localizedName":"miso","image":"miso.jpg"},{"id":0,"name":"stew","localizedName":"stew","image":""}],"equipment":[{"id":404661,"name":"whisk","localizedName":"whisk","image":"whisk.png"},{"id":404783,"name":"bowl","localizedName":"bowl","image":"bowl.jpg"}]},{"number":8,"step":"Drain and rinse arame and add to stew along with bok choy and tamari, stirring to combine.","ingredients":[{"id":11116,"name":"bok choy","localizedName":"bok choy","image":"bok-choy.jpg"},{"id":10116124,"name":"tamari","localizedName":"tamari","image":"soy-sauce.jpg"},{"id":0,"name":"stew","localizedName":"stew","image":""}],"equipment":[]},{"number":9,"step":"Divide stew between 2 bowls and sprinkle with scallion and dulse flakes.","ingredients":[{"id":11291,"name":"green onions","localizedName":"green onions","image":"spring-onions.jpg"},{"id":93615,"name":"dulse","localizedName":"dulse","image":"dulse.jpg"},{"id":0,"name":"stew","localizedName":"stew","image":""}],"equipment":[{"id":404783,"name":"bowl","localizedName":"bowl","image":"bowl.jpg"}]},{"number":10,"step":"*Available at Asian markets, natural foods stores, and edenfoods.com.","ingredients":[],"equipment":[]},{"number":11,"step":"**Available at specialty foods shops, natural foods stores, and ethnicgrocer.com.","ingredients":[],"equipment":[]},{"number":12,"step":"***Available at Asian markets, natural foods stores, and Uwajimaya ( 800-889-1928).","ingredients":[],"equipment":[]},{"number":13,"step":"****Available at natural foods stores.","ingredients":[],"equipment":[]},{"number":14,"step":"*****Available at Asian markets, natural foods stores, and seaveg.com.","ingredients":[],"equipment":[]}]}]
