[{"name":"","steps":[{"number":1,"step":"Bring a large pot of salted water to a boil.","ingredients":[{"id":14412,"name":"water","localizedName":"water","image":"water.png"}],"equipment":[{"id":404752,"name":"pot","localizedName":"pot","image":"stock-pot.jpg"}]},{"number":2,"step":"Cut an X in the bottom of the stems of the broccoli rabe and place in the boiling water.   Cook until tender but still firm, about 5 minutes.","ingredients":[{"id":11096,"name":"broccoli rabe","localizedName":"broccoli rabe","image":"broccoli-rabe.jpg"},{"id":14412,"name":"water","localizedName":"water","image":"water.png"}],"equipment":[],"length":{"number":5,"unit":"minutes"}},{"number":3,"step":"Drain.","ingredients":[],"equipment":[]},{"number":4,"step":"In a large heavy skillet over medium heat, heat olive oil and saute garlic for 1 to 2 minutes.  Stir in the broccoli rabe and saute 10 to 15 minutes, or until desired doneness.  Dust with parmesan cheese, if desired.","ingredients":[{"id":1033,"name":"parmesan","localizedName":"parmesan","image":"parmesan.jpg"},{"id":11096,"name":"broccoli rabe","localizedName":"broccoli rabe","image":"broccoli-rabe.jpg"},{"id":4053,"name":"olive oil","localizedName":"olive oil","image":"olive-oil.jpg"},{"id":11215,"name":"garlic","localizedName":"garlic","image":"garlic.png"}],"equipment":[{"id":404645,"name":"frying pan","localizedName":"frying pan","image":"pan.png"}],"length":{"number":11,"unit":"minutes"}}]}]
