[{"name":"","steps":[{"number":1,"step":"Trim broccoli rabe, removing tough parts of stems and any stems with a hollow core. Split stems (or quarter them if large) so they'll cook at the same rate as the florets. Rinse well.","ingredients":[{"id":11096,"name":"broccoli rabe","localizedName":"broccoli rabe","image":"broccoli-rabe.jpg"}],"equipment":[]},{"number":2,"step":"Bring a large pot of water to a boil over high heat.","ingredients":[{"id":14412,"name":"water","localizedName":"water","image":"water.png"}],"equipment":[{"id":404752,"name":"pot","localizedName":"pot","image":"stock-pot.jpg"}]},{"number":3,"step":"Add broccoli rabe (you may have to add in batches, waiting until some cooks down) and cook until tender, 2 to 5 minutes. Scoop out and set aside about 1/4 cup cooking liquid, then drain broccoli rabe in a colander.","ingredients":[{"id":11096,"name":"broccoli rabe","localizedName":"broccoli rabe","image":"broccoli-rabe.jpg"}],"equipment":[{"id":404639,"name":"colander","localizedName":"colander","image":"colander.jpg"}],"length":{"number":2,"unit":"minutes"}},{"number":4,"step":"Let sit until cool enough to handle, about 15 minutes, then squeeze gently to remove excess moisture.","ingredients":[],"equipment":[],"length":{"number":15,"unit":"minutes"}},{"number":5,"step":"Heat oil in a 12-in. skillet over medium heat.","ingredients":[{"id":4582,"name":"cooking oil","localizedName":"cooking oil","image":"vegetable-oil.jpg"}],"equipment":[{"id":404645,"name":"frying pan","localizedName":"frying pan","image":"pan.png"}]},{"number":6,"step":"Add garlic and chiles and saut until garlic is golden, about 1 minute.","ingredients":[{"id":11819,"name":"chili pepper","localizedName":"chili pepper","image":"red-chili.jpg"},{"id":11215,"name":"garlic","localizedName":"garlic","image":"garlic.png"}],"equipment":[],"length":{"number":1,"unit":"minutes"}},{"number":7,"step":"Add broccoli rabe and 1/2 tsp. salt and toss to coat with oil. Increase heat to high and cook until broccoli rabe is heated through and flavorful, about 5 minutes (if it looks dry, moisten with some of the reserved cooking liquid). Season with salt to taste.","ingredients":[{"id":11096,"name":"broccoli rabe","localizedName":"broccoli rabe","image":"broccoli-rabe.jpg"},{"id":2047,"name":"salt","localizedName":"salt","image":"salt.jpg"},{"id":4582,"name":"cooking oil","localizedName":"cooking oil","image":"vegetable-oil.jpg"}],"equipment":[],"length":{"number":5,"unit":"minutes"}},{"number":8,"step":"Serve hot or at room temperature.","ingredients":[],"equipment":[]}]}]
