[{"name":"","steps":[{"number":1,"step":"In a large pot of boiling salted water, cook half the broccoli rabe until tender, 3 minutes. Using a slotted spoon, transfer to a colander to drain. Repeat with the remaining greens. Squeeze the excess water from the broccoli rabe and coarsely chop.","ingredients":[{"id":11096,"name":"broccoli rabe","localizedName":"broccoli rabe","image":"broccoli-rabe.jpg"},{"id":21052,"name":"greens","localizedName":"greens","image":"mixed-greens-or-mesclun.jpg"},{"id":14412,"name":"water","localizedName":"water","image":"water.png"}],"equipment":[{"id":404636,"name":"slotted spoon","localizedName":"slotted spoon","image":"slotted-spoon.jpg"},{"id":404639,"name":"colander","localizedName":"colander","image":"colander.jpg"},{"id":404752,"name":"pot","localizedName":"pot","image":"stock-pot.jpg"}],"length":{"number":3,"unit":"minutes"}},{"number":2,"step":"In a bowl, blend the butter with the lemon zest; season with salt and pepper.","ingredients":[{"id":1102047,"name":"salt and pepper","localizedName":"salt and pepper","image":"salt-and-pepper.jpg"},{"id":9156,"name":"lemon zest","localizedName":"lemon zest","image":"zest-lemon.jpg"},{"id":1001,"name":"butter","localizedName":"butter","image":"butter-sliced.jpg"}],"equipment":[{"id":404783,"name":"bowl","localizedName":"bowl","image":"bowl.jpg"}]},{"number":3,"step":"In the large pot, heat 1 1/2 tablespoons of the olive oil.","ingredients":[{"id":4053,"name":"olive oil","localizedName":"olive oil","image":"olive-oil.jpg"}],"equipment":[{"id":404752,"name":"pot","localizedName":"pot","image":"stock-pot.jpg"}]},{"number":4,"step":"Add the pine nuts and cook over moderate heat until golden, about 4 minutes. Using a slotted spoon, transfer the pine nuts to a plate.","ingredients":[{"id":12147,"name":"pine nuts","localizedName":"pine nuts","image":"pine-nuts.png"}],"equipment":[{"id":404636,"name":"slotted spoon","localizedName":"slotted spoon","image":"slotted-spoon.jpg"}],"length":{"number":4,"unit":"minutes"}},{"number":5,"step":"Heat the remaining 1 1/2 tablespoons of olive oil in the pot.","ingredients":[{"id":4053,"name":"olive oil","localizedName":"olive oil","image":"olive-oil.jpg"}],"equipment":[{"id":404752,"name":"pot","localizedName":"pot","image":"stock-pot.jpg"}]},{"number":6,"step":"Add the garlic and cook over moderate heat until sizzling, about 3 minutes.","ingredients":[{"id":11215,"name":"garlic","localizedName":"garlic","image":"garlic.png"}],"equipment":[],"length":{"number":3,"unit":"minutes"}},{"number":7,"step":"Add the chopped broccoli rabe and toss well.","ingredients":[{"id":11096,"name":"broccoli rabe","localizedName":"broccoli rabe","image":"broccoli-rabe.jpg"}],"equipment":[]},{"number":8,"step":"Add the lemon-butter and lemon juice and stir well. Season with salt and pepper and transfer to a serving bowl. Top with the pine nuts and ricotta salata and serve.","ingredients":[{"id":1102047,"name":"salt and pepper","localizedName":"salt and pepper","image":"salt-and-pepper.jpg"},{"id":1001036,"name":"ricotta salata cheese","localizedName":"ricotta salata cheese","image":"ricotta.png"},{"id":9152,"name":"lemon juice","localizedName":"lemon juice","image":"lemon-juice.jpg"},{"id":12147,"name":"pine nuts","localizedName":"pine nuts","image":"pine-nuts.png"},{"id":1001,"name":"butter","localizedName":"butter","image":"butter-sliced.jpg"},{"id":9150,"name":"lemon","localizedName":"lemon","image":"lemon.png"}],"equipment":[{"id":404783,"name":"bowl","localizedName":"bowl","image":"bowl.jpg"}]}]}]
