[{"name":"","steps":[{"number":1,"step":"Heat the olive oil in an 8-quart soup pot or stockpot over medium-high heat.","ingredients":[{"id":4053,"name":"olive oil","localizedName":"olive oil","image":"olive-oil.jpg"},{"id":0,"name":"soup","localizedName":"soup","image":""}],"equipment":[{"id":404752,"name":"pot","localizedName":"pot","image":"stock-pot.jpg"}]},{"number":2,"step":"Add the onion, celery, bell pepper, 1 teaspoon of the salt, and  teaspoon of the black pepper and cook, stirring, until the vegetables are tender, about 6 minutes.","ingredients":[{"id":1002030,"name":"black pepper","localizedName":"black pepper","image":"pepper.jpg"},{"id":10211821,"name":"bell pepper","localizedName":"bell pepper","image":"bell-pepper-orange.png"},{"id":11583,"name":"vegetable","localizedName":"vegetable","image":"mixed-vegetables.png"},{"id":11143,"name":"celery","localizedName":"celery","image":"celery.jpg"},{"id":11282,"name":"onion","localizedName":"onion","image":"brown-onion.png"},{"id":2047,"name":"salt","localizedName":"salt","image":"salt.jpg"}],"equipment":[],"length":{"number":6,"unit":"minutes"}},{"number":3,"step":"Add the garlic, dried Italian herbs, and crushed red pepper and cook, stirring, until fragrant, about 1 minute.","ingredients":[{"id":1032009,"name":"red pepper flakes","localizedName":"red pepper flakes","image":"red-pepper-flakes.jpg"},{"id":1022027,"name":"italian seasoning","localizedName":"italian seasoning","image":"dried-herbs.png"},{"id":11215,"name":"garlic","localizedName":"garlic","image":"garlic.png"}],"equipment":[],"length":{"number":1,"unit":"minutes"}},{"number":4,"step":"Add the stock, beans, Parmesan rind, bay leaf, and water and bring to a low boil. Reduce the heat to simmer gently and cook, partially covered and stirring occasionally, until the beans are tender, 45 to 60 minutes.Using a slotted spoon, transfer about 1 cup of the beans from the pot to a small bowl and mash them with the back of a spoon. Return the mashed beans to the soup and add the remaining 1 tablespoon salt. Bring to a simmer over medium-high heat and continue to cook, uncovered, until the broth thickens slightly, about 15 minutes.","ingredients":[{"id":2004,"name":"bay leaves","localizedName":"bay leaves","image":"bay-leaves.jpg"},{"id":1033,"name":"parmesan","localizedName":"parmesan","image":"parmesan.jpg"},{"id":0,"name":"beans","localizedName":"beans","image":"kidney-beans.jpg"},{"id":1006615,"name":"broth","localizedName":"broth","image":"chicken-broth.png"},{"id":1006615,"name":"stock","localizedName":"stock","image":"chicken-broth.png"},{"id":14412,"name":"water","localizedName":"water","image":"water.png"},{"id":23572,"name":"beef","localizedName":"beef","image":"beef-cubes-raw.png"},{"id":2047,"name":"salt","localizedName":"salt","image":"salt.jpg"},{"id":0,"name":"soup","localizedName":"soup","image":""}],"equipment":[{"id":404636,"name":"slotted spoon","localizedName":"slotted spoon","image":"slotted-spoon.jpg"},{"id":404783,"name":"bowl","localizedName":"bowl","image":"bowl.jpg"},{"id":404752,"name":"pot","localizedName":"pot","image":"stock-pot.jpg"}],"length":{"number":60,"unit":"minutes"}},{"number":5,"step":"Add the remaining black pepper, the broccoli rabe, and rosemary sprig and continue to cook until the broccoli rabe is just tender, about 5 minutes. Stir in the lemon zest and lemon juice.","ingredients":[{"id":11096,"name":"broccoli rabe","localizedName":"broccoli rabe","image":"broccoli-rabe.jpg"},{"id":1002030,"name":"black pepper","localizedName":"black pepper","image":"pepper.jpg"},{"id":9152,"name":"lemon juice","localizedName":"lemon juice","image":"lemon-juice.jpg"},{"id":9156,"name":"lemon zest","localizedName":"lemon zest","image":"zest-lemon.jpg"},{"id":2036,"name":"rosemary","localizedName":"rosemary","image":"rosemary.jpg"}],"equipment":[],"length":{"number":5,"unit":"minutes"}},{"number":6,"step":"Remove the Parmesan rind, bay leaf, and rosemary sprig and discard them.","ingredients":[{"id":2004,"name":"bay leaves","localizedName":"bay leaves","image":"bay-leaves.jpg"},{"id":1033,"name":"parmesan","localizedName":"parmesan","image":"parmesan.jpg"},{"id":2036,"name":"rosemary","localizedName":"rosemary","image":"rosemary.jpg"},{"id":23572,"name":"beef","localizedName":"beef","image":"beef-cubes-raw.png"}],"equipment":[]},{"number":7,"step":"Serve the soup in wide, shallow bowls, garnished with grated Parmesan and a drizzle of extra-virgin olive oil.","ingredients":[{"id":1034053,"name":"extra virgin olive oil","localizedName":"extra virgin olive oil","image":"olive-oil.jpg"},{"id":1033,"name":"parmesan","localizedName":"parmesan","image":"parmesan.jpg"},{"id":0,"name":"soup","localizedName":"soup","image":""}],"equipment":[{"id":404783,"name":"bowl","localizedName":"bowl","image":"bowl.jpg"}]}]}]
