[{"name":"","steps":[{"number":1,"step":"Heat 3 quarts of vegetable stock or chicken broth to a boil in a soup pot. In a separate pot, cook linguini according to package directions and drain.","ingredients":[{"id":6615,"name":"vegetable stock","localizedName":"vegetable stock","image":"chicken-broth.png"},{"id":6194,"name":"chicken broth","localizedName":"chicken broth","image":"chicken-broth.png"},{"id":10720420,"name":"linguine","localizedName":"linguine","image":"spaghetti.jpg"},{"id":0,"name":"soup","localizedName":"soup","image":""}],"equipment":[{"id":404752,"name":"pot","localizedName":"pot","image":"stock-pot.jpg"}]},{"number":2,"step":"Add chicken to boiling broth. Poach chicken 5 minutes in broth. Ladle soup into 4 deep bowls, equally distributing broth and chicken. Divide veggies into 4 equal amounts and place in the bowls. Divide cooked fresh pasta into 4 equal amounts and place into the bowls. Cover bowls and allow to steep for 3 to 4 minutes. Gently incorporate noodles up from the bottom of each bowl and serve. SLURP away! It is customary to slurp as you eat, using oversized spoons to drag the noodles up to your mouth. You might need a bib, but you will have fun! Noodle bowls may be garnished with cilantro and or chives for an extra herby zing.","ingredients":[{"id":20093,"name":"fresh pasta","localizedName":"fresh pasta","image":"fusilli.jpg"},{"id":11165,"name":"cilantro","localizedName":"cilantro","image":"cilantro.png"},{"id":5006,"name":"whole chicken","localizedName":"whole chicken","image":"whole-chicken.jpg"},{"id":20420,"name":"pasta","localizedName":"pasta","image":"fusilli.jpg"},{"id":11156,"name":"chives","localizedName":"chives","image":"fresh-chives.jpg"},{"id":1006615,"name":"broth","localizedName":"broth","image":"chicken-broth.png"},{"id":0,"name":"soup","localizedName":"soup","image":""}],"equipment":[{"id":404783,"name":"bowl","localizedName":"bowl","image":"bowl.jpg"},{"id":404630,"name":"ladle","localizedName":"ladle","image":"ladle.jpg"}],"length":{"number":8,"unit":"minutes"}}]}]
