[{"name":"","steps":[{"number":1,"step":"Heat 1 teaspoon of the oil in a medium saucepan.","ingredients":[{"id":4582,"name":"cooking oil","localizedName":"cooking oil","image":"vegetable-oil.jpg"}],"equipment":[{"id":404669,"name":"sauce pan","localizedName":"sauce pan","image":"sauce-pan.jpg"}]},{"number":2,"step":"Add the shiitakes, shallots and ginger and cook over moderate heat, stirring, until fragrant, about 2 minutes.","ingredients":[{"id":11238,"name":"shiitake mushrooms","localizedName":"shiitake mushrooms","image":"shiitake-mushrooms.png"},{"id":11677,"name":"shallot","localizedName":"shallot","image":"shallots.jpg"},{"id":11216,"name":"ginger","localizedName":"ginger","image":"ginger.png"}],"equipment":[],"length":{"number":2,"unit":"minutes"}},{"number":3,"step":"Add the lemongrass, basil, cilantro, Chicken Stock and clam juice and bring to a boil. Reduce the heat to low and simmer for 25 minutes.","ingredients":[{"id":6172,"name":"chicken stock","localizedName":"chicken stock","image":"chicken-broth.png"},{"id":14187,"name":"clam juice","localizedName":"clam juice","image":"clam-juice.png"},{"id":11972,"name":"lemon grass","localizedName":"lemon grass","image":"lemongrass.png"},{"id":11165,"name":"cilantro","localizedName":"cilantro","image":"cilantro.png"},{"id":2044,"name":"basil","localizedName":"basil","image":"basil.jpg"}],"equipment":[],"length":{"number":25,"unit":"minutes"}},{"number":4,"step":"Strain the broth and return it to the saucepan. Boil over high heat until reduced to 1 cup, about 10 minutes.","ingredients":[{"id":1006615,"name":"broth","localizedName":"broth","image":"chicken-broth.png"}],"equipment":[{"id":404669,"name":"sauce pan","localizedName":"sauce pan","image":"sauce-pan.jpg"}],"length":{"number":10,"unit":"minutes"}},{"number":5,"step":"Add the coconut milk and simmer for 3 minutes. Stir in the sesame oil, season with salt and pepper and keep warm.","ingredients":[{"id":1102047,"name":"salt and pepper","localizedName":"salt and pepper","image":"salt-and-pepper.jpg"},{"id":12118,"name":"coconut milk","localizedName":"coconut milk","image":"coconut-milk.png"},{"id":4058,"name":"sesame oil","localizedName":"sesame oil","image":"sesame-oil.png"}],"equipment":[],"length":{"number":3,"unit":"minutes"}},{"number":6,"step":"In a skillet, heat the remaining 1 teaspoon of oil until almost smoking. Season the scallops with salt and pepper and sear over high heat until browned on the bottom, about 3 minutes. Turn and cook until browned and almost cooked through, about 2 minutes.","ingredients":[{"id":1102047,"name":"salt and pepper","localizedName":"salt and pepper","image":"salt-and-pepper.jpg"},{"id":10015172,"name":"scallops","localizedName":"scallops","image":"scallops.jpg"},{"id":4582,"name":"cooking oil","localizedName":"cooking oil","image":"vegetable-oil.jpg"}],"equipment":[{"id":404645,"name":"frying pan","localizedName":"frying pan","image":"pan.png"}],"length":{"number":5,"unit":"minutes"}},{"number":7,"step":"In a steamer over a pan of simmering water, cook the shrimp and bok choy until the shrimp are just cooked through and the boy choy is bright green, about 1 minute.","ingredients":[{"id":11116,"name":"bok choy","localizedName":"bok choy","image":"bok-choy.jpg"},{"id":15270,"name":"shrimp","localizedName":"shrimp","image":"shrimp.png"},{"id":14412,"name":"water","localizedName":"water","image":"water.png"}],"equipment":[{"id":404645,"name":"frying pan","localizedName":"frying pan","image":"pan.png"}],"length":{"number":1,"unit":"minutes"}},{"number":8,"step":"Transfer to a plate.","ingredients":[],"equipment":[]},{"number":9,"step":"Add the lobster tails and claws and steam until heated through, about 30 seconds.","ingredients":[{"id":10015147,"name":"lobster tails","localizedName":"lobster tails","image":"lobster-tails.jpg"}],"equipment":[]},{"number":10,"step":"Transfer the coconut broth to a blender and blend for 30 seconds. Put a tomato slice in each of 8 warmed soup plates. Set a scallop on each tomato slice and arrange 1 shrimp, 1 bok choy leaf and 1 lobster claw or tail half alongside. Spoon about 2 tablespoons of the coconut broth into each plate and serve.","ingredients":[{"id":10011116,"name":"bok choy leaves","localizedName":"bok choy leaves","image":"bok-choy.jpg"},{"id":12104,"name":"coconut","localizedName":"coconut","image":"coconut.jpg"},{"id":15147,"name":"lobster","localizedName":"lobster","image":"lobster.png"},{"id":10015172,"name":"scallops","localizedName":"scallops","image":"scallops.jpg"},{"id":15270,"name":"shrimp","localizedName":"shrimp","image":"shrimp.png"},{"id":11529,"name":"tomato","localizedName":"tomato","image":"tomato.png"},{"id":1006615,"name":"broth","localizedName":"broth","image":"chicken-broth.png"},{"id":0,"name":"soup","localizedName":"soup","image":""}],"equipment":[{"id":404726,"name":"blender","localizedName":"blender","image":"blender.png"}]}]}]
