[{"name":"","steps":[{"number":1,"step":"To prepare pot stickers, bring sherry and 1/2 cup water to a boil in a small saucepan.","ingredients":[{"id":99034,"name":"potstickers","localizedName":"potstickers","image":"chinese-dumplings-or-gyoza.jpg"},{"id":10214106,"name":"sherry","localizedName":"sherry","image":"dry-sherry.png"},{"id":14412,"name":"water","localizedName":"water","image":"water.png"}],"equipment":[{"id":404669,"name":"sauce pan","localizedName":"sauce pan","image":"sauce-pan.jpg"},{"id":404752,"name":"pot","localizedName":"pot","image":"stock-pot.jpg"}]},{"number":2,"step":"Remove from heat; add mushrooms. Cover and let stand 30 minutes or until mushrooms are tender.","ingredients":[{"id":11260,"name":"mushrooms","localizedName":"mushrooms","image":"mushrooms.png"}],"equipment":[],"length":{"number":30,"unit":"minutes"}},{"number":3,"step":"Drain and discard liquid. Finely chop mushrooms.","ingredients":[{"id":11260,"name":"mushrooms","localizedName":"mushrooms","image":"mushrooms.png"}],"equipment":[]},{"number":4,"step":"Combine mushrooms, bok choy, and the next 9 ingredients (bok choy through chicken), stirring well.","ingredients":[{"id":11260,"name":"mushrooms","localizedName":"mushrooms","image":"mushrooms.png"},{"id":11116,"name":"bok choy","localizedName":"bok choy","image":"bok-choy.jpg"},{"id":5006,"name":"whole chicken","localizedName":"whole chicken","image":"whole-chicken.jpg"}],"equipment":[]},{"number":5,"step":"Working with 1 wonton wrapper at a time (cover remaining wrappers with a damp towel to prevent drying), spoon about 1 1/2 teaspoons chicken mixture into center of each wrapper. Moisten edges of dough with water; bring 2 opposite corners to center, pinching points to seal. Bring the remaining 2 corners to center, pinching points to seal. Pinch 4 edges together to seal.","ingredients":[{"id":5006,"name":"whole chicken","localizedName":"whole chicken","image":"whole-chicken.jpg"},{"id":0,"name":"dough","localizedName":"dough","image":"pizza-dough"},{"id":14412,"name":"water","localizedName":"water","image":"water.png"}],"equipment":[]},{"number":6,"step":"Place pot stickers on a large baking sheet sprinkled with cornstarch.","ingredients":[{"id":99034,"name":"potstickers","localizedName":"potstickers","image":"chinese-dumplings-or-gyoza.jpg"},{"id":20027,"name":"corn starch","localizedName":"corn starch","image":"white-powder.jpg"}],"equipment":[{"id":404727,"name":"baking sheet","localizedName":"baking sheet","image":"baking-sheet.jpg"},{"id":404752,"name":"pot","localizedName":"pot","image":"stock-pot.jpg"}]},{"number":7,"step":"Heat 2 tablespoons oil in a large nonstick skillet over medium-high heat.","ingredients":[{"id":4582,"name":"cooking oil","localizedName":"cooking oil","image":"vegetable-oil.jpg"}],"equipment":[{"id":404645,"name":"frying pan","localizedName":"frying pan","image":"pan.png"}]},{"number":8,"step":"Add half of pot stickers; cook 2 minutes or until bottoms are golden brown. Carefully add 1/2 cup water to pan; cover and cook 4 minutes. Uncover and cook 3 minutes or until liquid evaporates. Repeat procedure with remaining 2 tablespoons oil, pot stickers, and 1/2 cup water.","ingredients":[{"id":99034,"name":"potstickers","localizedName":"potstickers","image":"chinese-dumplings-or-gyoza.jpg"},{"id":14412,"name":"water","localizedName":"water","image":"water.png"},{"id":4582,"name":"cooking oil","localizedName":"cooking oil","image":"vegetable-oil.jpg"}],"equipment":[{"id":404645,"name":"frying pan","localizedName":"frying pan","image":"pan.png"},{"id":404752,"name":"pot","localizedName":"pot","image":"stock-pot.jpg"}],"length":{"number":9,"unit":"minutes"}},{"number":9,"step":"To prepare sauce, combine mirin and the remaining ingredients.","ingredients":[{"id":93830,"name":"mirin","localizedName":"mirin","image":"mirin.jpg"},{"id":0,"name":"sauce","localizedName":"sauce","image":""}],"equipment":[]},{"number":10,"step":"Serve with the pot stickers.","ingredients":[{"id":99034,"name":"potstickers","localizedName":"potstickers","image":"chinese-dumplings-or-gyoza.jpg"}],"equipment":[{"id":404752,"name":"pot","localizedName":"pot","image":"stock-pot.jpg"}]}]}]
