[{"name":"","steps":[{"number":1,"step":"Soak noodles in cold water to cover 15 minutes.","ingredients":[{"id":20420,"name":"pasta","localizedName":"pasta","image":"fusilli.jpg"},{"id":14412,"name":"water","localizedName":"water","image":"water.png"}],"equipment":[],"length":{"number":15,"unit":"minutes"}},{"number":2,"step":"Drain and cut in half with scissors.","ingredients":[],"equipment":[{"id":404673,"name":"kitchen scissors","localizedName":"kitchen scissors","image":"kitchen-scissors.jpg"}]},{"number":3,"step":"Heat a wok or large heavy skillet over high heat until a bead of water dropped on cooking surface evaporates immediately. Swirl 1 tablespoon peanut oil in wok to coat evenly and heat until just smoking. Stir-fry onion, ginger, and red pepper flakes 1 minute.","ingredients":[{"id":1032009,"name":"red pepper flakes","localizedName":"red pepper flakes","image":"red-pepper-flakes.jpg"},{"id":4042,"name":"peanut oil","localizedName":"peanut oil","image":"peanut-oil.jpg"},{"id":11216,"name":"ginger","localizedName":"ginger","image":"ginger.png"},{"id":11282,"name":"onion","localizedName":"onion","image":"brown-onion.png"},{"id":14412,"name":"water","localizedName":"water","image":"water.png"}],"equipment":[{"id":404645,"name":"frying pan","localizedName":"frying pan","image":"pan.png"},{"id":404666,"name":"wok","localizedName":"wok","image":"wok.png"}],"length":{"number":1,"unit":"minutes"}},{"number":4,"step":"Add mushrooms and stir-fry until just tender, about 2 minutes.","ingredients":[{"id":11260,"name":"mushrooms","localizedName":"mushrooms","image":"mushrooms.png"}],"equipment":[],"length":{"number":2,"unit":"minutes"}},{"number":5,"step":"Transfer mixture to a large bowl and season with salt.","ingredients":[{"id":2047,"name":"salt","localizedName":"salt","image":"salt.jpg"}],"equipment":[{"id":404783,"name":"bowl","localizedName":"bowl","image":"bowl.jpg"}]},{"number":6,"step":"Swirl another tablespoon peanut oil in wok to coat evenly and heat until just smoking. Stir-fry bok choy until barely tender, then add scallions and salt to taste and stir-fry until bok choy is crisp-tender.","ingredients":[{"id":4042,"name":"peanut oil","localizedName":"peanut oil","image":"peanut-oil.jpg"},{"id":11291,"name":"green onions","localizedName":"green onions","image":"spring-onions.jpg"},{"id":11116,"name":"bok choy","localizedName":"bok choy","image":"bok-choy.jpg"},{"id":2047,"name":"salt","localizedName":"salt","image":"salt.jpg"}],"equipment":[{"id":404666,"name":"wok","localizedName":"wok","image":"wok.png"}]},{"number":7,"step":"Add to mushroom mixture.","ingredients":[{"id":11260,"name":"mushrooms","localizedName":"mushrooms","image":"mushrooms.png"}],"equipment":[]},{"number":8,"step":"Pat shrimp dry and season with salt. Swirl remaining tablespoon peanut oil in wok and heat until just smoking. Stir-fry shrimp 2 minutes, or until just cooked through, and transfer to bowl with vegetables.","ingredients":[{"id":4042,"name":"peanut oil","localizedName":"peanut oil","image":"peanut-oil.jpg"},{"id":11583,"name":"vegetable","localizedName":"vegetable","image":"mixed-vegetables.png"},{"id":15270,"name":"shrimp","localizedName":"shrimp","image":"shrimp.png"},{"id":2047,"name":"salt","localizedName":"salt","image":"salt.jpg"}],"equipment":[{"id":404783,"name":"bowl","localizedName":"bowl","image":"bowl.jpg"},{"id":404666,"name":"wok","localizedName":"wok","image":"wok.png"}],"length":{"number":2,"unit":"minutes"}},{"number":9,"step":"Add broth and garlic to wok and bring to a boil. Stir noodles into broth and boil until tender and most of broth is absorbed, 4 to 5 minutes.","ingredients":[{"id":20420,"name":"pasta","localizedName":"pasta","image":"fusilli.jpg"},{"id":11215,"name":"garlic","localizedName":"garlic","image":"garlic.png"},{"id":1006615,"name":"broth","localizedName":"broth","image":"chicken-broth.png"}],"equipment":[{"id":404666,"name":"wok","localizedName":"wok","image":"wok.png"}],"length":{"number":4,"unit":"minutes"}},{"number":10,"step":"Return shrimp and vegetables to wok and stir-fry until heated. Stir in sesame oil, jícama, and salt to taste.","ingredients":[{"id":4058,"name":"sesame oil","localizedName":"sesame oil","image":"sesame-oil.png"},{"id":11583,"name":"vegetable","localizedName":"vegetable","image":"mixed-vegetables.png"},{"id":15270,"name":"shrimp","localizedName":"shrimp","image":"shrimp.png"},{"id":2047,"name":"salt","localizedName":"salt","image":"salt.jpg"}],"equipment":[{"id":404666,"name":"wok","localizedName":"wok","image":"wok.png"}]},{"number":11,"step":"Serve stir-fry sprinkled with cilantro leaves.","ingredients":[{"id":11165,"name":"fresh cilantro","localizedName":"fresh cilantro","image":"cilantro.png"}],"equipment":[]}]}]
