[{"name":"","steps":[{"number":1,"step":"Watch how to make this recipe.","ingredients":[],"equipment":[]},{"number":2,"step":"Preheat oven to 375 degrees F.","ingredients":[],"equipment":[{"id":404784,"name":"oven","localizedName":"oven","image":"oven.jpg","temperature":{"number":375.0,"unit":"Fahrenheit"}}]},{"number":3,"step":"Toss the pumpkin with olive oil and salt and place in a single layer on a sheet tray and bake in the oven until soft, about 20 minutes.","ingredients":[{"id":4053,"name":"olive oil","localizedName":"olive oil","image":"olive-oil.jpg"},{"id":11422,"name":"pumpkin","localizedName":"pumpkin","image":"pumpkin.png"},{"id":2047,"name":"salt","localizedName":"salt","image":"salt.jpg"}],"equipment":[{"id":404784,"name":"oven","localizedName":"oven","image":"oven.jpg"}],"length":{"number":20,"unit":"minutes"}},{"number":4,"step":"Remove from oven and reserve.","ingredients":[],"equipment":[{"id":404784,"name":"oven","localizedName":"oven","image":"oven.jpg"}]},{"number":5,"step":"Bring a large pot of well-salted water to a boil. Set up a bowl of well-salted ice water.","ingredients":[{"id":14412,"name":"water","localizedName":"water","image":"water.png"}],"equipment":[{"id":404783,"name":"bowl","localizedName":"bowl","image":"bowl.jpg"},{"id":404752,"name":"pot","localizedName":"pot","image":"stock-pot.jpg"}]},{"number":6,"step":"Drop the broccoli rabe into the pot of boiling water, swirl it around, remove from the water, and immediately plunge into the salty ice water. Reserve the boiling water to cook the pasta in.","ingredients":[{"id":11096,"name":"broccoli rabe","localizedName":"broccoli rabe","image":"broccoli-rabe.jpg"},{"id":14412,"name":"water","localizedName":"water","image":"water.png"},{"id":20420,"name":"pasta","localizedName":"pasta","image":"fusilli.jpg"}],"equipment":[{"id":404752,"name":"pot","localizedName":"pot","image":"stock-pot.jpg"}]},{"number":7,"step":"Remove the broccoli rabe from the ice water, squeeze out excess water, and reserve.","ingredients":[{"id":11096,"name":"broccoli rabe","localizedName":"broccoli rabe","image":"broccoli-rabe.jpg"},{"id":14412,"name":"water","localizedName":"water","image":"water.png"}],"equipment":[]},{"number":8,"step":"Coat a large saute pan with olive oil and add the pancetta and crushed red pepper. Bring the pan to a medium heat and cook the pancetta until brown and crispy. When the pancetta is brown and crispy add the roasted squash and about 3/4 cup of the broccoli rabe cooking water. Simmer until the water reduces by half.","ingredients":[{"id":1032009,"name":"red pepper flakes","localizedName":"red pepper flakes","image":"red-pepper-flakes.jpg"},{"id":11096,"name":"broccoli rabe","localizedName":"broccoli rabe","image":"broccoli-rabe.jpg"},{"id":4053,"name":"olive oil","localizedName":"olive oil","image":"olive-oil.jpg"},{"id":10410123,"name":"pancetta","localizedName":"pancetta","image":"pancetta.png"},{"id":10011485,"name":"squash","localizedName":"squash","image":"butternut-squash.jpg"},{"id":14412,"name":"water","localizedName":"water","image":"water.png"}],"equipment":[{"id":404645,"name":"frying pan","localizedName":"frying pan","image":"pan.png"}]},{"number":9,"step":"Add the orecchiette to the reserved boiling broccoli rabe water and cook until the pasta is al dente, about 1 minute less than the cooking time says on the box.","ingredients":[{"id":11096,"name":"broccoli rabe","localizedName":"broccoli rabe","image":"broccoli-rabe.jpg"},{"id":10820420,"name":"orecchiette","localizedName":"orecchiette","image":"orecchiette.jpg"},{"id":20420,"name":"pasta","localizedName":"pasta","image":"fusilli.jpg"},{"id":14412,"name":"water","localizedName":"water","image":"water.png"}],"equipment":[],"length":{"number":1,"unit":"minutes"}},{"number":10,"step":"Remove the pasta from the water and add to the pan with the pancetta and squash.","ingredients":[{"id":10410123,"name":"pancetta","localizedName":"pancetta","image":"pancetta.png"},{"id":10011485,"name":"squash","localizedName":"squash","image":"butternut-squash.jpg"},{"id":20420,"name":"pasta","localizedName":"pasta","image":"fusilli.jpg"},{"id":14412,"name":"water","localizedName":"water","image":"water.png"}],"equipment":[{"id":404645,"name":"frying pan","localizedName":"frying pan","image":"pan.png"}]},{"number":11,"step":"Add the broccoli rabe and about a 1/2 cup of the pasta cooking water. Cook until the water has evaporated and the sauce clings to the pasta.","ingredients":[{"id":11096,"name":"broccoli rabe","localizedName":"broccoli rabe","image":"broccoli-rabe.jpg"},{"id":20420,"name":"pasta","localizedName":"pasta","image":"fusilli.jpg"},{"id":0,"name":"sauce","localizedName":"sauce","image":""},{"id":14412,"name":"water","localizedName":"water","image":"water.png"}],"equipment":[]},{"number":12,"step":"Drizzle with olive oil and sprinkle with the grated Parmigiana. Toss or stir vigorously.","ingredients":[{"id":4053,"name":"olive oil","localizedName":"olive oil","image":"olive-oil.jpg"}],"equipment":[]},{"number":13,"step":"Divide the pasta between 2 serving dishes, sprinkle with a little more grated parm, and top with toasted green pumpkin seeds.","ingredients":[{"id":12014,"name":"pumpkin seeds","localizedName":"pumpkin seeds","image":"pumpkin-seeds.jpg"},{"id":20420,"name":"pasta","localizedName":"pasta","image":"fusilli.jpg"}],"equipment":[]},{"number":14,"step":"Delicioso!!","ingredients":[],"equipment":[]}]}]
