[{"name":"Chili Oil Vegetables","steps":[{"number":1,"step":"In a small saute pan, heat the chili and peanut oils.","ingredients":[{"id":16091,"name":"peanuts","localizedName":"peanuts","image":"peanuts.png"},{"id":11819,"name":"chili pepper","localizedName":"chili pepper","image":"red-chili.jpg"}],"equipment":[{"id":404645,"name":"frying pan","localizedName":"frying pan","image":"pan.png"}]},{"number":2,"step":"Add the jalapeno, shallots, cilantro, green onions, and ginger and cook until slightly tender.","ingredients":[{"id":11291,"name":"green onions","localizedName":"green onions","image":"spring-onions.jpg"},{"id":11165,"name":"cilantro","localizedName":"cilantro","image":"cilantro.png"},{"id":11979,"name":"jalapeno pepper","localizedName":"jalapeno pepper","image":"jalapeno-pepper.png"},{"id":11677,"name":"shallot","localizedName":"shallot","image":"shallots.jpg"},{"id":11216,"name":"ginger","localizedName":"ginger","image":"ginger.png"}],"equipment":[]},{"number":3,"step":"Remove from the heat and set aside.","ingredients":[],"equipment":[]}]},{"name":"Marinade","steps":[{"number":1,"step":"Combine the marinade ingredients in a medium bowl and whisk together until thoroughly combined.","ingredients":[{"id":0,"name":"marinade","localizedName":"marinade","image":"seasoning.png"}],"equipment":[{"id":404661,"name":"whisk","localizedName":"whisk","image":"whisk.png"},{"id":404783,"name":"bowl","localizedName":"bowl","image":"bowl.jpg"}]},{"number":2,"step":"Place the steaks in the marinade and refrigerate for 12 hours.","ingredients":[{"id":0,"name":"marinade","localizedName":"marinade","image":"seasoning.png"},{"id":23232,"name":"steak","localizedName":"steak","image":"ribeye-raw.jpg"}],"equipment":[],"length":{"number":720,"unit":"minutes"}},{"number":3,"step":"Heat the grill to high heat.","ingredients":[],"equipment":[{"id":404706,"name":"grill","localizedName":"grill","image":"grill.jpg"}]},{"number":4,"step":"Remove steaks from the marinade and season with a little salt and pepper. Grill to desired temperature, about 2 to 3 minutes per side.","ingredients":[{"id":1102047,"name":"salt and pepper","localizedName":"salt and pepper","image":"salt-and-pepper.jpg"},{"id":0,"name":"marinade","localizedName":"marinade","image":"seasoning.png"},{"id":23232,"name":"steak","localizedName":"steak","image":"ribeye-raw.jpg"}],"equipment":[{"id":404706,"name":"grill","localizedName":"grill","image":"grill.jpg"}],"length":{"number":2,"unit":"minutes"}},{"number":5,"step":"Remove the steaks from the grill and allow to rest. Slice the steaks on a thin bias and set aside.","ingredients":[{"id":23232,"name":"steak","localizedName":"steak","image":"ribeye-raw.jpg"}],"equipment":[{"id":404706,"name":"grill","localizedName":"grill","image":"grill.jpg"}]}]},{"name":"Szechwan Deglaze","steps":[{"number":1,"step":"In a medium bowl, whisk together all the ingredients. Set aside.","ingredients":[],"equipment":[{"id":404661,"name":"whisk","localizedName":"whisk","image":"whisk.png"},{"id":404783,"name":"bowl","localizedName":"bowl","image":"bowl.jpg"}]}]},{"name":"Sauteed Vegetables","steps":[{"number":1,"step":"Heat the peanut oil in a wok or hot saute pan over high heat.","ingredients":[{"id":4042,"name":"peanut oil","localizedName":"peanut oil","image":"peanut-oil.jpg"}],"equipment":[{"id":404645,"name":"frying pan","localizedName":"frying pan","image":"pan.png"},{"id":404666,"name":"wok","localizedName":"wok","image":"wok.png"}]},{"number":2,"step":"Add the mushrooms, asparagus, scallions, bok choy, and red onions, and cook until tender.  Deglaze the vegetables with the Szechwan Deglaze until almost all the liquid is absorbed.To","ingredients":[{"id":10011282,"name":"red onion","localizedName":"red onion","image":"red-onion.png"},{"id":11583,"name":"vegetable","localizedName":"vegetable","image":"mixed-vegetables.png"},{"id":11011,"name":"asparagus","localizedName":"asparagus","image":"asparagus.png"},{"id":11260,"name":"mushrooms","localizedName":"mushrooms","image":"mushrooms.png"},{"id":11291,"name":"green onions","localizedName":"green onions","image":"spring-onions.jpg"},{"id":11116,"name":"bok choy","localizedName":"bok choy","image":"bok-choy.jpg"}],"equipment":[]}]},{"name":"Serve","steps":[{"number":1,"step":"Place some of the Chili Oil Vegetables on individual serving plates. Arrange the steak slices on top of the vegetables.","ingredients":[{"id":11583,"name":"vegetable","localizedName":"vegetable","image":"mixed-vegetables.png"},{"id":1014053,"name":"chili oil","localizedName":"chili oil","image":"chili-oil.jpg"},{"id":23232,"name":"steak","localizedName":"steak","image":"ribeye-raw.jpg"}],"equipment":[]},{"number":2,"step":"Place the","ingredients":[],"equipment":[]},{"number":3,"step":"Sauteed Vegetables over the top.","ingredients":[{"id":11583,"name":"vegetable","localizedName":"vegetable","image":"mixed-vegetables.png"}],"equipment":[]},{"number":4,"step":"Garnish with cilantro and scallions.","ingredients":[{"id":11291,"name":"green onions","localizedName":"green onions","image":"spring-onions.jpg"},{"id":11165,"name":"cilantro","localizedName":"cilantro","image":"cilantro.png"}],"equipment":[]},{"number":5,"step":"Serve immediately.","ingredients":[],"equipment":[]},{"number":6,"step":"Professional Recipe: This recipe was provided by a chef, restaurant or culinary professional and makes a large quantity. The Food Network Kitchens chefs have not tested this recipe in the proportions indicated and therefore cannot make any representation as to the results.","ingredients":[],"equipment":[]}]}]
