[{"name":"","steps":[{"number":1,"step":"Cook orecchiette in large pot of boiling salted water until pasta is tender but still firm to bite.","ingredients":[{"id":10820420,"name":"orecchiette","localizedName":"orecchiette","image":"orecchiette.jpg"},{"id":20420,"name":"pasta","localizedName":"pasta","image":"fusilli.jpg"},{"id":14412,"name":"water","localizedName":"water","image":"water.png"}],"equipment":[{"id":404752,"name":"pot","localizedName":"pot","image":"stock-pot.jpg"}]},{"number":2,"step":"Drain pasta, reserving 1 cup cooking liquid.","ingredients":[{"id":20420,"name":"pasta","localizedName":"pasta","image":"fusilli.jpg"}],"equipment":[]},{"number":3,"step":"Meanwhile, melt butter with olive oil in another large pot over high heat.","ingredients":[{"id":4053,"name":"olive oil","localizedName":"olive oil","image":"olive-oil.jpg"},{"id":1001,"name":"butter","localizedName":"butter","image":"butter-sliced.jpg"}],"equipment":[{"id":404752,"name":"pot","localizedName":"pot","image":"stock-pot.jpg"}]},{"number":4,"step":"Add garlic and stir 30 seconds.","ingredients":[{"id":11215,"name":"garlic","localizedName":"garlic","image":"garlic.png"}],"equipment":[]},{"number":5,"step":"Add garbanzo beans and sauté until garbanzo beans are beginning to color, about 8 minutes.","ingredients":[{"id":16057,"name":"chickpeas","localizedName":"chickpeas","image":"chickpeas.png"}],"equipment":[],"length":{"number":8,"unit":"minutes"}},{"number":6,"step":"Add half of sliced fresh sage and sauté 1 minute to blend flavors.","ingredients":[{"id":99226,"name":"fresh sage","localizedName":"fresh sage","image":"fresh-sage.png"}],"equipment":[],"length":{"number":1,"unit":"minutes"}},{"number":7,"step":"Add broccoli rabe, wine, and 1/2 cup reserved cooking liquid to pot. Cover and simmer until broccoli rabe is crisp-tender, about 5 minutes. Uncover and add pasta, remaining sage, and Parmesan cheese; toss to combine.","ingredients":[{"id":1033,"name":"parmesan","localizedName":"parmesan","image":"parmesan.jpg"},{"id":11096,"name":"broccoli rabe","localizedName":"broccoli rabe","image":"broccoli-rabe.jpg"},{"id":20420,"name":"pasta","localizedName":"pasta","image":"fusilli.jpg"},{"id":99226,"name":"sage","localizedName":"sage","image":"fresh-sage.png"},{"id":14084,"name":"wine","localizedName":"wine","image":"red-wine.jpg"}],"equipment":[{"id":404752,"name":"pot","localizedName":"pot","image":"stock-pot.jpg"}],"length":{"number":5,"unit":"minutes"}},{"number":8,"step":"Mix in more of reserved cooking liquid by tablespoonfuls if pasta is dry. Season to taste with salt and pepper.","ingredients":[{"id":1102047,"name":"salt and pepper","localizedName":"salt and pepper","image":"salt-and-pepper.jpg"},{"id":20420,"name":"pasta","localizedName":"pasta","image":"fusilli.jpg"}],"equipment":[]},{"number":9,"step":"Transfer to large bowl and serve.","ingredients":[],"equipment":[{"id":404783,"name":"bowl","localizedName":"bowl","image":"bowl.jpg"}]}]}]
