[{"name":"For duck","steps":[{"number":1,"step":"Boil plum wine in heavy medium saucepan until syrupy and reduced to generous 1/3 cup, about 16 minutes. (Can be made 1 day ahead.","ingredients":[{"id":9279,"name":"plum","localizedName":"plum","image":"plum.jpg"},{"id":14084,"name":"wine","localizedName":"wine","image":"red-wine.jpg"}],"equipment":[{"id":404669,"name":"sauce pan","localizedName":"sauce pan","image":"sauce-pan.jpg"}],"length":{"number":16,"unit":"minutes"}},{"number":2,"step":"Let stand at room temperature. Rewarm over low heat before using.)","ingredients":[],"equipment":[]},{"number":3,"step":"Using heavy large knife, cut each duck lengthwise in half.","ingredients":[{"id":5139,"name":"whole duck","localizedName":"whole duck","image":"duck.png"}],"equipment":[{"id":404745,"name":"knife","localizedName":"knife","image":"chefs-knife.jpg"}]},{"number":4,"step":"Cut away backbone.","ingredients":[],"equipment":[]},{"number":5,"step":"Cut off leg-thigh pieces, then cut off breast pieces; trim excess fat.","ingredients":[],"equipment":[]},{"number":6,"step":"Remove bones from breast pieces.","ingredients":[],"equipment":[]},{"number":7,"step":"Transfer leg-thigh pieces and breast pieces to platter (reserve remaining duck trimmings for another use).","ingredients":[{"id":5139,"name":"whole duck","localizedName":"whole duck","image":"duck.png"}],"equipment":[]},{"number":8,"step":"Preheat oven to 375°F.","ingredients":[],"equipment":[{"id":404784,"name":"oven","localizedName":"oven","image":"oven.jpg","temperature":{"number":375.0,"unit":"Fahrenheit"}}]},{"number":9,"step":"Mix Chinese five-spice powder, salt, ground black pepper, and ground ginger in small bowl. Rub spice mixture all over duck pieces.","ingredients":[{"id":1002030,"name":"ground black pepper","localizedName":"ground black pepper","image":"pepper.jpg"},{"id":2021,"name":"ginger powder","localizedName":"ginger powder","image":"ginger.png"},{"id":5139,"name":"whole duck","localizedName":"whole duck","image":"duck.png"},{"id":2047,"name":"salt","localizedName":"salt","image":"salt.jpg"},{"id":1012034,"name":"dry seasoning rub","localizedName":"dry seasoning rub","image":"seasoning.png"}],"equipment":[{"id":404783,"name":"bowl","localizedName":"bowl","image":"bowl.jpg"}]},{"number":10,"step":"Heat olive oil in heavy large ovenproof skillet over medium-high heat.","ingredients":[{"id":4053,"name":"olive oil","localizedName":"olive oil","image":"olive-oil.jpg"}],"equipment":[{"id":404645,"name":"frying pan","localizedName":"frying pan","image":"pan.png"}]},{"number":11,"step":"Add leg-thigh pieces and cook until deep brown, about 4 minutes per side. Cover skillet and roast duck in oven until cooked through, about 45 minutes.","ingredients":[{"id":5139,"name":"whole duck","localizedName":"whole duck","image":"duck.png"}],"equipment":[{"id":404645,"name":"frying pan","localizedName":"frying pan","image":"pan.png"},{"id":404784,"name":"oven","localizedName":"oven","image":"oven.jpg"}],"length":{"number":49,"unit":"minutes"}},{"number":12,"step":"Transfer duck to plate; cover with foil to keep warm.","ingredients":[{"id":5139,"name":"whole duck","localizedName":"whole duck","image":"duck.png"}],"equipment":[{"id":404765,"name":"aluminum foil","localizedName":"aluminum foil","image":"aluminum-foil.png"}]},{"number":13,"step":"Heat same skillet over medium-high heat.","ingredients":[],"equipment":[{"id":404645,"name":"frying pan","localizedName":"frying pan","image":"pan.png"}]},{"number":14,"step":"Add duck breasts to skillet; cook to desired doneness, about 10 minutes per side for medium.","ingredients":[{"id":98912,"name":"duck breast","localizedName":"duck breast","image":"duck-breast.png"}],"equipment":[{"id":404645,"name":"frying pan","localizedName":"frying pan","image":"pan.png"}],"length":{"number":10,"unit":"minutes"}}]},{"name":"Meanwhile, prepare ravioli","steps":[{"number":1,"step":"Cook ravioli in large pot of boiling salted water until tender but still firm to bite, stirring occasionally.","ingredients":[{"id":93832,"name":"ravioli","localizedName":"ravioli","image":"ravioli.png"},{"id":14412,"name":"water","localizedName":"water","image":"water.png"}],"equipment":[{"id":404752,"name":"pot","localizedName":"pot","image":"stock-pot.jpg"}]},{"number":2,"step":"Drain. Cook bacon in heavy large skillet over medium heat until crisp, about 8 minutes.","ingredients":[{"id":10123,"name":"bacon","localizedName":"bacon","image":"raw-bacon.png"}],"equipment":[{"id":404645,"name":"frying pan","localizedName":"frying pan","image":"pan.png"}],"length":{"number":8,"unit":"minutes"}},{"number":3,"step":"Transfer bacon to paper towels. Discard all but 2 tablespoons drippings in skillet.","ingredients":[{"id":10123,"name":"bacon","localizedName":"bacon","image":"raw-bacon.png"}],"equipment":[{"id":405895,"name":"paper towels","localizedName":"paper towels","image":"paper-towels.jpg"},{"id":404645,"name":"frying pan","localizedName":"frying pan","image":"pan.png"}]},{"number":4,"step":"Add onion to skillet; sauté until tender and golden, about 12 minutes.","ingredients":[{"id":11282,"name":"onion","localizedName":"onion","image":"brown-onion.png"}],"equipment":[{"id":404645,"name":"frying pan","localizedName":"frying pan","image":"pan.png"}],"length":{"number":12,"unit":"minutes"}},{"number":5,"step":"Add butter, then broccoli rabe and sauté just until broccoli rabe begins to wilt.","ingredients":[{"id":11096,"name":"broccoli rabe","localizedName":"broccoli rabe","image":"broccoli-rabe.jpg"},{"id":1001,"name":"butter","localizedName":"butter","image":"butter-sliced.jpg"}],"equipment":[]},{"number":6,"step":"Add ravioli; stir until heated through. Stir in bacon. Season with salt and pepper. Divide ravioli mixture among 4 plates. Arrange duck leg-thigh pieces atop ravioli. Thinly slice duck breasts and fan out alongside.","ingredients":[{"id":1102047,"name":"salt and pepper","localizedName":"salt and pepper","image":"salt-and-pepper.jpg"},{"id":98912,"name":"duck breast","localizedName":"duck breast","image":"duck-breast.png"},{"id":5317,"name":"duck leg","localizedName":"duck leg","image":"duck-legs.jpg"},{"id":93832,"name":"ravioli","localizedName":"ravioli","image":"ravioli.png"},{"id":10123,"name":"bacon","localizedName":"bacon","image":"raw-bacon.png"}],"equipment":[]},{"number":7,"step":"Drizzle with reduced plum wine syrup and serve.","ingredients":[{"id":0,"name":"syrup","localizedName":"syrup","image":""},{"id":9279,"name":"plum","localizedName":"plum","image":"plum.jpg"},{"id":14084,"name":"wine","localizedName":"wine","image":"red-wine.jpg"}],"equipment":[]},{"number":8,"step":"*Plum wine is available at Asian markets, liquor stores, and in the liquor section of some supermarkets.","ingredients":[{"id":14037,"name":"liquor","localizedName":"liquor","image":"rum-dark.jpg"},{"id":9279,"name":"plum","localizedName":"plum","image":"plum.jpg"},{"id":14084,"name":"wine","localizedName":"wine","image":"red-wine.jpg"}],"equipment":[]},{"number":9,"step":"**Chinese five-spice powder is a spice blend that usually contains ground anise, cinnamon, star anise, cloves, and ginger; available in the spice section of most supermarkets.","ingredients":[{"id":0,"name":"ground anise","localizedName":"ground anise","image":"aniseed-or-anise.jpg"},{"id":1032027,"name":"seasoning mix","localizedName":"seasoning mix","image":"seasoning.png"},{"id":1012002,"name":"star anise","localizedName":"star anise","image":"star-anise.jpg"},{"id":2010,"name":"cinnamon","localizedName":"cinnamon","image":"cinnamon.jpg"},{"id":1002011,"name":"clove","localizedName":"clove","image":"cloves.jpg"},{"id":11216,"name":"ginger","localizedName":"ginger","image":"ginger.png"}],"equipment":[]}]}]
