[{"name":"","steps":[{"number":1,"step":"In a bowl, marinate the pork with the beans, 2 tablespoons of the soy sauce and 1 teaspoon of the sambal for 30 minutes.","ingredients":[{"id":16124,"name":"soy sauce","localizedName":"soy sauce","image":"soy-sauce.jpg"},{"id":0,"name":"beans","localizedName":"beans","image":"kidney-beans.jpg"},{"id":10010219,"name":"pork","localizedName":"pork","image":"pork-tenderloin-raw.png"}],"equipment":[{"id":404783,"name":"bowl","localizedName":"bowl","image":"bowl.jpg"}],"length":{"number":30,"unit":"minutes"}},{"number":2,"step":"In a saucepan, simmer the chicken stock with the ginger, sugar, one-third of the garlic and the remaining 2 tablespoons of soy sauce and 1/2 teaspoon of sambal over low heat until reduced to 1/2 cup, 15 minutes.","ingredients":[{"id":6172,"name":"chicken stock","localizedName":"chicken stock","image":"chicken-broth.png"},{"id":16124,"name":"soy sauce","localizedName":"soy sauce","image":"soy-sauce.jpg"},{"id":11215,"name":"garlic","localizedName":"garlic","image":"garlic.png"},{"id":11216,"name":"ginger","localizedName":"ginger","image":"ginger.png"},{"id":19335,"name":"sugar","localizedName":"sugar","image":"sugar-in-bowl.png"}],"equipment":[{"id":404669,"name":"sauce pan","localizedName":"sauce pan","image":"sauce-pan.jpg"}],"length":{"number":15,"unit":"minutes"}},{"number":3,"step":"Boil the squash in a large saucepan of salted water until just tender, 5 minutes; transfer to a plate. Boil the noodles in the water until al dente; drain and rinse.","ingredients":[{"id":20420,"name":"pasta","localizedName":"pasta","image":"fusilli.jpg"},{"id":10011485,"name":"squash","localizedName":"squash","image":"butternut-squash.jpg"},{"id":14412,"name":"water","localizedName":"water","image":"water.png"}],"equipment":[{"id":404669,"name":"sauce pan","localizedName":"sauce pan","image":"sauce-pan.jpg"}],"length":{"number":5,"unit":"minutes"}},{"number":4,"step":"In a wok, stir-fry the shallots and the remaining garlic in the oil, 2 minutes.","ingredients":[{"id":11677,"name":"shallot","localizedName":"shallot","image":"shallots.jpg"},{"id":11215,"name":"garlic","localizedName":"garlic","image":"garlic.png"},{"id":4582,"name":"cooking oil","localizedName":"cooking oil","image":"vegetable-oil.jpg"}],"equipment":[{"id":404666,"name":"wok","localizedName":"wok","image":"wok.png"}],"length":{"number":2,"unit":"minutes"}},{"number":5,"step":"Add the pork mixture and stir-fry until the meat is just white throughout.","ingredients":[{"id":1065062,"name":"meat","localizedName":"meat","image":"whole-chicken.jpg"},{"id":10010219,"name":"pork","localizedName":"pork","image":"pork-tenderloin-raw.png"}],"equipment":[]},{"number":6,"step":"Add the cockles; pour in the ginger sauce and simmer until the cockles open, 2 minutes. Stir in the noodles, squash and bok choy and serve.","ingredients":[{"id":11116,"name":"bok choy","localizedName":"bok choy","image":"bok-choy.jpg"},{"id":35028,"name":"cockles","localizedName":"cockles","image":"cockles.jpg"},{"id":20420,"name":"pasta","localizedName":"pasta","image":"fusilli.jpg"},{"id":11216,"name":"ginger","localizedName":"ginger","image":"ginger.png"},{"id":10011485,"name":"squash","localizedName":"squash","image":"butternut-squash.jpg"},{"id":0,"name":"sauce","localizedName":"sauce","image":""}],"equipment":[],"length":{"number":2,"unit":"minutes"}}]}]
