[{"name":"","steps":[{"number":1,"step":"Preheat the broiler.","ingredients":[],"equipment":[{"id":405914,"name":"broiler","localizedName":"broiler","image":"oven.jpg"}]},{"number":2,"step":"Tear the cabbage and slice the onions, and place in a large salad bowl. Crumble the noodles into a broiler pan, add the almonds, sesame seeds, and broil for 2 minutes, being careful not to scorch the sesame seeds. In a jar with a tight lid, combine the oil, sugar, vinegar, and salt with the contents of the seasoning pack. Cover the jar and shake well to blend the dressing.","ingredients":[{"id":12023,"name":"sesame seeds","localizedName":"sesame seeds","image":"sesame-seeds.png"},{"id":1042027,"name":"seasoning","localizedName":"seasoning","image":"seasoning.png"},{"id":12061,"name":"almonds","localizedName":"almonds","image":"almonds.jpg"},{"id":11109,"name":"cabbage","localizedName":"cabbage","image":"cabbage.jpg"},{"id":20420,"name":"pasta","localizedName":"pasta","image":"fusilli.jpg"},{"id":2053,"name":"vinegar","localizedName":"vinegar","image":"vinegar-(white).jpg"},{"id":11282,"name":"onion","localizedName":"onion","image":"brown-onion.png"},{"id":0,"name":"shake","localizedName":"shake","image":""},{"id":19335,"name":"sugar","localizedName":"sugar","image":"sugar-in-bowl.png"},{"id":2047,"name":"salt","localizedName":"salt","image":"salt.jpg"},{"id":4582,"name":"cooking oil","localizedName":"cooking oil","image":"vegetable-oil.jpg"}],"equipment":[{"id":404698,"name":"broiler pan","localizedName":"broiler pan","image":"broiler-pan.jpg"},{"id":404783,"name":"bowl","localizedName":"bowl","image":"bowl.jpg"}],"length":{"number":2,"unit":"minutes"}},{"number":3,"step":"Pour the dressing over the salad, add the toasted sesame and almond, and toss to combine.","ingredients":[{"id":12061,"name":"almonds","localizedName":"almonds","image":"almonds.jpg"},{"id":12023,"name":"sesame seeds","localizedName":"sesame seeds","image":"sesame-seeds.png"}],"equipment":[]}]}]
