[{"name":"","steps":[{"number":1,"step":"In a small saucepan add 2 tablespoons olive oil, ginger and garlic, lightly saute until lightly brown.","ingredients":[{"id":4053,"name":"olive oil","localizedName":"olive oil","image":"olive-oil.jpg"},{"id":11215,"name":"garlic","localizedName":"garlic","image":"garlic.png"},{"id":11216,"name":"ginger","localizedName":"ginger","image":"ginger.png"}],"equipment":[{"id":404669,"name":"sauce pan","localizedName":"sauce pan","image":"sauce-pan.jpg"}]},{"number":2,"step":"Add brown sugar, soy sauce, and mirin.","ingredients":[{"id":19334,"name":"brown sugar","localizedName":"brown sugar","image":"dark-brown-sugar.png"},{"id":16124,"name":"soy sauce","localizedName":"soy sauce","image":"soy-sauce.jpg"},{"id":93830,"name":"mirin","localizedName":"mirin","image":"mirin.jpg"}],"equipment":[]},{"number":3,"step":"Saute for 5 minutes and remove from heat. When cool whisk in olive oil, sesame oil and rice wine vinegar.","ingredients":[{"id":1022053,"name":"rice vinegar","localizedName":"rice vinegar","image":"rice-vinegar.png"},{"id":4058,"name":"sesame oil","localizedName":"sesame oil","image":"sesame-oil.png"},{"id":4053,"name":"olive oil","localizedName":"olive oil","image":"olive-oil.jpg"}],"equipment":[{"id":404661,"name":"whisk","localizedName":"whisk","image":"whisk.png"}],"length":{"number":5,"unit":"minutes"}},{"number":4,"step":"Mix all vegetables in a bowl and toss with dressing.","ingredients":[{"id":11583,"name":"vegetable","localizedName":"vegetable","image":"mixed-vegetables.png"}],"equipment":[{"id":404783,"name":"bowl","localizedName":"bowl","image":"bowl.jpg"}]},{"number":5,"step":"Garnish with crushed wontons and peanuts.","ingredients":[{"id":16091,"name":"peanuts","localizedName":"peanuts","image":"peanuts.png"}],"equipment":[]}]}]
