[{"name":"","steps":[{"number":1,"step":"Meanwhile, pour about 1/3 of the coconut milk into a small saucepan and heat just until hot. Stir in the curry paste and, using a spoon, mash it into the coconut milk. Once it is combined well, add it to the vegetables and tofu, stir well, then add the rest of the coconut milk to the pot.","ingredients":[{"id":12118,"name":"coconut milk","localizedName":"coconut milk","image":"coconut-milk.png"},{"id":93605,"name":"curry paste","localizedName":"curry paste","image":"chili-paste.png"},{"id":11583,"name":"vegetable","localizedName":"vegetable","image":"mixed-vegetables.png"},{"id":16213,"name":"tofu","localizedName":"tofu","image":"tofu.png"}],"equipment":[{"id":404669,"name":"sauce pan","localizedName":"sauce pan","image":"sauce-pan.jpg"},{"id":404752,"name":"pot","localizedName":"pot","image":"stock-pot.jpg"}]},{"number":2,"step":"Add the brown sugar, the bok choy stems, and the soy sauce. Stir everything together, lower the heat, and allow to cook until the flavors are well blended, about 15 minutes. A few minutes before serving, stir in the cilantro and the bok choy leaves. Allow to wilt slightly.","ingredients":[{"id":10011116,"name":"bok choy leaves","localizedName":"bok choy leaves","image":"bok-choy.jpg"},{"id":19334,"name":"brown sugar","localizedName":"brown sugar","image":"dark-brown-sugar.png"},{"id":16124,"name":"soy sauce","localizedName":"soy sauce","image":"soy-sauce.jpg"},{"id":11116,"name":"bok choy","localizedName":"bok choy","image":"bok-choy.jpg"},{"id":11165,"name":"cilantro","localizedName":"cilantro","image":"cilantro.png"}],"equipment":[],"length":{"number":15,"unit":"minutes"}},{"number":3,"step":"Serve over jasmine rice.","ingredients":[{"id":10120444,"name":"jasmine rice","localizedName":"jasmine rice","image":"rice-jasmine-cooked.jpg"}],"equipment":[]}]}]
