[{"name":"For sauce","steps":[{"number":1,"step":"Place tamarind square in small bowl. Cover with boiling water and let stand until pulp softens, breaking apart occasionally with fork, about 45 minutes. Using slotted spoon, transfer tamarind pulp with seeds to strainer set over medium bowl. Press pulp through sieve, leaving seeds behind. Measure 2 teaspoons pulp for sauce (discard remaining pulp).","ingredients":[{"id":1009322,"name":"tamarind pulp","localizedName":"tamarind pulp","image":"Belacan-or-shrimp-paste-or-tamarind-pulp.jpg"},{"id":1019322,"name":"tamarind","localizedName":"tamarind","image":"tamarind.png"},{"id":0,"name":"sauce","localizedName":"sauce","image":""},{"id":93818,"name":"seeds","localizedName":"seeds","image":"sunflower-seeds.jpg"},{"id":14412,"name":"water","localizedName":"water","image":"water.png"}],"equipment":[{"id":404636,"name":"slotted spoon","localizedName":"slotted spoon","image":"slotted-spoon.jpg"},{"id":405600,"name":"sieve","localizedName":"sieve","image":"strainer.png"},{"id":404783,"name":"bowl","localizedName":"bowl","image":"bowl.jpg"}],"length":{"number":45,"unit":"minutes"}},{"number":2,"step":"Cook squash in medium saucepan of boiling salted water until tender, about 8 minutes.","ingredients":[{"id":10011485,"name":"squash","localizedName":"squash","image":"butternut-squash.jpg"},{"id":14412,"name":"water","localizedName":"water","image":"water.png"}],"equipment":[{"id":404669,"name":"sauce pan","localizedName":"sauce pan","image":"sauce-pan.jpg"}],"length":{"number":8,"unit":"minutes"}},{"number":3,"step":"Drain squash. Return to same saucepan and mash to smooth puree.","ingredients":[{"id":10011485,"name":"squash","localizedName":"squash","image":"butternut-squash.jpg"}],"equipment":[{"id":404669,"name":"sauce pan","localizedName":"sauce pan","image":"sauce-pan.jpg"}]},{"number":4,"step":"Cook guajillo chiles in medium saucepan of boiling water until tender, about 15 minutes.","ingredients":[{"id":10011962,"name":"guajillo pepper","localizedName":"guajillo pepper","image":"guajillo-chiles.jpg"},{"id":14412,"name":"water","localizedName":"water","image":"water.png"}],"equipment":[{"id":404669,"name":"sauce pan","localizedName":"sauce pan","image":"sauce-pan.jpg"}],"length":{"number":15,"unit":"minutes"}},{"number":5,"step":"Drain, cool, stem, and seed chiles.","ingredients":[{"id":11819,"name":"chili pepper","localizedName":"chili pepper","image":"red-chili.jpg"}],"equipment":[]},{"number":6,"step":"Place chiles in blender.","ingredients":[{"id":11819,"name":"chili pepper","localizedName":"chili pepper","image":"red-chili.jpg"}],"equipment":[{"id":404726,"name":"blender","localizedName":"blender","image":"blender.png"}]},{"number":7,"step":"Add 1/2 cup water, lemongrass, shallot, ginger, garlic, and lime peel. Puree until chile paste is smooth.","ingredients":[{"id":6973,"name":"chili paste","localizedName":"chili paste","image":"chili-paste.png"},{"id":11972,"name":"lemon grass","localizedName":"lemon grass","image":"lemongrass.png"},{"id":1009159,"name":"lime peel","localizedName":"lime peel","image":"zest-lime.jpg"},{"id":11677,"name":"shallot","localizedName":"shallot","image":"shallots.jpg"},{"id":11215,"name":"garlic","localizedName":"garlic","image":"garlic.png"},{"id":11216,"name":"ginger","localizedName":"ginger","image":"ginger.png"},{"id":14412,"name":"water","localizedName":"water","image":"water.png"}],"equipment":[]},{"number":8,"step":"Transfer paste to medium saucepan.","ingredients":[],"equipment":[{"id":404669,"name":"sauce pan","localizedName":"sauce pan","image":"sauce-pan.jpg"}]},{"number":9,"step":"Whisk in coconut milk, fish sauce, brown sugar, and 2 teaspoons tamarind pulp.","ingredients":[{"id":1009322,"name":"tamarind pulp","localizedName":"tamarind pulp","image":"Belacan-or-shrimp-paste-or-tamarind-pulp.jpg"},{"id":12118,"name":"coconut milk","localizedName":"coconut milk","image":"coconut-milk.png"},{"id":19334,"name":"brown sugar","localizedName":"brown sugar","image":"dark-brown-sugar.png"},{"id":6179,"name":"fish sauce","localizedName":"fish sauce","image":"asian-fish-sauce.jpg"}],"equipment":[{"id":404661,"name":"whisk","localizedName":"whisk","image":"whisk.png"}]},{"number":10,"step":"Add kabocha squash puree and bring to simmer, whisking often. Simmer until sauce is slightly thickened and flavors blend, whisking occasionally, about 4 minutes. Season sauce to taste with salt. (Can be made 3 days ahead. Cover and chill.)","ingredients":[{"id":10311643,"name":"kabocha squash","localizedName":"kabocha squash","image":"kabocha.jpg"},{"id":0,"name":"sauce","localizedName":"sauce","image":""},{"id":2047,"name":"salt","localizedName":"salt","image":"salt.jpg"}],"equipment":[{"id":404661,"name":"whisk","localizedName":"whisk","image":"whisk.png"}],"length":{"number":4,"unit":"minutes"}}]},{"name":"For vegetables","steps":[{"number":1,"step":"Bring medium pot of water to boil; salt generously.","ingredients":[{"id":14412,"name":"water","localizedName":"water","image":"water.png"},{"id":2047,"name":"salt","localizedName":"salt","image":"salt.jpg"}],"equipment":[{"id":404752,"name":"pot","localizedName":"pot","image":"stock-pot.jpg"}]},{"number":2,"step":"Add snow peas and cook just until crisp-tender, about 15 seconds. Using large slotted spoon, transfer peas to colander. Rinse with cold water and drain well. Repeat cooking, rinsing, and draining with each remaining vegetable in separate batches in same pot of boiling salted water until vegetables are just crisp-tender, about 1 minute for asparagus, about 3 minutes for eggplant and zucchini, and about 1 minute for bok choy leaves. Pat snow peas dry; cut on diagonal into thin strips. (Vegetables can be made 2 hours ahead.","ingredients":[{"id":10011116,"name":"bok choy leaves","localizedName":"bok choy leaves","image":"bok-choy.jpg"},{"id":11583,"name":"vegetable","localizedName":"vegetable","image":"mixed-vegetables.png"},{"id":11011,"name":"asparagus","localizedName":"asparagus","image":"asparagus.png"},{"id":11300,"name":"snow peas","localizedName":"snow peas","image":"snow-peas.jpg"},{"id":11209,"name":"eggplant","localizedName":"eggplant","image":"eggplant.png"},{"id":11477,"name":"zucchini","localizedName":"zucchini","image":"zucchini.jpg"},{"id":14412,"name":"water","localizedName":"water","image":"water.png"},{"id":11304,"name":"peas","localizedName":"peas","image":"peas.jpg"}],"equipment":[{"id":404636,"name":"slotted spoon","localizedName":"slotted spoon","image":"slotted-spoon.jpg"},{"id":404639,"name":"colander","localizedName":"colander","image":"colander.jpg"},{"id":404752,"name":"pot","localizedName":"pot","image":"stock-pot.jpg"}],"length":{"number":125,"unit":"minutes"}},{"number":3,"step":"Let stand at room temperature.)","ingredients":[],"equipment":[]},{"number":4,"step":"Heat oil in heavy large pot over high heat.","ingredients":[{"id":4582,"name":"cooking oil","localizedName":"cooking oil","image":"vegetable-oil.jpg"}],"equipment":[{"id":404752,"name":"pot","localizedName":"pot","image":"stock-pot.jpg"}]},{"number":5,"step":"Add vegetables and toss until heated through, about 4 minutes. Season vegetables with salt and pepper.","ingredients":[{"id":1102047,"name":"salt and pepper","localizedName":"salt and pepper","image":"salt-and-pepper.jpg"},{"id":11583,"name":"vegetable","localizedName":"vegetable","image":"mixed-vegetables.png"}],"equipment":[],"length":{"number":4,"unit":"minutes"}},{"number":6,"step":"Bring sauce to simmer. Spoon 1/3 cup in center of each of 6 plates. Mound 1/16 of vegetables on each plate and serve.","ingredients":[{"id":11583,"name":"vegetable","localizedName":"vegetable","image":"mixed-vegetables.png"},{"id":0,"name":"sauce","localizedName":"sauce","image":""}],"equipment":[]},{"number":7,"step":"*Tamarind is a legume with large brown seedpods. The pulp is used in Indian, Thai, Caribbean, and Latin American cooking. The pulp is sold in block form and is available at Indian markets.","ingredients":[{"id":1019322,"name":"tamarind","localizedName":"tamarind","image":"tamarind.png"}],"equipment":[]},{"number":8,"step":"**Guajillo chiles are maroon-colored, fairly hot dried chiles up to 6 inches long and 1 1/2 inches wide. Available at Latin American markets and some supermarkets.","ingredients":[{"id":10011962,"name":"guajillo pepper","localizedName":"guajillo pepper","image":"guajillo-chiles.jpg"},{"id":10111962,"name":"dried chili pepper","localizedName":"dried chili pepper","image":"dried-arbol-chiles.jpg"}],"equipment":[]},{"number":9,"step":"**Guajillo chiles are maroon-colored, fairly hot dried chiles up to 6 inches long and 1 1/2 inches wide. Available at Latin American markets and some supermarkets. ***Found at Asian markets and in the Asian foods section of many supermarkets.","ingredients":[{"id":10011962,"name":"guajillo pepper","localizedName":"guajillo pepper","image":"guajillo-chiles.jpg"},{"id":10111962,"name":"dried chili pepper","localizedName":"dried chili pepper","image":"dried-arbol-chiles.jpg"}],"equipment":[]}]}]
