[{"name":"","steps":[{"number":1,"step":"For the beef: Preheat the oven to 300 degrees F.","ingredients":[{"id":23572,"name":"beef","localizedName":"beef","image":"beef-cubes-raw.png"}],"equipment":[{"id":404784,"name":"oven","localizedName":"oven","image":"oven.jpg","temperature":{"number":300.0,"unit":"Fahrenheit"}}]},{"number":2,"step":"Sprinkle the roast liberally with salt and pepper. In a heavy-bottomed roasting pan over high heat, heat the grapeseed oil until shimmering.","ingredients":[{"id":1102047,"name":"salt and pepper","localizedName":"salt and pepper","image":"salt-and-pepper.jpg"},{"id":4517,"name":"grape seed oil","localizedName":"grape seed oil","image":"vegetable-oil.jpg"}],"equipment":[{"id":404629,"name":"roasting pan","localizedName":"roasting pan","image":"roasting-pan.jpg"}]},{"number":3,"step":"Add the roast and sear all sides until a golden crust forms, about 10 minutes.","ingredients":[{"id":0,"name":"crust","localizedName":"crust","image":""}],"equipment":[],"length":{"number":10,"unit":"minutes"}},{"number":4,"step":"Remove and set aside on a sheet tray.","ingredients":[],"equipment":[]},{"number":5,"step":"Add the garlic, onions, dried Italian seasoning and red pepper flakes.","ingredients":[{"id":1022027,"name":"italian seasoning","localizedName":"italian seasoning","image":"dried-herbs.png"},{"id":1032009,"name":"red pepper flakes","localizedName":"red pepper flakes","image":"red-pepper-flakes.jpg"},{"id":11215,"name":"garlic","localizedName":"garlic","image":"garlic.png"},{"id":11282,"name":"onion","localizedName":"onion","image":"brown-onion.png"}],"equipment":[]},{"number":6,"step":"Saute until caramelized.","ingredients":[],"equipment":[]},{"number":7,"step":"Add the wine and deglaze, scraping the bottom.","ingredients":[{"id":14084,"name":"wine","localizedName":"wine","image":"red-wine.jpg"}],"equipment":[]},{"number":8,"step":"Add the stock, thyme, salt and pepper, to taste, and bring to a simmer. Return the roast to the pan and any accumulated juices from the sheet tray. Roast in the oven, turning every 20 minutes, until the internal temperature of the meat registers 125 degrees F, 1 hour 30 minutes to 2 hours. While the roast is cooking, start on the garnishes.","ingredients":[{"id":1102047,"name":"salt and pepper","localizedName":"salt and pepper","image":"salt-and-pepper.jpg"},{"id":1006615,"name":"stock","localizedName":"stock","image":"chicken-broth.png"},{"id":2049,"name":"thyme","localizedName":"thyme","image":"thyme.jpg"},{"id":1065062,"name":"meat","localizedName":"meat","image":"whole-chicken.jpg"}],"equipment":[{"id":404784,"name":"oven","localizedName":"oven","image":"oven.jpg","temperature":{"number":125.0,"unit":"Fahrenheit"}},{"id":404645,"name":"frying pan","localizedName":"frying pan","image":"pan.png"}],"length":{"number":230,"unit":"minutes"}}]},{"name":"For the chips","steps":[{"number":1,"step":"Heat the suet in a pot to 365 degrees. On a mandolin, thinly slice the potatoes and rinse in cold water.","ingredients":[{"id":11352,"name":"potato","localizedName":"potato","image":"potatoes-yukon-gold.png"},{"id":14412,"name":"water","localizedName":"water","image":"water.png"},{"id":13335,"name":"suet","localizedName":"suet","image":"pork-fat-or-lard.jpg"}],"equipment":[{"id":404752,"name":"pot","localizedName":"pot","image":"stock-pot.jpg"}]},{"number":2,"step":"Drain and dry thoroughly.","ingredients":[],"equipment":[]},{"number":3,"step":"Add the potatoes gently to the suet and fry until gold brown.","ingredients":[{"id":11352,"name":"potato","localizedName":"potato","image":"potatoes-yukon-gold.png"},{"id":13335,"name":"suet","localizedName":"suet","image":"pork-fat-or-lard.jpg"}],"equipment":[]},{"number":4,"step":"Drain on paper towels and season with the salt, granulated garlic, paprika and sugar.","ingredients":[{"id":1002020,"name":"granulated garlic","localizedName":"granulated garlic","image":"granulated-garlic.png"},{"id":2028,"name":"paprika","localizedName":"paprika","image":"paprika.jpg"},{"id":19335,"name":"sugar","localizedName":"sugar","image":"sugar-in-bowl.png"},{"id":2047,"name":"salt","localizedName":"salt","image":"salt.jpg"}],"equipment":[{"id":405895,"name":"paper towels","localizedName":"paper towels","image":"paper-towels.jpg"}]},{"number":5,"step":"For the sweet peppers: Toss the bell peppers, olive oil and granulated garlic together on a sheet tray and season with salt. Roast until slightly soft, but still bright, about 20 minutes.","ingredients":[{"id":1002020,"name":"granulated garlic","localizedName":"granulated garlic","image":"granulated-garlic.png"},{"id":10211821,"name":"bell pepper","localizedName":"bell pepper","image":"bell-pepper-orange.png"},{"id":4053,"name":"olive oil","localizedName":"olive oil","image":"olive-oil.jpg"},{"id":10111333,"name":"peppers","localizedName":"peppers","image":"green-pepper.jpg"},{"id":2047,"name":"salt","localizedName":"salt","image":"salt.jpg"}],"equipment":[],"length":{"number":20,"unit":"minutes"}},{"number":6,"step":"For the broccoli rabe: In a saute pan over medium-high heat, render the fatback until crispy.","ingredients":[{"id":11096,"name":"broccoli rabe","localizedName":"broccoli rabe","image":"broccoli-rabe.jpg"},{"id":10004,"name":"fatback","localizedName":"fatback","image":"pork-belly.jpg"}],"equipment":[{"id":404645,"name":"frying pan","localizedName":"frying pan","image":"pan.png"}]},{"number":7,"step":"Remove the fatback with a slotted spoon and set aside on a paper towel.","ingredients":[{"id":10004,"name":"fatback","localizedName":"fatback","image":"pork-belly.jpg"}],"equipment":[{"id":404636,"name":"slotted spoon","localizedName":"slotted spoon","image":"slotted-spoon.jpg"},{"id":405895,"name":"paper towels","localizedName":"paper towels","image":"paper-towels.jpg"}]},{"number":8,"step":"Add the garlic and red pepper flakes to the pan.","ingredients":[{"id":1032009,"name":"red pepper flakes","localizedName":"red pepper flakes","image":"red-pepper-flakes.jpg"},{"id":11215,"name":"garlic","localizedName":"garlic","image":"garlic.png"}],"equipment":[{"id":404645,"name":"frying pan","localizedName":"frying pan","image":"pan.png"}]},{"number":9,"step":"Saute until fragrant, and then add the broccoli rabe. Cook until the greens have wilted, the stems are cooked through, but the broccoli rabe has retained its color. Toss with the fatback and season with salt and pepper. Cover and set aside.","ingredients":[{"id":1102047,"name":"salt and pepper","localizedName":"salt and pepper","image":"salt-and-pepper.jpg"},{"id":11096,"name":"broccoli rabe","localizedName":"broccoli rabe","image":"broccoli-rabe.jpg"},{"id":10004,"name":"fatback","localizedName":"fatback","image":"pork-belly.jpg"},{"id":21052,"name":"greens","localizedName":"greens","image":"mixed-greens-or-mesclun.jpg"}],"equipment":[]},{"number":10,"step":"When the roast is done cooking, remove from the oven and let rest under tented foil. Strain the juice from the roasting pan into a saucepot. Bring to a simmer, skim the fat from the top and adjust the seasoning, if necessary. Hold warm over low heat.","ingredients":[{"id":1042027,"name":"seasoning","localizedName":"seasoning","image":"seasoning.png"},{"id":1019016,"name":"juice","localizedName":"juice","image":"apple-juice.jpg"}],"equipment":[{"id":404629,"name":"roasting pan","localizedName":"roasting pan","image":"roasting-pan.jpg"},{"id":404752,"name":"pot","localizedName":"pot","image":"stock-pot.jpg"},{"id":404765,"name":"aluminum foil","localizedName":"aluminum foil","image":"aluminum-foil.png"},{"id":404784,"name":"oven","localizedName":"oven","image":"oven.jpg"}]},{"number":11,"step":"To build the sandwiches: Very thinly slice the roast by hand or on a deli slicer. Dredge a roll through the cooking juices and top with 4 to 6 ounces sliced meat.","ingredients":[{"id":1065062,"name":"meat","localizedName":"meat","image":"whole-chicken.jpg"},{"id":0,"name":"roll","localizedName":"roll","image":"dinner-yeast-rolls.jpg"}],"equipment":[]},{"number":12,"step":"Garnish with the Homemade Giardiniera and the sweet peppers.","ingredients":[{"id":10111333,"name":"peppers","localizedName":"peppers","image":"green-pepper.jpg"}],"equipment":[]},{"number":13,"step":"Serve with the chips and broccoli rabe.","ingredients":[{"id":11096,"name":"broccoli rabe","localizedName":"broccoli rabe","image":"broccoli-rabe.jpg"},{"id":11408,"name":"french fries","localizedName":"french fries","image":"french-fries-isolated.jpg"}],"equipment":[]},{"number":14,"step":"In a small pot, add the carrots, celery, chiles, cauliflower, garlic, bell peppers and vinegar and cover with water. Season with the salt and bring to a light simmer. Bring to a boil and simmer for 15 minutes; the vegetables should still be crisp and bright.","ingredients":[{"id":10211821,"name":"bell pepper","localizedName":"bell pepper","image":"bell-pepper-orange.png"},{"id":11135,"name":"cauliflower","localizedName":"cauliflower","image":"cauliflower.jpg"},{"id":11583,"name":"vegetable","localizedName":"vegetable","image":"mixed-vegetables.png"},{"id":11124,"name":"carrot","localizedName":"carrot","image":"sliced-carrot.png"},{"id":2053,"name":"vinegar","localizedName":"vinegar","image":"vinegar-(white).jpg"},{"id":11143,"name":"celery","localizedName":"celery","image":"celery.jpg"},{"id":11819,"name":"chili pepper","localizedName":"chili pepper","image":"red-chili.jpg"},{"id":11215,"name":"garlic","localizedName":"garlic","image":"garlic.png"},{"id":14412,"name":"water","localizedName":"water","image":"water.png"},{"id":2047,"name":"salt","localizedName":"salt","image":"salt.jpg"}],"equipment":[{"id":404752,"name":"pot","localizedName":"pot","image":"stock-pot.jpg"}],"length":{"number":15,"unit":"minutes"}},{"number":15,"step":"Drain and cool in the refrigerator for at least 1 hour.","ingredients":[],"equipment":[],"length":{"number":60,"unit":"minutes"}},{"number":16,"step":"Add the oils to the vegetables and store in an air-tight container for up to 2 weeks in the refrigerator.","ingredients":[{"id":11583,"name":"vegetable","localizedName":"vegetable","image":"mixed-vegetables.png"}],"equipment":[]}]}]
