[{"name":"","steps":[{"number":1,"step":"In a small bowl, combine all ingredients for the dipping sauce.  Set aside.","ingredients":[{"id":0,"name":"dipping sauce","localizedName":"dipping sauce","image":""}],"equipment":[{"id":404783,"name":"bowl","localizedName":"bowl","image":"bowl.jpg"}]},{"number":2,"step":"In a medium bowl, mix together the turkey, bok choy, ginger, garlic, soy sauce, sesame oil, and salt.  Stir in the egg white.","ingredients":[{"id":4058,"name":"sesame oil","localizedName":"sesame oil","image":"sesame-oil.png"},{"id":1124,"name":"egg whites","localizedName":"egg whites","image":"egg-white.jpg"},{"id":16124,"name":"soy sauce","localizedName":"soy sauce","image":"soy-sauce.jpg"},{"id":11116,"name":"bok choy","localizedName":"bok choy","image":"bok-choy.jpg"},{"id":11215,"name":"garlic","localizedName":"garlic","image":"garlic.png"},{"id":11216,"name":"ginger","localizedName":"ginger","image":"ginger.png"},{"id":5165,"name":"whole turkey","localizedName":"whole turkey","image":"turkey-raw-whole.jpg"},{"id":2047,"name":"salt","localizedName":"salt","image":"salt.jpg"}],"equipment":[{"id":404783,"name":"bowl","localizedName":"bowl","image":"bowl.jpg"}]},{"number":3,"step":"Working with six at a time, lay down the dumpling wrappers on a work surface.  Spoon 1 tablespoon of filling onto each one.  Lightly wet the edge of each wrapper with water.  Fold the dough over and pinch around the edges.  This is easiest done by picking up each dumpling and pinching the edges with the thumb and forefinger.","ingredients":[{"id":10018368,"name":"dumpling wrappers","localizedName":"dumpling wrappers","image":"puff-pastry-squares.jpg"},{"id":0,"name":"dough","localizedName":"dough","image":"pizza-dough"},{"id":14412,"name":"water","localizedName":"water","image":"water.png"}],"equipment":[]},{"number":4,"step":"Place on a baking sheet and cover with plastic wrap to keep the dumplings from drying out.  Repeat until all filling is used.  (Freeze any dumplings that will not be cooked immediately.  After they are frozen, transfer them to resealable plastic bags or wrap in plastic.)","ingredients":[{"id":10018364,"name":"wrap","localizedName":"wrap","image":"flour-tortilla.jpg"}],"equipment":[{"id":404727,"name":"baking sheet","localizedName":"baking sheet","image":"baking-sheet.jpg"},{"id":221671,"name":"ziploc bags","localizedName":"ziploc bags","image":"plastic-bag.jpg"},{"id":404730,"name":"plastic wrap","localizedName":"plastic wrap","image":"plastic-wrap.jpg"}]}]}]
