[{"name":"","steps":[{"number":1,"step":"Combine the first 5 ingredients in a large zip-top plastic bag, and seal. Marinate in refrigerator 2 1/2 hours, turning bag occasionally.","ingredients":[],"equipment":[{"id":221671,"name":"ziploc bags","localizedName":"ziploc bags","image":"plastic-bag.jpg"}],"length":{"number":120,"unit":"minutes"}},{"number":2,"step":"Heat a small Dutch oven over high heat. Coat pan with cooking spray.","ingredients":[{"id":4679,"name":"cooking spray","localizedName":"cooking spray","image":"cooking-spray.png"}],"equipment":[{"id":404667,"name":"dutch oven","localizedName":"dutch oven","image":"dutch-oven.jpg"},{"id":404645,"name":"frying pan","localizedName":"frying pan","image":"pan.png"}]},{"number":3,"step":"Add beef mixture to pan; stir-fry 1 minute or until browned.","ingredients":[{"id":23572,"name":"beef","localizedName":"beef","image":"beef-cubes-raw.png"}],"equipment":[{"id":404645,"name":"frying pan","localizedName":"frying pan","image":"pan.png"}],"length":{"number":1,"unit":"minutes"}},{"number":4,"step":"Remove beef mixture from pan; set aside.","ingredients":[{"id":23572,"name":"beef","localizedName":"beef","image":"beef-cubes-raw.png"}],"equipment":[{"id":404645,"name":"frying pan","localizedName":"frying pan","image":"pan.png"}]},{"number":5,"step":"Add bok choy, mushrooms, carrot, and green onions to pan; stir-fry 2 minutes or until bok choy begins to wilt.","ingredients":[{"id":11291,"name":"green onions","localizedName":"green onions","image":"spring-onions.jpg"},{"id":11260,"name":"mushrooms","localizedName":"mushrooms","image":"mushrooms.png"},{"id":11116,"name":"bok choy","localizedName":"bok choy","image":"bok-choy.jpg"},{"id":11124,"name":"carrot","localizedName":"carrot","image":"sliced-carrot.png"}],"equipment":[{"id":404645,"name":"frying pan","localizedName":"frying pan","image":"pan.png"}],"length":{"number":2,"unit":"minutes"}},{"number":6,"step":"Add water, hoisin, and broth; bring to a boil. Stir in noodles. Reduce heat; simmer 5 minutes or until noodles are done. Stir in beef mixture and vinegar. Ladle 1 1/2 cups soup into each of 6 bowls; drizzle each serving with 1/4 teaspoon sesame oil.","ingredients":[{"id":4058,"name":"sesame oil","localizedName":"sesame oil","image":"sesame-oil.png"},{"id":20420,"name":"pasta","localizedName":"pasta","image":"fusilli.jpg"},{"id":2053,"name":"vinegar","localizedName":"vinegar","image":"vinegar-(white).jpg"},{"id":6175,"name":"hoisin sauce","localizedName":"hoisin sauce","image":"dark-sauce.jpg"},{"id":1006615,"name":"broth","localizedName":"broth","image":"chicken-broth.png"},{"id":14412,"name":"water","localizedName":"water","image":"water.png"},{"id":23572,"name":"beef","localizedName":"beef","image":"beef-cubes-raw.png"},{"id":0,"name":"soup","localizedName":"soup","image":""}],"equipment":[{"id":404783,"name":"bowl","localizedName":"bowl","image":"bowl.jpg"},{"id":404630,"name":"ladle","localizedName":"ladle","image":"ladle.jpg"}],"length":{"number":5,"unit":"minutes"}}]}]
