[{"name":"","steps":[{"number":1,"step":"Fill a large, deep skillet with water and bring to a boil.","ingredients":[{"id":14412,"name":"water","localizedName":"water","image":"water.png"}],"equipment":[{"id":404645,"name":"frying pan","localizedName":"frying pan","image":"pan.png"}]},{"number":2,"step":"Add a large pinch of salt and the broccoli rabe, cover and cook over high heat until tender, about 8 minutes.","ingredients":[{"id":11096,"name":"broccoli rabe","localizedName":"broccoli rabe","image":"broccoli-rabe.jpg"},{"id":2047,"name":"salt","localizedName":"salt","image":"salt.jpg"}],"equipment":[],"length":{"number":8,"unit":"minutes"}},{"number":3,"step":"Drain the broccoli rabe in a colander, shaking off the excess water.","ingredients":[{"id":11096,"name":"broccoli rabe","localizedName":"broccoli rabe","image":"broccoli-rabe.jpg"},{"id":14412,"name":"water","localizedName":"water","image":"water.png"}],"equipment":[{"id":404639,"name":"colander","localizedName":"colander","image":"colander.jpg"}]},{"number":4,"step":"Wipe out the skillet.","ingredients":[],"equipment":[{"id":404645,"name":"frying pan","localizedName":"frying pan","image":"pan.png"}]},{"number":5,"step":"Add the 2 tablespoons of olive oil and heat until shimmering.","ingredients":[{"id":4053,"name":"olive oil","localizedName":"olive oil","image":"olive-oil.jpg"}],"equipment":[]},{"number":6,"step":"Add the onion and bell pepper and cook over moderately high heat, stirring occasionally, until softened and just beginning to brown, about 8 minutes.","ingredients":[{"id":10211821,"name":"bell pepper","localizedName":"bell pepper","image":"bell-pepper-orange.png"},{"id":11282,"name":"onion","localizedName":"onion","image":"brown-onion.png"}],"equipment":[],"length":{"number":8,"unit":"minutes"}},{"number":7,"step":"Add the garlic and cook, stirring, until fragrant, about 1 minute.","ingredients":[{"id":11215,"name":"garlic","localizedName":"garlic","image":"garlic.png"}],"equipment":[],"length":{"number":1,"unit":"minutes"}},{"number":8,"step":"Add the broccoli rabe, beans, stock and olives and simmer over moderate heat for 5 minutes. Season with salt and pepper.","ingredients":[{"id":1102047,"name":"salt and pepper","localizedName":"salt and pepper","image":"salt-and-pepper.jpg"},{"id":11096,"name":"broccoli rabe","localizedName":"broccoli rabe","image":"broccoli-rabe.jpg"},{"id":9195,"name":"olives","localizedName":"olives","image":"olives-mixed.jpg"},{"id":0,"name":"beans","localizedName":"beans","image":"kidney-beans.jpg"},{"id":1006615,"name":"stock","localizedName":"stock","image":"chicken-broth.png"}],"equipment":[],"length":{"number":5,"unit":"minutes"}},{"number":9,"step":"Meanwhile, heat the remaining 1 teaspoon of olive oil in a large skillet.","ingredients":[{"id":4053,"name":"olive oil","localizedName":"olive oil","image":"olive-oil.jpg"}],"equipment":[{"id":404645,"name":"frying pan","localizedName":"frying pan","image":"pan.png"}]},{"number":10,"step":"Add the sausages and cook over moderate heat, turning occasionally, until browned, about 10 minutes. Mound the broccoli rabe and beans on plates, top with the sausages and serve.","ingredients":[{"id":11096,"name":"broccoli rabe","localizedName":"broccoli rabe","image":"broccoli-rabe.jpg"},{"id":1017063,"name":"sausage","localizedName":"sausage","image":"raw-pork-sausage.png"},{"id":0,"name":"beans","localizedName":"beans","image":"kidney-beans.jpg"}],"equipment":[],"length":{"number":10,"unit":"minutes"}}]}]
