[{"name":"","steps":[{"number":1,"step":"Heat oil in a large, heavy saucepan or deep-fryer to 375 degrees F (190 degrees C).","ingredients":[{"id":4582,"name":"cooking oil","localizedName":"cooking oil","image":"vegetable-oil.jpg"}],"equipment":[{"id":404669,"name":"sauce pan","localizedName":"sauce pan","image":"sauce-pan.jpg"}]},{"number":2,"step":"Place ground turkey, 1/2 the ginger root and approximately 1/2 the garlic in a large, deep skillet. Cook over medium high heat until evenly brown.","ingredients":[{"id":5662,"name":"ground turkey","localizedName":"ground turkey","image":"meat-ground.jpg"},{"id":11216,"name":"ginger","localizedName":"ginger","image":"ginger.png"},{"id":11215,"name":"garlic","localizedName":"garlic","image":"garlic.png"}],"equipment":[{"id":404645,"name":"frying pan","localizedName":"frying pan","image":"pan.png"}]},{"number":3,"step":"Heat sesame oil in a wok over medium high heat. Stir in remaining ginger and garlic.","ingredients":[{"id":4058,"name":"sesame oil","localizedName":"sesame oil","image":"sesame-oil.png"},{"id":11215,"name":"garlic","localizedName":"garlic","image":"garlic.png"},{"id":11216,"name":"ginger","localizedName":"ginger","image":"ginger.png"}],"equipment":[{"id":404666,"name":"wok","localizedName":"wok","image":"wok.png"}]},{"number":4,"step":"Mix in bok choy, carrots, green onions and soy sauce. Cook and stir until vegetables are tender but crisp.","ingredients":[{"id":11291,"name":"green onions","localizedName":"green onions","image":"spring-onions.jpg"},{"id":11583,"name":"vegetable","localizedName":"vegetable","image":"mixed-vegetables.png"},{"id":16124,"name":"soy sauce","localizedName":"soy sauce","image":"soy-sauce.jpg"},{"id":11116,"name":"bok choy","localizedName":"bok choy","image":"bok-choy.jpg"},{"id":11124,"name":"carrot","localizedName":"carrot","image":"sliced-carrot.png"}],"equipment":[]},{"number":5,"step":"Remove from heat.","ingredients":[],"equipment":[]},{"number":6,"step":"In a medium bowl, mix ground turkey and bok choy mixture.","ingredients":[{"id":5662,"name":"ground turkey","localizedName":"ground turkey","image":"meat-ground.jpg"},{"id":11116,"name":"bok choy","localizedName":"bok choy","image":"bok-choy.jpg"}],"equipment":[{"id":404783,"name":"bowl","localizedName":"bowl","image":"bowl.jpg"}]},{"number":7,"step":"Fill a double thickness of wonton wrappers with approximately 1 tablespoon of the turkey and bok choy mixture. Fold wrappers over the filling, and moisten seam to seal. Repeat with remaining wrappers and filling.","ingredients":[{"id":10018368,"name":"wonton wrappers","localizedName":"wonton wrappers","image":"wonton-wrappers.jpg"},{"id":11116,"name":"bok choy","localizedName":"bok choy","image":"bok-choy.jpg"},{"id":5165,"name":"whole turkey","localizedName":"whole turkey","image":"turkey-raw-whole.jpg"}],"equipment":[]},{"number":8,"step":"In small batches, deep fry the filled wontons until crisp and golden brown, 3 to 5 minutes.","ingredients":[],"equipment":[],"length":{"number":3,"unit":"minutes"}}]}]
