[{"name":"","steps":[{"number":1,"step":"Combine 1 cup boiling water and shiitake mushrooms in a bowl; cover and let stand 20 minutes.","ingredients":[{"id":11238,"name":"shiitake mushrooms","localizedName":"shiitake mushrooms","image":"shiitake-mushrooms.png"},{"id":14412,"name":"water","localizedName":"water","image":"water.png"}],"equipment":[{"id":404783,"name":"bowl","localizedName":"bowl","image":"bowl.jpg"}],"length":{"number":20,"unit":"minutes"}},{"number":2,"step":"Drain mushrooms in a colander over a bowl, reserving liquid. Rinse mushrooms.","ingredients":[{"id":11260,"name":"mushrooms","localizedName":"mushrooms","image":"mushrooms.png"}],"equipment":[{"id":404639,"name":"colander","localizedName":"colander","image":"colander.jpg"},{"id":404783,"name":"bowl","localizedName":"bowl","image":"bowl.jpg"}]},{"number":3,"step":"Remove and discard stems; cut each cap into quarters. Set aside.","ingredients":[],"equipment":[]},{"number":4,"step":"Combine soy sauce, wine, and sugar in a small bowl, stirring with a whisk.","ingredients":[{"id":16124,"name":"soy sauce","localizedName":"soy sauce","image":"soy-sauce.jpg"},{"id":19335,"name":"sugar","localizedName":"sugar","image":"sugar-in-bowl.png"},{"id":14084,"name":"wine","localizedName":"wine","image":"red-wine.jpg"}],"equipment":[{"id":404661,"name":"whisk","localizedName":"whisk","image":"whisk.png"},{"id":404783,"name":"bowl","localizedName":"bowl","image":"bowl.jpg"}]},{"number":5,"step":"Heat a small saucepan over medium-high heat.","ingredients":[],"equipment":[{"id":404669,"name":"sauce pan","localizedName":"sauce pan","image":"sauce-pan.jpg"}]},{"number":6,"step":"Add 1 teaspoon oil and ginger to pan; saut 30 seconds.","ingredients":[{"id":11216,"name":"ginger","localizedName":"ginger","image":"ginger.png"},{"id":4582,"name":"cooking oil","localizedName":"cooking oil","image":"vegetable-oil.jpg"}],"equipment":[{"id":404645,"name":"frying pan","localizedName":"frying pan","image":"pan.png"}]},{"number":7,"step":"Add reserved mushrooms; saut 1 minute.","ingredients":[{"id":11260,"name":"mushrooms","localizedName":"mushrooms","image":"mushrooms.png"}],"equipment":[],"length":{"number":1,"unit":"minutes"}},{"number":8,"step":"Add reserved mushroom liquid and broth; bring to a boil. Cover, reduce heat, and simmer 20 minutes.","ingredients":[{"id":11260,"name":"mushrooms","localizedName":"mushrooms","image":"mushrooms.png"},{"id":1006615,"name":"broth","localizedName":"broth","image":"chicken-broth.png"}],"equipment":[],"length":{"number":20,"unit":"minutes"}},{"number":9,"step":"Combine oyster sauce and cornstarch in a small bowl, stirring with a whisk; stir into mushroom mixture. Bring to a boil, stirring constantly. Cook 1 minute or until thickened.","ingredients":[{"id":6176,"name":"oyster sauce","localizedName":"oyster sauce","image":"oyster-sauce.jpg"},{"id":20027,"name":"corn starch","localizedName":"corn starch","image":"white-powder.jpg"},{"id":11260,"name":"mushrooms","localizedName":"mushrooms","image":"mushrooms.png"}],"equipment":[{"id":404661,"name":"whisk","localizedName":"whisk","image":"whisk.png"},{"id":404783,"name":"bowl","localizedName":"bowl","image":"bowl.jpg"}],"length":{"number":1,"unit":"minutes"}},{"number":10,"step":"Remove from heat; keep warm.","ingredients":[],"equipment":[]},{"number":11,"step":"Heat a wok or large skillet over high heat.","ingredients":[],"equipment":[{"id":404645,"name":"frying pan","localizedName":"frying pan","image":"pan.png"},{"id":404666,"name":"wok","localizedName":"wok","image":"wok.png"}]},{"number":12,"step":"Add remaining 1 tablespoon oil to pan.","ingredients":[{"id":4582,"name":"cooking oil","localizedName":"cooking oil","image":"vegetable-oil.jpg"}],"equipment":[{"id":404645,"name":"frying pan","localizedName":"frying pan","image":"pan.png"}]},{"number":13,"step":"Add garlic; stir-fry 10 seconds.","ingredients":[{"id":11215,"name":"garlic","localizedName":"garlic","image":"garlic.png"}],"equipment":[]},{"number":14,"step":"Add bok choy; stir-fry 2 minutes or until bok choy begins to soften.","ingredients":[{"id":11116,"name":"bok choy","localizedName":"bok choy","image":"bok-choy.jpg"}],"equipment":[],"length":{"number":2,"unit":"minutes"}},{"number":15,"step":"Add lettuce; stir-fry 2 minutes or until lettuce wilts. Stir in mushroom mixture and soy sauce mixture; cook 3 minutes or until bok choy is tender.","ingredients":[{"id":16124,"name":"soy sauce","localizedName":"soy sauce","image":"soy-sauce.jpg"},{"id":11116,"name":"bok choy","localizedName":"bok choy","image":"bok-choy.jpg"},{"id":11260,"name":"mushrooms","localizedName":"mushrooms","image":"mushrooms.png"},{"id":11252,"name":"lettuce","localizedName":"lettuce","image":"iceberg-lettuce.jpg"}],"equipment":[],"length":{"number":5,"unit":"minutes"}}]}]
