[{"name":"","steps":[{"number":1,"step":"Preheat oven to 425°F. Form bed of bokchoy in center of each of two 12-inch squarepieces of foil. Top bok choy with fish.","ingredients":[{"id":11116,"name":"bok choy","localizedName":"bok choy","image":"bok-choy.jpg"},{"id":10115261,"name":"fish","localizedName":"fish","image":"fish-fillet.jpg"}],"equipment":[{"id":404765,"name":"aluminum foil","localizedName":"aluminum foil","image":"aluminum-foil.png"},{"id":404784,"name":"oven","localizedName":"oven","image":"oven.jpg","temperature":{"number":425.0,"unit":"Fahrenheit"}}]},{"number":2,"step":"Mixorange juice, green onion, hoisin, ginger,and orange peel in small bowl. Spoonmixture over fish, dividing equally.","ingredients":[{"id":11291,"name":"green onions","localizedName":"green onions","image":"spring-onions.jpg"},{"id":9216,"name":"orange zest","localizedName":"orange zest","image":"orange-zest.png"},{"id":11216,"name":"ginger","localizedName":"ginger","image":"ginger.png"},{"id":6175,"name":"hoisin sauce","localizedName":"hoisin sauce","image":"dark-sauce.jpg"},{"id":1019016,"name":"juice","localizedName":"juice","image":"apple-juice.jpg"},{"id":10115261,"name":"fish","localizedName":"fish","image":"fish-fillet.jpg"}],"equipment":[{"id":404783,"name":"bowl","localizedName":"bowl","image":"bowl.jpg"}]},{"number":3,"step":"Sprinklewith salt and coriander. Top with cilantro.Fold up foil sides and pinch tightly toseal above fish and at both ends of packets,enclosing contents completely.","ingredients":[{"id":1012013,"name":"coriander","localizedName":"coriander","image":"ground-coriander.jpg"},{"id":11165,"name":"cilantro","localizedName":"cilantro","image":"cilantro.png"},{"id":10115261,"name":"fish","localizedName":"fish","image":"fish-fillet.jpg"},{"id":2047,"name":"salt","localizedName":"salt","image":"salt.jpg"}],"equipment":[{"id":404765,"name":"aluminum foil","localizedName":"aluminum foil","image":"aluminum-foil.png"}]},{"number":4,"step":"Placepackets on baking sheet.","ingredients":[],"equipment":[{"id":404727,"name":"baking sheet","localizedName":"baking sheet","image":"baking-sheet.jpg"}]},{"number":5,"step":"Bake until fishis just opaque in center, 12 to 14 minutes.","ingredients":[],"equipment":[{"id":404784,"name":"oven","localizedName":"oven","image":"oven.jpg"}],"length":{"number":12,"unit":"minutes"}},{"number":6,"step":"Transfer packets to plates and serve.","ingredients":[],"equipment":[]},{"number":7,"step":"Bon Appétit","ingredients":[],"equipment":[]}]}]
