[{"name":"","steps":[{"number":1,"step":"Remove the stems from the broccoli rabe. Shake and rinse the broccoli rabe in colander to remove the excess liquid, but the rabe doesn't have to be thoroughly dry.","ingredients":[{"id":11096,"name":"broccoli rabe","localizedName":"broccoli rabe","image":"broccoli-rabe.jpg"},{"id":0,"name":"shake","localizedName":"shake","image":""}],"equipment":[{"id":404639,"name":"colander","localizedName":"colander","image":"colander.jpg"}]},{"number":2,"step":"Heat a large pot over high heat until very hot.","ingredients":[],"equipment":[{"id":404752,"name":"pot","localizedName":"pot","image":"stock-pot.jpg"}]},{"number":3,"step":"Add the olive oil. When the oil is almost smoking, add the garlic and cook for a few seconds until it is light brown.","ingredients":[{"id":4053,"name":"olive oil","localizedName":"olive oil","image":"olive-oil.jpg"},{"id":11215,"name":"garlic","localizedName":"garlic","image":"garlic.png"},{"id":4582,"name":"cooking oil","localizedName":"cooking oil","image":"vegetable-oil.jpg"}],"equipment":[]},{"number":4,"step":"Add a couple of handfuls of rabe and toss with tongs, incorporating the garlic so it doesn't burn on the bottom of the pan.","ingredients":[{"id":11215,"name":"garlic","localizedName":"garlic","image":"garlic.png"}],"equipment":[{"id":404641,"name":"tongs","localizedName":"tongs","image":"tongs.jpg"},{"id":404645,"name":"frying pan","localizedName":"frying pan","image":"pan.png"}]},{"number":5,"step":"Add the remaining rabe all at once, or in batches if your pot isn't large enough to hold it all at once. Toss constantly so the rabe wilts evenly. When the rabe is cooked, season with salt and pepper. Continue cooking over high heat, tossing often until the excess liquid evaporates.Turn the rabe out into a bowl and let it cool to room temperature, then season with wine vinegar. Eat at room temperature or refrigerate up to 2 days and eat cold.","ingredients":[{"id":1102047,"name":"salt and pepper","localizedName":"salt and pepper","image":"salt-and-pepper.jpg"},{"id":2068,"name":"wine vinegar","localizedName":"wine vinegar","image":"red-wine-vinegar.jpg"}],"equipment":[{"id":404783,"name":"bowl","localizedName":"bowl","image":"bowl.jpg"},{"id":404752,"name":"pot","localizedName":"pot","image":"stock-pot.jpg"}]}]}]
