[{"name":"","steps":[{"number":1,"step":"In a large soup pot or stockpot, bring 4 quarts of cold water to a boil.","ingredients":[{"id":14412,"name":"water","localizedName":"water","image":"water.png"},{"id":0,"name":"soup","localizedName":"soup","image":""}],"equipment":[{"id":404752,"name":"pot","localizedName":"pot","image":"stock-pot.jpg"}]},{"number":2,"step":"Add 1 tablespoon of the salt and the orecchiette and cook according to package directions until al dente.","ingredients":[{"id":10820420,"name":"orecchiette","localizedName":"orecchiette","image":"orecchiette.jpg"},{"id":2047,"name":"salt","localizedName":"salt","image":"salt.jpg"}],"equipment":[]},{"number":3,"step":"Drain the pasta and set aside. Reserve 1/2 cup of the cooking liquid for the sauce.While pasta is cooking, heat 2 tablespoons of the olive oil in a large skillet and, when hot, add the onion and remaining 1/4 teaspoon of salt and cook, stirring often, until onions are golden, about 8 minutes.","ingredients":[{"id":4053,"name":"olive oil","localizedName":"olive oil","image":"olive-oil.jpg"},{"id":11282,"name":"onion","localizedName":"onion","image":"brown-onion.png"},{"id":20420,"name":"pasta","localizedName":"pasta","image":"fusilli.jpg"},{"id":0,"name":"sauce","localizedName":"sauce","image":""},{"id":2047,"name":"salt","localizedName":"salt","image":"salt.jpg"}],"equipment":[{"id":404645,"name":"frying pan","localizedName":"frying pan","image":"pan.png"}],"length":{"number":8,"unit":"minutes"}},{"number":4,"step":"Add the garlic and cook for 2 minutes.","ingredients":[{"id":11215,"name":"garlic","localizedName":"garlic","image":"garlic.png"}],"equipment":[],"length":{"number":2,"unit":"minutes"}},{"number":5,"step":"Add the prosciutto and crushed red pepper and cook, stirring, for 3 minutes.","ingredients":[{"id":1032009,"name":"red pepper flakes","localizedName":"red pepper flakes","image":"red-pepper-flakes.jpg"},{"id":10010123,"name":"prosciutto","localizedName":"prosciutto","image":"proscuitto.jpg"}],"equipment":[],"length":{"number":3,"unit":"minutes"}},{"number":6,"step":"Add the broccoli rabe and black pepper and cook, tossing, until the broccoli rabe is wilted, 1 to 2 minutes.","ingredients":[{"id":11096,"name":"broccoli rabe","localizedName":"broccoli rabe","image":"broccoli-rabe.jpg"},{"id":1002030,"name":"black pepper","localizedName":"black pepper","image":"pepper.jpg"}],"equipment":[],"length":{"number":1,"unit":"minutes"}},{"number":7,"step":"Add the lemon juice, lemon zest, and sun-dried tomatoes and stir to combine.","ingredients":[{"id":11955,"name":"sun dried tomatoes","localizedName":"sun dried tomatoes","image":"sundried-tomatoes.jpg"},{"id":9152,"name":"lemon juice","localizedName":"lemon juice","image":"lemon-juice.jpg"},{"id":9156,"name":"lemon zest","localizedName":"lemon zest","image":"zest-lemon.jpg"}],"equipment":[]},{"number":8,"step":"Add the drained pasta and the reserved 1/2 cup of pasta cooking liquid and cook, stirring, until everything is heated through and well-combined.","ingredients":[{"id":20420,"name":"pasta","localizedName":"pasta","image":"fusilli.jpg"}],"equipment":[]},{"number":9,"step":"Remove from the heat and add the parsley, remaining tablespoon of olive oil, and the ricotta salata; toss thoroughly to combine.","ingredients":[{"id":1001036,"name":"ricotta salata cheese","localizedName":"ricotta salata cheese","image":"ricotta.png"},{"id":4053,"name":"olive oil","localizedName":"olive oil","image":"olive-oil.jpg"},{"id":11297,"name":"parsley","localizedName":"parsley","image":"parsley.jpg"}],"equipment":[]},{"number":10,"step":"Serve immediately.","ingredients":[],"equipment":[]}]}]
