[{"name":"","steps":[{"number":1,"step":"Trim fat from pork, cut into 1 inch pieces.","ingredients":[{"id":10010219,"name":"pork","localizedName":"pork","image":"pork-tenderloin-raw.png"}],"equipment":[]},{"number":2,"step":"Combine flour and pork in a resealable bag, seal and shake well.","ingredients":[{"id":20081,"name":"all purpose flour","localizedName":"all purpose flour","image":"flour.png"},{"id":0,"name":"shake","localizedName":"shake","image":""},{"id":10010219,"name":"pork","localizedName":"pork","image":"pork-tenderloin-raw.png"}],"equipment":[]},{"number":3,"step":"Heat 1 tablespoon oil in a large skillet over medium high heat.","ingredients":[{"id":4582,"name":"cooking oil","localizedName":"cooking oil","image":"vegetable-oil.jpg"}],"equipment":[{"id":404645,"name":"frying pan","localizedName":"frying pan","image":"pan.png"}]},{"number":4,"step":"Add pork, cook 3 minutes or until browned.","ingredients":[{"id":10010219,"name":"pork","localizedName":"pork","image":"pork-tenderloin-raw.png"}],"equipment":[],"length":{"number":3,"unit":"minutes"}},{"number":5,"step":"Remove from pan and keep warm.","ingredients":[],"equipment":[{"id":404645,"name":"frying pan","localizedName":"frying pan","image":"pan.png"}]},{"number":6,"step":"Heat remaining tablespoon oil in pan.","ingredients":[{"id":4582,"name":"cooking oil","localizedName":"cooking oil","image":"vegetable-oil.jpg"}],"equipment":[{"id":404645,"name":"frying pan","localizedName":"frying pan","image":"pan.png"}]},{"number":7,"step":"Add bok choy, celery, red pepper, mushrooms, water chestnuts and garlic; stir fry for 3 minutes. In a bowl combine chicken broth, soy sauce, cornstarch, sherry and ginger. Stir well with a whisk.","ingredients":[{"id":11590,"name":"water chestnuts","localizedName":"water chestnuts","image":"water-chestnuts.png"},{"id":6194,"name":"chicken broth","localizedName":"chicken broth","image":"chicken-broth.png"},{"id":20027,"name":"corn starch","localizedName":"corn starch","image":"white-powder.jpg"},{"id":11821,"name":"red pepper","localizedName":"red pepper","image":"red-pepper.jpg"},{"id":11260,"name":"mushrooms","localizedName":"mushrooms","image":"mushrooms.png"},{"id":16124,"name":"soy sauce","localizedName":"soy sauce","image":"soy-sauce.jpg"},{"id":11116,"name":"bok choy","localizedName":"bok choy","image":"bok-choy.jpg"},{"id":11143,"name":"celery","localizedName":"celery","image":"celery.jpg"},{"id":11215,"name":"garlic","localizedName":"garlic","image":"garlic.png"},{"id":11216,"name":"ginger","localizedName":"ginger","image":"ginger.png"},{"id":10214106,"name":"sherry","localizedName":"sherry","image":"dry-sherry.png"}],"equipment":[{"id":404661,"name":"whisk","localizedName":"whisk","image":"whisk.png"},{"id":404783,"name":"bowl","localizedName":"bowl","image":"bowl.jpg"}],"length":{"number":3,"unit":"minutes"}},{"number":8,"step":"Combine pork and broth mixture in skillet, cook 1 minute or until thick.","ingredients":[{"id":1006615,"name":"broth","localizedName":"broth","image":"chicken-broth.png"},{"id":10010219,"name":"pork","localizedName":"pork","image":"pork-tenderloin-raw.png"}],"equipment":[{"id":404645,"name":"frying pan","localizedName":"frying pan","image":"pan.png"}],"length":{"number":1,"unit":"minutes"}}]}]
