[{"name":"","steps":[{"number":1,"step":"Cook broccoli rabe in boiling water 2 minutes or until crisp-tender.","ingredients":[{"id":11096,"name":"broccoli rabe","localizedName":"broccoli rabe","image":"broccoli-rabe.jpg"},{"id":14412,"name":"water","localizedName":"water","image":"water.png"}],"equipment":[],"length":{"number":2,"unit":"minutes"}},{"number":2,"step":"Drain and plunge broccoli rabe into ice water; drain. Squeeze dry.","ingredients":[{"id":11096,"name":"broccoli rabe","localizedName":"broccoli rabe","image":"broccoli-rabe.jpg"},{"id":14412,"name":"water","localizedName":"water","image":"water.png"}],"equipment":[]},{"number":3,"step":"Heat 2 teaspoons oil in a large nonstick skillet over medium heat.","ingredients":[{"id":4582,"name":"cooking oil","localizedName":"cooking oil","image":"vegetable-oil.jpg"}],"equipment":[{"id":404645,"name":"frying pan","localizedName":"frying pan","image":"pan.png"}]},{"number":4,"step":"Add garlic to pan; cook 1 minute.","ingredients":[{"id":11215,"name":"garlic","localizedName":"garlic","image":"garlic.png"}],"equipment":[{"id":404645,"name":"frying pan","localizedName":"frying pan","image":"pan.png"}],"length":{"number":1,"unit":"minutes"}},{"number":5,"step":"Add broccoli rabe, juice, and pepper to pan; cook 3 minutes, stirring occasionally.","ingredients":[{"id":11096,"name":"broccoli rabe","localizedName":"broccoli rabe","image":"broccoli-rabe.jpg"},{"id":1002030,"name":"pepper","localizedName":"pepper","image":"pepper.jpg"},{"id":1019016,"name":"juice","localizedName":"juice","image":"apple-juice.jpg"}],"equipment":[{"id":404645,"name":"frying pan","localizedName":"frying pan","image":"pan.png"}],"length":{"number":3,"unit":"minutes"}},{"number":6,"step":"Remove from heat.","ingredients":[],"equipment":[]},{"number":7,"step":"Drizzle with remaining 2 teaspoons oil, and sprinkle with fleur de sel.","ingredients":[{"id":1022047,"name":"fleur de sel","localizedName":"fleur de sel","image":"salt.jpg"},{"id":4582,"name":"cooking oil","localizedName":"cooking oil","image":"vegetable-oil.jpg"}],"equipment":[]}]}]
