[{"name":"","steps":[{"number":1,"step":"Heat the oil from sun-dried tomatoes in a large skillet over medium-high heat.","ingredients":[{"id":11955,"name":"sun dried tomatoes","localizedName":"sun dried tomatoes","image":"sundried-tomatoes.jpg"},{"id":4582,"name":"cooking oil","localizedName":"cooking oil","image":"vegetable-oil.jpg"}],"equipment":[{"id":404645,"name":"frying pan","localizedName":"frying pan","image":"pan.png"}]},{"number":2,"step":"Add chicken and cook 3 to 5 minutes, until golden brown on all sides.","ingredients":[{"id":5006,"name":"whole chicken","localizedName":"whole chicken","image":"whole-chicken.jpg"}],"equipment":[],"length":{"number":3,"unit":"minutes"}},{"number":3,"step":"Add tomatoes, broccoli rabe, olives, and 1/4 cup water, season with salt and pepper, cover and cook 3 minutes, until broccoli rabe wilts and chicken is cooked through.","ingredients":[{"id":1102047,"name":"salt and pepper","localizedName":"salt and pepper","image":"salt-and-pepper.jpg"},{"id":11096,"name":"broccoli rabe","localizedName":"broccoli rabe","image":"broccoli-rabe.jpg"},{"id":11529,"name":"tomato","localizedName":"tomato","image":"tomato.png"},{"id":5006,"name":"whole chicken","localizedName":"whole chicken","image":"whole-chicken.jpg"},{"id":9195,"name":"olives","localizedName":"olives","image":"olives-mixed.jpg"},{"id":14412,"name":"water","localizedName":"water","image":"water.png"}],"equipment":[],"length":{"number":3,"unit":"minutes"}},{"number":4,"step":"Remove from heat, transfer to a serving plate and top with feta cheese. Usually served with capellini pasta or rice.","ingredients":[{"id":11720420,"name":"capellini","localizedName":"capellini","image":"angelhair.jpg"},{"id":1019,"name":"feta cheese","localizedName":"feta cheese","image":"feta.png"},{"id":20444,"name":"rice","localizedName":"rice","image":"uncooked-white-rice.png"}],"equipment":[]}]}]
