[{"name":"","steps":[{"number":1,"step":"Cook broccoli rabe in a large pot of boiling water 2 minutes or until crisp-tender; drain.","ingredients":[{"id":11096,"name":"broccoli rabe","localizedName":"broccoli rabe","image":"broccoli-rabe.jpg"},{"id":14412,"name":"water","localizedName":"water","image":"water.png"}],"equipment":[{"id":404752,"name":"pot","localizedName":"pot","image":"stock-pot.jpg"}],"length":{"number":2,"unit":"minutes"}},{"number":2,"step":"Heat a large skillet over medium-high heat.","ingredients":[],"equipment":[{"id":404645,"name":"frying pan","localizedName":"frying pan","image":"pan.png"}]},{"number":3,"step":"Add oil to pan; swirl to coat.","ingredients":[{"id":4582,"name":"cooking oil","localizedName":"cooking oil","image":"vegetable-oil.jpg"}],"equipment":[{"id":404645,"name":"frying pan","localizedName":"frying pan","image":"pan.png"}]},{"number":4,"step":"Add bacon; saut 3 minutes, stirring frequently. Stir in onion, oregano, and red pepper; saut 4 minutes or until onion begins to soften, stirring occasionally.","ingredients":[{"id":11821,"name":"red pepper","localizedName":"red pepper","image":"red-pepper.jpg"},{"id":2027,"name":"oregano","localizedName":"oregano","image":"oregano.jpg"},{"id":10123,"name":"bacon","localizedName":"bacon","image":"raw-bacon.png"},{"id":11282,"name":"onion","localizedName":"onion","image":"brown-onion.png"}],"equipment":[],"length":{"number":7,"unit":"minutes"}},{"number":5,"step":"Add garlic; saut 30 seconds, stirring constantly.","ingredients":[{"id":11215,"name":"garlic","localizedName":"garlic","image":"garlic.png"}],"equipment":[]},{"number":6,"step":"Add chickpeas; saut 1 minute. Stir in broccoli rabe, salt, and black pepper; cook 2 minutes or until thoroughly heated, tossing to combine.","ingredients":[{"id":11096,"name":"broccoli rabe","localizedName":"broccoli rabe","image":"broccoli-rabe.jpg"},{"id":1002030,"name":"black pepper","localizedName":"black pepper","image":"pepper.jpg"},{"id":16057,"name":"chickpeas","localizedName":"chickpeas","image":"chickpeas.png"},{"id":2047,"name":"salt","localizedName":"salt","image":"salt.jpg"}],"equipment":[],"length":{"number":3,"unit":"minutes"}},{"number":7,"step":"Place about 1 1/2 cups chickpea mixture on each of 4 plates; shave 1/2 ounce cheese evenly over each serving.","ingredients":[{"id":16057,"name":"chickpeas","localizedName":"chickpeas","image":"chickpeas.png"},{"id":1041009,"name":"cheese","localizedName":"cheese","image":"cheddar-cheese.png"}],"equipment":[]}]}]
