[{"name":"","steps":[{"number":1,"step":"Preheat the fryer.In a wok, heat the oil. When the oil is hot, add the pork. Season with salt and pepper. Stir fry for 3 minutes.","ingredients":[{"id":1102047,"name":"salt and pepper","localizedName":"salt and pepper","image":"salt-and-pepper.jpg"},{"id":10010219,"name":"pork","localizedName":"pork","image":"pork-tenderloin-raw.png"},{"id":4582,"name":"cooking oil","localizedName":"cooking oil","image":"vegetable-oil.jpg"}],"equipment":[{"id":404666,"name":"wok","localizedName":"wok","image":"wok.png"}],"length":{"number":3,"unit":"minutes"}},{"number":2,"step":"Add the onions and garlic, continue to cook for 2 minutes.","ingredients":[{"id":11215,"name":"garlic","localizedName":"garlic","image":"garlic.png"},{"id":11282,"name":"onion","localizedName":"onion","image":"brown-onion.png"}],"equipment":[],"length":{"number":2,"unit":"minutes"}},{"number":3,"step":"Add the bok choy and shrimp. Season with salt and pepper. Stir-fry for 1 minute. Season with the sesame oil, soy sauce, sake and sugar.","ingredients":[{"id":1102047,"name":"salt and pepper","localizedName":"salt and pepper","image":"salt-and-pepper.jpg"},{"id":4058,"name":"sesame oil","localizedName":"sesame oil","image":"sesame-oil.png"},{"id":16124,"name":"soy sauce","localizedName":"soy sauce","image":"soy-sauce.jpg"},{"id":11116,"name":"bok choy","localizedName":"bok choy","image":"bok-choy.jpg"},{"id":15270,"name":"shrimp","localizedName":"shrimp","image":"shrimp.png"},{"id":19335,"name":"sugar","localizedName":"sugar","image":"sugar-in-bowl.png"},{"id":43479,"name":"sake","localizedName":"sake","image":"sake.png"}],"equipment":[],"length":{"number":1,"unit":"minutes"}},{"number":4,"step":"Add the sprouts and green onions and mix thoroughly.","ingredients":[{"id":11291,"name":"green onions","localizedName":"green onions","image":"spring-onions.jpg"},{"id":11001,"name":"sprouts","localizedName":"sprouts","image":"alfalfa-sprouts.png"}],"equipment":[]},{"number":5,"step":"Remove from the heat and cool completely.To assemble, spoon about 1/4 cup of the filling in a rectangular shape on the center of each wrapper. Fold in the ends toward the center about 1/4-inch. Then, beginning at the bottom, roll up the wrapper, like a jelly roll, using a little of the egg wash to seal the end tightly. Repeat until all of the egg rolls are done.Fry the egg rolls in batches until golden brown, stirring occasionally for overall browning, about 2 to 3 minutes.","ingredients":[{"id":19297,"name":"jelly","localizedName":"jelly","image":"grape-jelly.jpg"},{"id":0,"name":"roll","localizedName":"roll","image":"dinner-yeast-rolls.jpg"},{"id":1123,"name":"egg","localizedName":"egg","image":"egg.png"}],"equipment":[],"length":{"number":2,"unit":"minutes"}},{"number":6,"step":"Remove from the oil and drain on paper towels. Season the egg rolls with Essence.","ingredients":[{"id":0,"name":"roll","localizedName":"roll","image":"dinner-yeast-rolls.jpg"},{"id":1123,"name":"egg","localizedName":"egg","image":"egg.png"},{"id":4582,"name":"cooking oil","localizedName":"cooking oil","image":"vegetable-oil.jpg"}],"equipment":[{"id":405895,"name":"paper towels","localizedName":"paper towels","image":"paper-towels.jpg"}]},{"number":7,"step":"Serve warm with the Sweet and Sour Sauce.","ingredients":[{"id":0,"name":"sweet and sour sauce","localizedName":"sweet and sour sauce","image":""}],"equipment":[]}]},{"name":"Emeril's ESSENCE Creole Seasoning (also referred to as Bayou Blast)","steps":[{"number":1,"step":"2 1/2 tablespoons paprika2 tablespoons salt2 tablespoons garlic powder1 tablespoon black pepper1 tablespoon onion powder1 tablespoon cayenne pepper 1 tablespoon dried oregano1 tablespoon dried thyme","ingredients":[{"id":2031,"name":"cayenne pepper","localizedName":"cayenne pepper","image":"chili-powder.jpg"},{"id":2042,"name":"dried thyme","localizedName":"dried thyme","image":"thyme.jpg"},{"id":11215,"name":"garlic","localizedName":"garlic","image":"garlic.png"},{"id":11282,"name":"onion","localizedName":"onion","image":"brown-onion.png"}],"equipment":[]},{"number":2,"step":"Combine all ingredients thoroughly.","ingredients":[],"equipment":[]}]}]
