[{"name":"","steps":[{"number":1,"step":"Make the kimchee: In a small bowl, combine the soy sauce, rice vinegar, ginger, garlic, chile peppers, and sugar and whisk together well. In a medium bowl, toss the cabbage, cucumber, red pepper, and carrot together.","ingredients":[{"id":11819,"name":"chili pepper","localizedName":"chili pepper","image":"red-chili.jpg"},{"id":1022053,"name":"rice vinegar","localizedName":"rice vinegar","image":"rice-vinegar.png"},{"id":11821,"name":"red pepper","localizedName":"red pepper","image":"red-pepper.jpg"},{"id":16124,"name":"soy sauce","localizedName":"soy sauce","image":"soy-sauce.jpg"},{"id":11206,"name":"cucumber","localizedName":"cucumber","image":"cucumber.jpg"},{"id":11109,"name":"cabbage","localizedName":"cabbage","image":"cabbage.jpg"},{"id":11124,"name":"carrot","localizedName":"carrot","image":"sliced-carrot.png"},{"id":11215,"name":"garlic","localizedName":"garlic","image":"garlic.png"},{"id":11216,"name":"ginger","localizedName":"ginger","image":"ginger.png"},{"id":19335,"name":"sugar","localizedName":"sugar","image":"sugar-in-bowl.png"}],"equipment":[{"id":404661,"name":"whisk","localizedName":"whisk","image":"whisk.png"},{"id":404783,"name":"bowl","localizedName":"bowl","image":"bowl.jpg"}]},{"number":2,"step":"Add just enough of the dressing to moisten the vegetables and mix well; refrigerate.","ingredients":[{"id":11583,"name":"vegetable","localizedName":"vegetable","image":"mixed-vegetables.png"}],"equipment":[]},{"number":3,"step":"Place the short ribs in a large bowl.","ingredients":[{"id":10013149,"name":"beef short ribs","localizedName":"beef short ribs","image":"beef-short-ribs.jpg"}],"equipment":[{"id":404783,"name":"bowl","localizedName":"bowl","image":"bowl.jpg"}]},{"number":4,"step":"Combine all the marinade ingredients in a small bowl and pour the mixture over the short ribs. Cover and refrigerate for at least 1 hour and up to 3 hours.","ingredients":[{"id":10013149,"name":"beef short ribs","localizedName":"beef short ribs","image":"beef-short-ribs.jpg"},{"id":0,"name":"marinade","localizedName":"marinade","image":"seasoning.png"}],"equipment":[{"id":404783,"name":"bowl","localizedName":"bowl","image":"bowl.jpg"}],"length":{"number":240,"unit":"minutes"}},{"number":5,"step":"Meanwhile, light a fire in your grill.","ingredients":[],"equipment":[{"id":404706,"name":"grill","localizedName":"grill","image":"grill.jpg"}]},{"number":6,"step":"Remove the meat from the marinade and pat it dry with paper towels; discard the marinade. When the fire has died down and the coals are very hot (you can hold your hand 5 inches above the heat source for only 1 to 2 seconds), place the meat on the grill and sear well on one side, about 3 minutes. Turn and continue cooking to the desired doneness, about 3 minutes more for rare.","ingredients":[{"id":0,"name":"marinade","localizedName":"marinade","image":"seasoning.png"},{"id":1065062,"name":"meat","localizedName":"meat","image":"whole-chicken.jpg"}],"equipment":[{"id":405895,"name":"paper towels","localizedName":"paper towels","image":"paper-towels.jpg"},{"id":404706,"name":"grill","localizedName":"grill","image":"grill.jpg"}],"length":{"number":6,"unit":"minutes"}},{"number":7,"step":"Remove the meat from the grill, cover loosely with foil, and allow to rest for 5 minutes.","ingredients":[{"id":1065062,"name":"meat","localizedName":"meat","image":"whole-chicken.jpg"}],"equipment":[{"id":404706,"name":"grill","localizedName":"grill","image":"grill.jpg"},{"id":404765,"name":"aluminum foil","localizedName":"aluminum foil","image":"aluminum-foil.png"}],"length":{"number":5,"unit":"minutes"}},{"number":8,"step":"Serve the ribs hot, accompanied by the kimchee.","ingredients":[{"id":23236,"name":"ribs","localizedName":"ribs","image":"ribs.png"}],"equipment":[]},{"number":9,"step":"var article","ingredients":[],"equipment":[]},{"number":10,"step":"Type_27_data = {};","ingredients":[],"equipment":[]},{"number":11,"step":"article","ingredients":[],"equipment":[]},{"number":12,"step":"Type_27_data.init_step_by_step_images = 0;","ingredients":[],"equipment":[]}]}]
