[{"name":"","steps":[{"number":1,"step":"Trim stem ends from broccoli rabe and discard.","ingredients":[{"id":11096,"name":"broccoli rabe","localizedName":"broccoli rabe","image":"broccoli-rabe.jpg"}],"equipment":[]},{"number":2,"step":"Cut remainder crosswise into  1 1/2-inch pieces.","ingredients":[],"equipment":[]},{"number":3,"step":"Cook broccoli rabe and peas in a 4- to 6-quart pot of boiling salted water until broccoli rabe is wilted and stems are crisp-tender, 2 to 3 minutes.","ingredients":[{"id":11096,"name":"broccoli rabe","localizedName":"broccoli rabe","image":"broccoli-rabe.jpg"},{"id":14412,"name":"water","localizedName":"water","image":"water.png"},{"id":11304,"name":"peas","localizedName":"peas","image":"peas.jpg"}],"equipment":[{"id":404752,"name":"pot","localizedName":"pot","image":"stock-pot.jpg"}],"length":{"number":2,"unit":"minutes"}},{"number":4,"step":"Drain well in a colander.","ingredients":[],"equipment":[{"id":404639,"name":"colander","localizedName":"colander","image":"colander.jpg"}]},{"number":5,"step":"Heat oil with garlic in a 12-inch heavy skillet over moderately high heat, turning garlic frequently, until garlic is golden, 1 to 2 minutes, then discard garlic.","ingredients":[{"id":11215,"name":"garlic","localizedName":"garlic","image":"garlic.png"},{"id":4582,"name":"cooking oil","localizedName":"cooking oil","image":"vegetable-oil.jpg"}],"equipment":[{"id":404645,"name":"frying pan","localizedName":"frying pan","image":"pan.png"}],"length":{"number":1,"unit":"minutes"}},{"number":6,"step":"Add broccoli rabe, peas, salt, and pepper to skillet and sauté, stirring, until well coated with garlic oil, about 2 minutes.","ingredients":[{"id":11096,"name":"broccoli rabe","localizedName":"broccoli rabe","image":"broccoli-rabe.jpg"},{"id":1004053,"name":"garlic oil","localizedName":"garlic oil","image":"garlic-oil.jpg"},{"id":1002030,"name":"pepper","localizedName":"pepper","image":"pepper.jpg"},{"id":11304,"name":"peas","localizedName":"peas","image":"peas.jpg"},{"id":2047,"name":"salt","localizedName":"salt","image":"salt.jpg"}],"equipment":[{"id":404645,"name":"frying pan","localizedName":"frying pan","image":"pan.png"}],"length":{"number":2,"unit":"minutes"}}]}]
