[{"name":"","steps":[{"number":1,"step":"Cook the pasta in a large pot of boiling salted water according to package directions, or until al dente.","ingredients":[{"id":20420,"name":"pasta","localizedName":"pasta","image":"fusilli.jpg"},{"id":14412,"name":"water","localizedName":"water","image":"water.png"}],"equipment":[{"id":404752,"name":"pot","localizedName":"pot","image":"stock-pot.jpg"}]},{"number":2,"step":"Drain the pasta in a colander.","ingredients":[{"id":20420,"name":"pasta","localizedName":"pasta","image":"fusilli.jpg"}],"equipment":[{"id":404639,"name":"colander","localizedName":"colander","image":"colander.jpg"}]},{"number":3,"step":"Heat the lemon oil in a large skillet over medium-high heat.","ingredients":[{"id":10911111,"name":"lemon oil","localizedName":"lemon oil","image":"lemon-oil.png"}],"equipment":[{"id":404645,"name":"frying pan","localizedName":"frying pan","image":"pan.png"}]},{"number":4,"step":"Add the onion, and cook, stirring, for 2 minutes.","ingredients":[{"id":11282,"name":"onion","localizedName":"onion","image":"brown-onion.png"}],"equipment":[],"length":{"number":2,"unit":"minutes"}},{"number":5,"step":"Add the raisins, ginger, zest, garlic, salt, and pepper flakes and cook, stirring, for 2 minutes. Gradually add the greens, and as the leaves begin to wilt, add more to fit in the pan, turning constantly with tongs; cook until the greens are wilted and bright green, about 5 minutes.","ingredients":[{"id":9299,"name":"raisins","localizedName":"raisins","image":"raisins.jpg"},{"id":11215,"name":"garlic","localizedName":"garlic","image":"garlic.png"},{"id":11216,"name":"ginger","localizedName":"ginger","image":"ginger.png"},{"id":21052,"name":"greens","localizedName":"greens","image":"mixed-greens-or-mesclun.jpg"},{"id":1002030,"name":"pepper","localizedName":"pepper","image":"pepper.jpg"},{"id":2047,"name":"salt","localizedName":"salt","image":"salt.jpg"}],"equipment":[{"id":404641,"name":"tongs","localizedName":"tongs","image":"tongs.jpg"},{"id":404645,"name":"frying pan","localizedName":"frying pan","image":"pan.png"}],"length":{"number":7,"unit":"minutes"}},{"number":6,"step":"Add the vinegar and cook, stirring, for 1 minute.Return the pasta to the cooking pot, add the vegetable mixture, and toss to combine well.","ingredients":[{"id":11583,"name":"vegetable","localizedName":"vegetable","image":"mixed-vegetables.png"},{"id":2053,"name":"vinegar","localizedName":"vinegar","image":"vinegar-(white).jpg"},{"id":20420,"name":"pasta","localizedName":"pasta","image":"fusilli.jpg"}],"equipment":[{"id":404752,"name":"pot","localizedName":"pot","image":"stock-pot.jpg"}],"length":{"number":1,"unit":"minutes"}},{"number":7,"step":"Serve hot.","ingredients":[],"equipment":[]}]},{"name":"Lemon Olive Oil","steps":[{"number":1,"step":"Place the oil and the zest in a glass jar.","ingredients":[{"id":4582,"name":"cooking oil","localizedName":"cooking oil","image":"vegetable-oil.jpg"}],"equipment":[]},{"number":2,"step":"Let stand at room temperature for at least 2 weeks, shaking occasionally.","ingredients":[],"equipment":[]},{"number":3,"step":"Pour the oil through a strainer and discard the zest.","ingredients":[{"id":4582,"name":"cooking oil","localizedName":"cooking oil","image":"vegetable-oil.jpg"}],"equipment":[{"id":405600,"name":"sieve","localizedName":"sieve","image":"strainer.png"}]},{"number":4,"step":"Transfer to a jar and store, tightly covered, at in refrigerator.","ingredients":[],"equipment":[]}]}]
