[{"name":"","steps":[{"number":1,"step":"Cook the pasta according to the package directions. Meanwhile, in a large saucepan, over medium heat, heat the oil.","ingredients":[{"id":20420,"name":"pasta","localizedName":"pasta","image":"fusilli.jpg"},{"id":4582,"name":"cooking oil","localizedName":"cooking oil","image":"vegetable-oil.jpg"}],"equipment":[{"id":404669,"name":"sauce pan","localizedName":"sauce pan","image":"sauce-pan.jpg"}]},{"number":2,"step":"Add the sausage and cook, crumbling it with a spoon, until browned, about 5 minutes.","ingredients":[{"id":1017063,"name":"sausage","localizedName":"sausage","image":"raw-pork-sausage.png"}],"equipment":[],"length":{"number":5,"unit":"minutes"}},{"number":3,"step":"Add the garlic and cook for 1 minute more.","ingredients":[{"id":11215,"name":"garlic","localizedName":"garlic","image":"garlic.png"}],"equipment":[],"length":{"number":1,"unit":"minutes"}},{"number":4,"step":"Add the broth and red pepper and bring to a boil. Then add the broccoli rabe, cover, and cook until tender, about 3 minutes. Stir in the butter and Parmesan and cook, uncovered, until the sauce thickens slightly, about 2 minutes.","ingredients":[{"id":11096,"name":"broccoli rabe","localizedName":"broccoli rabe","image":"broccoli-rabe.jpg"},{"id":11821,"name":"red pepper","localizedName":"red pepper","image":"red-pepper.jpg"},{"id":1033,"name":"parmesan","localizedName":"parmesan","image":"parmesan.jpg"},{"id":1001,"name":"butter","localizedName":"butter","image":"butter-sliced.jpg"},{"id":1006615,"name":"broth","localizedName":"broth","image":"chicken-broth.png"},{"id":0,"name":"sauce","localizedName":"sauce","image":""}],"equipment":[],"length":{"number":5,"unit":"minutes"}},{"number":5,"step":"Add the drained pasta, season with the salt and black pepper, and toss to combine.Tip: Broccoli rabe, a leafy distant cousin of broccoli, has a bitter flavor and smaller florets. For a milder alternative, substitute broccoli. For a more peppery bite, try arugula, Swiss chard, or beet greens.","ingredients":[{"id":1102047,"name":"salt and pepper","localizedName":"salt and pepper","image":"salt-and-pepper.jpg"},{"id":11096,"name":"broccoli rabe","localizedName":"broccoli rabe","image":"broccoli-rabe.jpg"},{"id":11086,"name":"beet greens","localizedName":"beet greens","image":"beet-leaves.jpg"},{"id":11147,"name":"swiss chard","localizedName":"swiss chard","image":"swiss-chard.jpg"},{"id":11090,"name":"broccoli","localizedName":"broccoli","image":"broccoli.jpg"},{"id":11959,"name":"arugula","localizedName":"arugula","image":"arugula-or-rocket-salad.jpg"},{"id":20420,"name":"pasta","localizedName":"pasta","image":"fusilli.jpg"}],"equipment":[]}]}]
