[{"name":"","steps":[{"number":1,"step":"Place the stock, ginger, garlic and green onions in a large pot; bring to a boil. Reduce the heat, cover, and simmer for 30 minutes. Soak the noodles in warm water until softened; drain.","ingredients":[{"id":11291,"name":"green onions","localizedName":"green onions","image":"spring-onions.jpg"},{"id":20420,"name":"pasta","localizedName":"pasta","image":"fusilli.jpg"},{"id":11215,"name":"garlic","localizedName":"garlic","image":"garlic.png"},{"id":11216,"name":"ginger","localizedName":"ginger","image":"ginger.png"},{"id":1006615,"name":"stock","localizedName":"stock","image":"chicken-broth.png"},{"id":14412,"name":"water","localizedName":"water","image":"water.png"}],"equipment":[{"id":404752,"name":"pot","localizedName":"pot","image":"stock-pot.jpg"}],"length":{"number":30,"unit":"minutes"}},{"number":2,"step":"Cut into bite-size lengths.","ingredients":[],"equipment":[]},{"number":3,"step":"Cut the greens into bite-size pieces.","ingredients":[{"id":21052,"name":"greens","localizedName":"greens","image":"mixed-greens-or-mesclun.jpg"}],"equipment":[]},{"number":4,"step":"Cut the scallops into thin slices.","ingredients":[{"id":10015172,"name":"scallops","localizedName":"scallops","image":"scallops.jpg"}],"equipment":[]},{"number":5,"step":"Cut the squid into rings.","ingredients":[{"id":15175,"name":"squid","localizedName":"squid","image":"calamari-or-squid.jpg"}],"equipment":[]},{"number":6,"step":"Cut the tofu into cubes. Arrange the noodles, seafood, vegetables and tofu on a large platter. Cover and chill until ready to cook. Reheat the broth to simmering. Set a Mongolian hot pot or electric wok in the center of a table.","ingredients":[{"id":11583,"name":"vegetable","localizedName":"vegetable","image":"mixed-vegetables.png"},{"id":20420,"name":"pasta","localizedName":"pasta","image":"fusilli.jpg"},{"id":0,"name":"seafood","localizedName":"seafood","image":"shrimp.png"},{"id":1006615,"name":"broth","localizedName":"broth","image":"chicken-broth.png"},{"id":16213,"name":"tofu","localizedName":"tofu","image":"tofu.png"}],"equipment":[{"id":404752,"name":"pot","localizedName":"pot","image":"stock-pot.jpg"},{"id":404666,"name":"wok","localizedName":"wok","image":"wok.png"}]},{"number":7,"step":"Pour the broth into the pot and adjust heat to a gentle simmer. The guests use chopsticks or Chinese wire strainers to cook the seafood, vegetables and tofu slices in the boiling water and then dip into the sauce of their choice. Any remaining greens can be added at the end with the noodles to make the soup. *Note: the success of this dish depends on starting with a full-flavored stock or broth.","ingredients":[{"id":11583,"name":"vegetable","localizedName":"vegetable","image":"mixed-vegetables.png"},{"id":20420,"name":"pasta","localizedName":"pasta","image":"fusilli.jpg"},{"id":0,"name":"seafood","localizedName":"seafood","image":"shrimp.png"},{"id":21052,"name":"greens","localizedName":"greens","image":"mixed-greens-or-mesclun.jpg"},{"id":1006615,"name":"broth","localizedName":"broth","image":"chicken-broth.png"},{"id":0,"name":"sauce","localizedName":"sauce","image":""},{"id":1006615,"name":"stock","localizedName":"stock","image":"chicken-broth.png"},{"id":14412,"name":"water","localizedName":"water","image":"water.png"},{"id":0,"name":"soup","localizedName":"soup","image":""},{"id":16213,"name":"tofu","localizedName":"tofu","image":"tofu.png"},{"id":0,"name":"dip","localizedName":"dip","image":""}],"equipment":[{"id":405596,"name":"chopsticks","localizedName":"chopsticks","image":"chopsticks.jpg"},{"id":404752,"name":"pot","localizedName":"pot","image":"stock-pot.jpg"}]}]},{"name":"Garlic Mustard","steps":[{"number":1,"step":"Place garlic in a mortar. Mash with the heel of a cleaver or pestle.","ingredients":[{"id":11215,"name":"garlic","localizedName":"garlic","image":"garlic.png"}],"equipment":[{"id":404632,"name":"cleaver","localizedName":"cleaver","image":"cleaver.jpg"},{"id":404751,"name":"mortar and pestle","localizedName":"mortar and pestle","image":"mortar-and-pestle.jpg"}]},{"number":2,"step":"Add sugar and stir until it dissolves.","ingredients":[{"id":19335,"name":"sugar","localizedName":"sugar","image":"sugar-in-bowl.png"}],"equipment":[]},{"number":3,"step":"Add water, mustard powder, oils and vinegar stirring between each addition.","ingredients":[{"id":1002024,"name":"mustard powder","localizedName":"mustard powder","image":"dry-mustard.jpg"},{"id":2053,"name":"vinegar","localizedName":"vinegar","image":"vinegar-(white).jpg"},{"id":14412,"name":"water","localizedName":"water","image":"water.png"}],"equipment":[]}]}]
