[{"name":"","steps":[{"number":1,"step":"Bring a large pot of salted water to a boil, add the broccoli rabe and blanch for 2 minutes.","ingredients":[{"id":11096,"name":"broccoli rabe","localizedName":"broccoli rabe","image":"broccoli-rabe.jpg"},{"id":14412,"name":"water","localizedName":"water","image":"water.png"}],"equipment":[{"id":404752,"name":"pot","localizedName":"pot","image":"stock-pot.jpg"}],"length":{"number":2,"unit":"minutes"}},{"number":2,"step":"Drain in a colander and run cold water over.","ingredients":[{"id":14412,"name":"water","localizedName":"water","image":"water.png"}],"equipment":[{"id":404639,"name":"colander","localizedName":"colander","image":"colander.jpg"}]},{"number":3,"step":"Drain well again and squeeze out excess liquid.","ingredients":[],"equipment":[]},{"number":4,"step":"Heat 2 tablespoons of the oil, chili flakes and garlic in a large saute pan over medium heat and cook for 1 minute.","ingredients":[{"id":1032009,"name":"red pepper flakes","localizedName":"red pepper flakes","image":"red-pepper-flakes.jpg"},{"id":11215,"name":"garlic","localizedName":"garlic","image":"garlic.png"},{"id":4582,"name":"cooking oil","localizedName":"cooking oil","image":"vegetable-oil.jpg"}],"equipment":[{"id":404645,"name":"frying pan","localizedName":"frying pan","image":"pan.png"}],"length":{"number":1,"unit":"minutes"}},{"number":5,"step":"Add the broccoli rabe, salt and pepper and cook until slightly tender, about 5 minutes.","ingredients":[{"id":1102047,"name":"salt and pepper","localizedName":"salt and pepper","image":"salt-and-pepper.jpg"},{"id":11096,"name":"broccoli rabe","localizedName":"broccoli rabe","image":"broccoli-rabe.jpg"}],"equipment":[],"length":{"number":5,"unit":"minutes"}},{"number":6,"step":"In a separate large saute pan, heat the remaining 2 tablespoons of oil over high heat until the oil begins to shimmer.","ingredients":[{"id":4582,"name":"cooking oil","localizedName":"cooking oil","image":"vegetable-oil.jpg"}],"equipment":[{"id":404645,"name":"frying pan","localizedName":"frying pan","image":"pan.png"}]},{"number":7,"step":"Add the sausage links and using a wooden spoon, gently break up the meat into coarse pieces. Cook until deep golden brown. (You do not need to cook all the way because it will continue to cook in the oven.)","ingredients":[{"id":1037063,"name":"sausage links","localizedName":"sausage links","image":"breakfast-sausage-links.jpg"},{"id":1065062,"name":"meat","localizedName":"meat","image":"whole-chicken.jpg"}],"equipment":[{"id":404732,"name":"wooden spoon","localizedName":"wooden spoon","image":"wooden-spoon.jpg"},{"id":404784,"name":"oven","localizedName":"oven","image":"oven.jpg"}]},{"number":8,"step":"Combine the sausage and the broccoli rabe and let cool slightly.","ingredients":[{"id":11096,"name":"broccoli rabe","localizedName":"broccoli rabe","image":"broccoli-rabe.jpg"},{"id":1017063,"name":"sausage","localizedName":"sausage","image":"raw-pork-sausage.png"}],"equipment":[]},{"number":9,"step":"Heat the oil in a medium saucepan over high heat.","ingredients":[{"id":4582,"name":"cooking oil","localizedName":"cooking oil","image":"vegetable-oil.jpg"}],"equipment":[{"id":404669,"name":"sauce pan","localizedName":"sauce pan","image":"sauce-pan.jpg"}]},{"number":10,"step":"Add the garlic and cook for 30 seconds.","ingredients":[{"id":11215,"name":"garlic","localizedName":"garlic","image":"garlic.png"}],"equipment":[]},{"number":11,"step":"Add the tomatoes and oregano, bring to a boil and cook until the mixture thickens, about 15 minutes. Stir in the basil and season with salt and pepper.","ingredients":[{"id":1102047,"name":"salt and pepper","localizedName":"salt and pepper","image":"salt-and-pepper.jpg"},{"id":11529,"name":"tomato","localizedName":"tomato","image":"tomato.png"},{"id":2027,"name":"oregano","localizedName":"oregano","image":"oregano.jpg"},{"id":2044,"name":"basil","localizedName":"basil","image":"basil.jpg"}],"equipment":[],"length":{"number":15,"unit":"minutes"}},{"number":12,"step":"Let cool slightly.","ingredients":[],"equipment":[]},{"number":13,"step":"Dissolve the yeast and water in the bowl of a mixer fitted with the paddle attachment.","ingredients":[{"id":14412,"name":"water","localizedName":"water","image":"water.png"},{"id":18375,"name":"yeast","localizedName":"yeast","image":"yeast-granules.jpg"}],"equipment":[{"id":404726,"name":"blender","localizedName":"blender","image":"blender.png"},{"id":404783,"name":"bowl","localizedName":"bowl","image":"bowl.jpg"}]},{"number":14,"step":"Add the oils and mix for 30 seconds.","ingredients":[],"equipment":[]},{"number":15,"step":"Add the cornmeal, 3 cups of the flour and salt andbeat for 5 minutes. Switch to the dough hook and mix in the remaining 2 1/2 cups of flour and knead, using the dough hook for 2 minutes.","ingredients":[{"id":35137,"name":"cornmeal","localizedName":"cornmeal","image":"cornmeal.png"},{"id":0,"name":"dough","localizedName":"dough","image":"pizza-dough"},{"id":20081,"name":"all purpose flour","localizedName":"all purpose flour","image":"flour.png"},{"id":2047,"name":"salt","localizedName":"salt","image":"salt.jpg"}],"equipment":[],"length":{"number":7,"unit":"minutes"}},{"number":16,"step":"Add the butter and knead until incorporated. The dough is a very moist dough so do not add more flour unless absolutely needed.","ingredients":[{"id":1001,"name":"butter","localizedName":"butter","image":"butter-sliced.jpg"},{"id":0,"name":"dough","localizedName":"dough","image":"pizza-dough"},{"id":20081,"name":"all purpose flour","localizedName":"all purpose flour","image":"flour.png"}],"equipment":[]},{"number":17,"step":"Place the dough in a large bowl lightly oiled with vegetable oil, cover with plastic wrap or clean kitchen towels and let rise in a warm place until doubled in size, about 45 minutes. Punch down the dough and allow to double in size again.","ingredients":[{"id":4669,"name":"vegetable oil","localizedName":"vegetable oil","image":"vegetable-oil.jpg"},{"id":0,"name":"dough","localizedName":"dough","image":"pizza-dough"},{"id":0,"name":"punch","localizedName":"punch","image":""},{"id":10018364,"name":"wrap","localizedName":"wrap","image":"flour-tortilla.jpg"}],"equipment":[{"id":221439,"name":"kitchen towels","localizedName":"kitchen towels","image":"dish-towel.jpg"},{"id":404730,"name":"plastic wrap","localizedName":"plastic wrap","image":"plastic-wrap.jpg"},{"id":404783,"name":"bowl","localizedName":"bowl","image":"bowl.jpg"}],"length":{"number":45,"unit":"minutes"}},{"number":18,"step":"Preheat the oven to 450 degrees F.","ingredients":[],"equipment":[{"id":404784,"name":"oven","localizedName":"oven","image":"oven.jpg","temperature":{"number":450.0,"unit":"Fahrenheit"}}]},{"number":19,"step":"Place 2 pizza stones into the oven to preheat as well. Generously oil 2 (9 or 10-inch) deep dish pie pans with olive oil (about 2 tablespoons for each pan).","ingredients":[{"id":4053,"name":"olive oil","localizedName":"olive oil","image":"olive-oil.jpg"},{"id":4582,"name":"cooking oil","localizedName":"cooking oil","image":"vegetable-oil.jpg"}],"equipment":[{"id":406907,"name":"pizza stone","localizedName":"pizza stone","image":"pizza-stone.jpg"},{"id":404784,"name":"oven","localizedName":"oven","image":"oven.jpg"},{"id":404645,"name":"frying pan","localizedName":"frying pan","image":"pan.png"}]},{"number":20,"step":"Divide the dough in half and press the dough out slightly on the counter top.","ingredients":[{"id":0,"name":"dough","localizedName":"dough","image":"pizza-dough"}],"equipment":[]},{"number":21,"step":"Place the dough in the prepared pans and push out to cover the bottom and up the side of the pans. (If using the 9-inch pans, pinch a 2-inch ball off each dough to make a better fit.)","ingredients":[{"id":0,"name":"dough","localizedName":"dough","image":"pizza-dough"}],"equipment":[]},{"number":22,"step":"Combine the cheese in a bowl.","ingredients":[{"id":1041009,"name":"cheese","localizedName":"cheese","image":"cheddar-cheese.png"}],"equipment":[{"id":404783,"name":"bowl","localizedName":"bowl","image":"bowl.jpg"}]},{"number":23,"step":"Place half of the cheese of the bottom of each pie crust. Divide the sausage filling over the cheese and then top with the remaining cheese, patting the cheese firmly down over the filling. Spoon some of the sauce over the top of the cheese to cover completely.","ingredients":[{"id":18334,"name":"pie crust","localizedName":"pie crust","image":"pie-crust.jpg"},{"id":1017063,"name":"sausage","localizedName":"sausage","image":"raw-pork-sausage.png"},{"id":1041009,"name":"cheese","localizedName":"cheese","image":"cheddar-cheese.png"},{"id":0,"name":"sauce","localizedName":"sauce","image":""}],"equipment":[]},{"number":24,"step":"Place the pans into the oven on the pizza stones and bake in the oven until golden brown, about 40 minutes.","ingredients":[],"equipment":[{"id":406907,"name":"pizza stone","localizedName":"pizza stone","image":"pizza-stone.jpg"},{"id":404784,"name":"oven","localizedName":"oven","image":"oven.jpg"}],"length":{"number":40,"unit":"minutes"}},{"number":25,"step":"Remove from the oven and sprinkle the top with Parmesan.","ingredients":[{"id":1033,"name":"parmesan","localizedName":"parmesan","image":"parmesan.jpg"}],"equipment":[{"id":404784,"name":"oven","localizedName":"oven","image":"oven.jpg"}]},{"number":26,"step":"Let the pizza rest on a baking sheet for 5 minutes before slicing.","ingredients":[],"equipment":[{"id":404727,"name":"baking sheet","localizedName":"baking sheet","image":"baking-sheet.jpg"}],"length":{"number":5,"unit":"minutes"}}]}]
