"V1","V2","word"
0,0,"sprinklewith"
0,0,"halfmoon"
-0.00135363254332351,0.000582824810144695,"desiredper"
0.002124251343747,-0.00132700020788964,"warmbring"
-2.22044604925031e-16,9.71445146547012e-17,"upon"
-0.00144132768896865,-0.00239310799737994,"vigorous"
-5.55111512312578e-17,0,"pak"
-6.93889390390723e-18,2.77555756156289e-17,"choi"
-3.46944695195361e-18,0,"fullflavored"
-0.00153262672203985,-0.0021584682569413,"fifteen"
-2.16840434497101e-19,-1.11022302462516e-16,"dunk"
-1.0842021724855e-19,-5.55111512312578e-16,"remember"
-0.00302472306193147,-0.000526142890461212,"pastacooking"
0,0,"count"
5.0821976835258e-21,3.33066907387547e-16,"flank"
-0.00209064055666039,-0.0044645326227617,"bitterness"
-0.00163708239850657,-0.00156416946226105,"shock"
3.97046694025453e-23,1.04083408558608e-17,"boilcook"
0,0,"4"
4.13590306276514e-25,0,"letstand"
0,0,"totaste"
0,0,"starchy"
8.07793566946316e-28,-6.7762635780344e-21,"integrate"
0,0,"mess"
0,0,"interior"
0,-1.32348898008484e-23,"suet"
0,1.65436122510606e-24,"deli"
6.16297582203915e-33,6.20385459414771e-25,"giardiniera"
7.70371977754894e-34,2.58493941422821e-26,"minutesusing"
0,9.69352280335579e-27,"wellcombined"
0.000495860263344718,6.88669412454784e-05,"diabetic"
0.00100239437548719,0.000743664451416423,"gluten"
0,0,"re"
0,0,"happen"
0,0,"continually"
0.00322091658416748,0.00318114190042741,"inthick"
0,0,"bruise"
0,0,"quiche"
0,0,"wellbrowned"
0,0,"perforate"
0.00154016913257669,-0.0114236383809851,"kcal"
0,0,"largely"
0,0,"floury"
0,0,"ferment"
0.000888359363111477,0.00158405211185231,"szechuan"
0,0,"transparent"
0,0,"oliveoil"
0.00425925647110012,-0.00178719782964,"overnightpreheat"
0,0,"tacky"
0,0,"sound"
0.00382229766546783,0.00129904931735119,"matchsticksize"
0,0,"pluck"
-0.00421694062140944,-0.00194220104256097,"residual"
0,0,"difference"
0,0,"force"
0,0,"chart"
0,0,"pastelike"
0,0,"cremini"
0,0,"morning"
0,0,"overcrowd"
0,0,"sachet"
0,0,"burst"
0,0,"confit"
0,0,"lard"
0,0,"minutestoss"
0.00224500528023949,0.0007494762628952,"concentric"
0,0,"vertical"
0,0,"pumpernickel"
0,0,"mind"
0.000157310678189871,-0.000523924888458518,"antipasto"
0.00367211055673378,-0.00103479442107425,"temperaturemeanwhile"
0,0,"accommodate"
0,0,"smallbowl"
0,0,"ease"
0.00258614525101198,0.00190626732009331,"bibb"
0,0,"extremely"
0,0,"scampi"
0,0,"platein"
0,0,"minutesstrain"
0,0,"minutesprepare"
0,0,"custard"
0,0,"ignite"
0,0,"stage"
0,0,"sand"
0,0,"mush"
0,0,"alcohol"
0,0,"properly"
0,0,"introduce"
0,0,"smear"
0,0,"broccolini"
0,0,"glow"
0,0,"broad"
0,0,"forget"
0,0,"allergy"
0,0,"spine"
0,0,"hammer"
-0.00290295219827167,-0.00227863064497578,"throughmeanwhile"
0,0,"highsided"
0.000611767883791845,-0.0186754563262281,"viewer"
0,0,"yuca"
0,0,"rap"
0,0,"minutesto"
0,0,"brownto"
0,0,"garlicky"
0,0,"pinkish"
0,0,"silk"
0,0,"worth"
0,0,"italy"
0,0,"difficult"
0,0,"frypan"
0.00376119196291502,-0.00385884645764338,"forkwhile"
0,0,"clarify"
0,0,"upwards"
0,0,"microwavable"
-0.0029184002433262,0.00116786162652046,"pepperarrange"
0,0,"outward"
0,0,"emulsion"
0,0,"slicesin"
0.00240423562834848,-0.000243848946179481,"offset"
0,0,"valley"
0,0,"meaty"
0,0,"pomelo"
0,0,"recover"
0,0,"peppergrill"
0,0,"wellgreased"
-0.00218614279827324,-0.00153077737106188,"circulation"
0,0,"asidearrange"
0,0,"increment"
0,0,"piecesin"
0,0,"click"
0,0,"mixturein"
0,0,"coolmeanwhile"
-0.0029184002433262,0.00116786162652046,"peppermeanwhile"
0,0,"onequarter"
0,0,"lemoncaper"
0,0,"flower"
0,0,"masa"
0.000188880732908754,0.00049715108524928,"english"
0,0,"souffl"
0,0,"frittata"
0,0,"pasteurize"
0,0,"presentation"
0,0,"buttery"
0.00502812894549942,0.00163733017982043,"bitesized"
-0.0029184002433262,0.00116786162652046,"peppertoss"
0.00423054705498265,0.000232524033369052,"horizontal"
0,0,"immediatelyprint"
-0.00127881602867893,-0.0011774549552879,"wellrefrigerate"
0,0,"grid"
0,0,"adult"
0,0,"world"
0,0,"ive"
0,0,"sometimes"
0,0,"mooli"
0,0,"sharply"
0,0,"popper"
0,0,"rhubarb"
0,0,"barilla"
0,0,"creamylooking"
0,0,"medallion"
0,0,"plane"
0.000130880135272097,-0.00164587099370164,"chillpreheat"
0,0,"kumquat"
0,0,"lavender"
0,0,"neatly"
0,0,"togarashi"
0.00319429876771936,-0.000801283154610779,"chute"
0,0,"carry"
-0.00410785809999068,-0.00189170613236314,"boilreduce"
0,0,"flameproof"
0,0,"spinner"
0,0,"hang"
0,0,"us"
0,0,"nest"
0,0,"roomtemperature"
0,0,"city"
0,0,"personal"
0,0,"succotash"
0,0,"tostada"
0,0,"shiso"
-7.61945913841721e-05,-9.61555877586673e-05,"buckwheat"
0.00360649991882497,0.000900634090163221,"matzoh"
0,0,"tobowl"
0.000813610190641739,-0.00135335121424926,"stuffer"
0,0,"torta"
0,0,"toasty"
0,0,"zests"
-0.00410532644464743,-0.0018902748663433,"overmediumhigh"
0,0,"ale"
0,0,"shouldnt"
0,0,"present"
0,0,"coulis"
0,0,"turnover"
0,0,"unpeeled"
0,0,"rum"
0,0,"select"
0,0,"chipotles"
0,0,"blanco"
0,0,"vineyard"
0,0,"oilin"
0,0,"cockle"
0,0,"pyrex"
0,0,"seltzer"
-0.00270418212991065,-0.00168633335319036,"throughmakeahead"
0,0,"shellfish"
0,0,"definitely"
0,0,"iceberg"
0,0,"newspaper"
0,0,"bowlseason"
0,0,"band"
0,0,"serrate"
0,0,"microwaveable"
0,0,"eggshell"
0,0,"chimichurri"
0,0,"empanadas"
0,0,"oillemon"
0,0,"kind"
0.00731560731623293,0.0013354691518606,"ricer"
0,0,"heavily"
0,0,"thumb"
0,0,"cohesive"
0,0,"mizuna"
0.00515120401009306,0.0020928726540261,"caution"
0,0,"flan"
0,0,"fondue"
0,0,"strand"
0,0,"assembly"
0.000859645712103308,0.00105583081324364,"guajillo"
-0.00324856275318362,0.000976473352352543,"infuse"
0,0,"alternative"
0.00505153923533989,0.00164346299976922,"legthigh"
0,0,"plenty"
0.00224387804786784,-0.000846281379901614,"tightfitting"
0,0,"trace"
0,0,"crespella"
0.00093410331806753,-0.000920196133440837,"redpepper"
0.000273636933076461,0.000864081304511073,"gizzard"
-0.00194965126158869,0.000741550986856106,"granulate"
0,0,"original"
0,0,"yet"
0,0,"idea"
-0.00541716194910787,0.00265152149506106,"oilseason"
0.00171538332887971,0.000354606868386486,"butternut"
-0.00129909500684553,-0.00182791722947822,"puffy"
0,0,"agave"
0,0,"stout"
0,0,"halfmoons"
0,0,"crosshatch"
0,0,"madeira"
-0.00247099879491498,-0.000895536440614107,"threefourths"
-0.00461375668838202,0.00237588104677349,"tastewith"
0,0,"bouillon"
0,0,"fragrance"
0,0,"dilute"
0,0,"splatter"
0,0,"fahrenheit"
-0.00121403063197582,-0.00170822572453072,"mushy"
0,0,"event"
0,0,"support"
0,0,"balance"
0,0,"snugly"
0.00510595830078068,-0.0230568592537699,"lenten"
0.0055545253755334,-0.0245235304074863,"friendly"
0,0,"minutesonce"
-0.0028568354824926,0.00114218935199818,"pepperdivide"
0,0,"tropical"
0,0,"similar"
0,0,"sweeten"
0,0,"experience"
0,0,"meet"
0,0,"especially"
0,0,"pint"
0,0,"unmold"
0,0,"cone"
0.00365750486587992,-0.00102974474232732,"temperaturein"
4.84704824374797e-05,-2.3061257622916e-05,"needlenose"
0,0,"downward"
0,0,"wear"
0,0,"fishcover"
0,0,"dishin"
0,0,"entirely"
0,0,"gap"
0.00282358641274666,0.000566752857348719,"parcel"
-0.00283700332457338,-0.00222484742875531,"minuteswhile"
0,0,"minutescarefully"
0,0,"charmoula"
0,0,"portabellas"
-0.00225788923379069,-0.000302503484638372,"heatin"
0,0,"preference"
0,0,"centre"
-0.00251161388078353,0.00100416655020638,"pepperdip"
0,0,"mascarpone"
0,0,"paint"
0,0,"kid"
0.00150587667136983,0.00188253410164228,"lemonmustard"
0,0,"carpaccio"
0.0081695419232094,0.00343157367483169,"eighth"
0,0,"sirloin"
0,0,"upside"
0,0,"frisee"
0,0,"sift"
0,0,"tall"
0,0,"wellseasoned"
0,0,"honeyed"
0,0,"chou"
0.00755968906966727,0.00155073415967564,"foilcovered"
0,0,"rectangular"
0,0,"already"
-0.00343393156694975,-0.00157981720118146,"drainmeanwhile"
0,0,"thanksgiving"
0,0,"dab"
0,0,"froth"
0.00574359506631754,0.000838973218182031,"usda"
0,0,"proof"
0.000687826735970641,0.000210393620932708,"pinterest"
0,0,"mine"
0,0,"vibrant"
0,0,"gumbo"
0,0,"minutespreheat"
0.000368662461721541,0.00230140864378517,"kaffir"
0.00263228875871486,-4.99827735276266e-05,"forth"
0,0,"paella"
-0.00358807437353118,0.00107819339631169,"safflower"
0.00336658522670572,3.93032762130958e-05,"mackerel"
0,0,"ros"
0.00258493587502185,-0.0139630359216965,"cigar"
-0.00156056149328539,-0.00148908315348624,"filter"
0,0,"towards"
0.000867283179624827,0.00154442386721399,"sichuan"
0,0,"spiral"
0,0,"soybean"
0.00115186553085954,0.000138286532827367,"database"
0,0,"quince"
9.49811646674078e-05,3.67966316248826e-05,"twitter"
0.00292187645710442,0.00288197503032054,"thickly"
0,0,"bias"
0,0,"shrink"
0,0,"win"
0,0,"backbone"
0,0,"whether"
0,0,"lemonchive"
0,0,"quail"
0,0,"mounding"
0,0,"bisque"
9.56743249069217e-05,3.70462291558641e-05,"google"
0,0,"scotch"
0,0,"gash"
0,0,"flavour"
0,0,"nonmetallic"
0,0,"caribbean"
0,0,"homemade"
0,0,"cornichons"
0,0,"crock"
0,0,"wholegrain"
0,0,"dozen"
0,0,"jerk"
0.000831276089249714,-0.000123978695727146,"mung"
0,0,"herbed"
0,0,"compact"
0,0,"timbales"
0.000388069465885709,-3.7710593777324e-05,"bulgar"
0,0,"blini"
0,0,"canoe"
0,0,"consomm"
-0.00033244402841253,0.000942665869800915,"scramble"
0,0,"drag"
0.000607234873776813,-0.00104092421783553,"bonito"
0,0,"tamari"
0.00158844107136199,-0.000706465079339271,"sum"
0,0,"securely"
-0.0012013761497377,-0.00168924120089336,"timer"
0.00308996646683833,-0.00054403069174867,"springform"
0.00255633240192383,-0.00134156225630635,"retain"
0.000206707677111124,-0.000524153318310138,"switch"
0.000577127852952796,0.0040338576065147,"prechopped"
-0.00387294778151291,-0.00319608625237903,"recoat"
0,0,"mostly"
-0.00801999600415594,-0.00380370648938846,"kielbasa"
-0.000373874464834537,-0.00246831577282603,"briskly"
0.00406458564958713,0.000303570951227256,"flush"
-0.00219009267209299,-0.00171632657940919,"minutesstir"
0,0,"welloiled"
0.00111508333726619,-0.000518522399172204,"extend"
0,0,"cylinder"
0,0,"family"
0,0,"uniform"
0,0,"must"
0,0,"pasty"
0,0,"frothy"
0,0,"minutesin"
0,0,"meld"
0,0,"slather"
0,0,"disc"
0,0,"mojo"
0.00462156070173144,0.00204423831784889,"vertically"
0.000334259637226845,0.0001215962136448,"asideto"
0,0,"pimentn"
0.00312276378000389,-0.00185931349672654,"incision"
0.00299478030391826,0.00131849202101747,"choose"
0,0,"interval"
0.000412251053692142,-0.000159868943226,"plier"
0,0,"motion"
-0.00291842903338864,-0.00134198981890726,"element"
0,0,"spanish"
0.00647827762716095,0.000380046383302047,"front"
-0.0010318055186282,0.00142842597438267,"fishin"
0.000100915870408246,0.000249524292567788,"breaded"
0,0,"guide"
-0.00312553006765121,-0.00143722169752616,"moment"
0,0,"fruity"
0,0,"pitcher"
-5.16033263026493e-05,0.0011249953563945,"heirloom"
0.00135230245257918,0.000505496376126091,"macadamia"
0.00108103617966541,-0.000502650573704744,"parallel"
3.32458231476552e-05,0.000951728916852303,"troutvegetable"
0,0,"throw"
0,0,"row"
0,0,"candy"
0.0023720867136282,0.000866180149333765,"immersion"
0.00800833956329159,5.82720144758486e-05,"unopened"
0,0,"chardonnay"
0,0,"mean"
0,0,"ragout"
0,0,"panini"
0,0,"kasha"
0,0,"cellophane"
0,0,"pierogi"
0,0,"complement"
0,0,"halibut"
0,0,"wellblended"
0,0,"mild"
0,0,"underneath"
0,0,"bulk"
0.00546937068407984,0.000485953078988997,"sturdy"
0,0,"life"
0,0,"france"
0,0,"roe"
0.00199811532713492,0.00206057642277607,"sauted"
0.00592693530070809,0.000527184575568664,"rimless"
0.000864173871563887,-0.000128847669081661,"cannellini"
0,0,"copyright"
0,0,"strong"
0.00211093757862971,-0.00199445473815182,"person"
0,0,"gold"
0.00160739774120075,0.000659984235882622,"slivered"
0.00108735683153637,-0.0010696451447223,"indoor"
0.00925002840154076,-0.00397175427933726,"purpose"
0,0,"prune"
0,0,"inchdiameter"
0.00101320925477311,-0.0012876837988898,"clementines"
0,0,"early"
0.0033222085506378,0.00172059691280351,"allpurpose"
0,0,"sec"
0.00275112543784349,0.00104091291756496,"mche"
0,0,"hummus"
0,0,"romano"
0,0,"jalapeño"
0,0,"harissa"
0,0,"sauvignon"
0,0,"bird"
0,0,"mexican"
0,0,"pretty"
0,0,"whats"
0,0,"santa"
0,0,"tahini"
0.0026756116576067,0.00100090157688835,"toaster"
0,0,"latkes"
0.00459625175057284,0.001000991491868,"stain"
0,0,"purchase"
0,0,"romesco"
0,0,"chimney"
0,0,"offer"
0,0,"brand"
0,0,"savory"
0,0,"permission"
0,0,"bonnet"
0,0,"match"
0,0,"spreadable"
0,0,"cheap"
0.00356581113028832,0.000278071369286802,"chopstick"
0.000692006986667474,-0.00278108523523526,"steep"
0,0,"feathery"
0,0,"cupful"
0,0,"fairly"
0.00438333167757068,0.0019377654198957,"trimming"
0,0,"cluster"
0,0,"fontina"
0,0,"ju"
-0.00315754597839801,-0.00224965098588069,"shade"
-0.00114191132947895,-0.00225547357055138,"particle"
-0.00116189524403883,-0.00163280242998199,"caramelize"
-0.0009148309771524,-0.0012856049202206,"saucy"
-0.00142588460787733,-0.000350402228085812,"roux"
-0.000992363422155478,-0.00139456066752482,"sweat"
0,0,"lose"
0,0,"thing"
0,0,"slowcooker"
0,0,"contact"
0,0,"stay"
-0.00170034945615219,-0.00053386349146672,"lima"
0,0,"clump"
0,0,"pressure"
0.00012942745259268,-0.00369218733380071,"blister"
0,0,"method"
0,0,"flap"
-0.00283440833579712,-0.000868053557261669,"heatcook"
0.00529688897368539,0.00187068036590347,"clingfilmplasticwrap"
0,0,"mousse"
0,0,"timbale"
0,0,"fluffy"
-0.00337549471634906,0.00101331413022112,"truffle"
0,0,"rich"
0.00016139964690522,0.000497514310349474,"reggiano"
0,0,"candied"
0,0,"version"
-5.06465289963878e-05,0.00110355829901478,"undrained"
0,0,"prior"
0,0,"marinara"
0,0,"organic"
0.00120976127205929,0.000174813081692342,"empanaditas"
0,0,"whizz"
0,0,"jeangeorges"
0,0,"fwash"
0,0,"drink"
0,0,"uncooked"
0.000162098673164088,-0.0024210463352959,"power"
-0.00205884975634029,-0.00413232211371331,"straightsided"
0.00110942428432919,0.00207360353383661,"rock"
-0.00134583281592082,0.000898750080679189,"herbes"
0,0,"tenderloin"
0,0,"spell"
-0.0012455300244595,0.000968156344382714,"scant"
-0.0023453888391143,-0.000366464959475651,"strawberry"
0,0,"escarole"
0.000486215051831677,-6.22073986908224e-05,"gray"
0,0,"glove"
0,0,"cane"
0.00360980331998316,0.00315684723132394,"passion"
0,0,"cross"
0.00923394515360274,-0.000233641229938995,"ziplock"
0,0,"love"
0,0,"traditional"
0.00223997892348569,0.000354430725355031,"whatever"
0,0,"skip"
0.00128716770055036,0.00310174361007099,"ancho"
0,0,"mns"
0,0,"largebowl"
0,0,"dampen"
0.000145341282250214,0.000388480674356004,"rouille"
-0.000337401008694381,0.00115007486213308,"unrefined"
0.00158669561434065,-0.000154362423274622,"latin"
-0.0027572896016321,-0.00165045424896344,"flatbottomed"
-0.00317965257611599,0.00076393339583014,"unsalted"
0,0,"sautee"
-0.00166609853169199,0.000687857348755891,"tomatillo"
0,0,"skate"
-0.00116352302580739,0.000539735042488795,"williamssonoma"
0.00182099466363041,0.000210000852287325,"screw"
0,0,"tight"
-0.00720737592436465,-0.00531019046101801,"orecchiette"
0.000119303243616494,0.000131389776925301,"liquor"
-0.00541268360147381,-0.00391076772191888,"farfalle"
-0.000966378626773075,-0.000308280324551596,"hickory"
0,0,"ghee"
0.00224826416525362,0.000869992133901109,"martini"
0,0,"consider"
0,0,"important"
-0.000385293649792047,-0.000360764768728401,"bbq"
0.00537657977149163,0.000110713345974435,"aluminium"
0.006891715744088,0.00129044065577504,"unroll"
-0.00178867550824469,0.000738397197399914,"hollandaise"
0.011606018809141,-0.00221946902928968,"shear"
0,0,"smoky"
0,0,"case"
0.00269133118323099,-0.000774652406842593,"deepfry"
0.000866275675427038,0.000697025035516335,"leafy"
-0.00192849512709131,-0.00150974315138377,"dump"
0,0,"say"
0,0,"crumbly"
0,0,"able"
0,0,"call"
0,0,"youve"
0,0,"tube"
0.00196976983479316,0.00185045502539837,"cardamom"
0.00439577968418406,-0.00045904199523523,"ash"
-0.0043050162455406,0.00319737539515032,"mesclun"
0.00091291116572339,-0.0011593858963803,"visible"
0.00219254662153438,0.00161187069338856,"neat"
0.00937100605642857,0.00482473254500708,"curve"
-0.00422777184812971,0.000862739566418514,"poultry"
0,0,"tentacle"
0.0251943466368524,-0.00528985902733265,"moistlooking"
-0.00448514252368249,0.00230736970837813,"tequila"
-0.00161146184860983,-0.00126155023960282,"know"
0,0,"somewhat"
0.00362681099763233,-0.00148709839755829,"vein"
-0.00423899281351737,0.00319462714623742,"bowlin"
0.00261764353268983,-0.00038611726626729,"upright"
-0.00304364000621584,-0.00311012360654646,"ridge"
0,0,"twothirds"
0.00742136666215355,-0.000389489769235877,"gather"
0,0,"sell"
0,0,"build"
-0.00198999289449096,0.000465610615348469,"pearl"
-0.00142312216154407,0.00242161116145405,"grass"
0,0,"im"
3.66816360978498e-05,-1.79146565990561e-05,"york"
-0.00203799853620379,-0.00159538045498556,"float"
-0.00251622071647167,-0.00322508743787878,"kettle"
-0.00142118849110559,-0.00242685952691049,"haricot"
0,0,"accompany"
0.00234113302535799,-0.000691763994293641,"grocery"
0,0,"raita"
0,0,"cantaloupe"
0,0,"link"
0.00055590226227157,-0.000400392446488999,"wild"
0.00194192558077475,0.000344973733699569,"fashion"
-0.000469344669543631,-0.000439398760582204,"deveined"
0.00228576377496612,-0.000617796264372476,"papertowellined"
0.00224206452219624,0.00210607314083057,"poppy"
0.011665689513773,0.00495447166973008,"hook"
0,0,"gravy"
0,0,"vegetarian"
-0.00217115461692799,0.00259477698142644,"collect"
-0.0047493618435417,0.00115640192835587,"pepperin"
-0.00211057325145674,-0.0033728287271782,"vert"
0.00061822381131155,-0.000466636756371241,"blackeyed"
0.000561279192764787,-1.3869186941337e-05,"shoot"
0.00113622223866578,0.00162664050416417,"provolone"
-0.000684933552965839,-0.000961910168735117,"habanero"
0.0035394424246337,-0.00111164502730186,"tweezer"
0,0,"deepfryer"
0.00143034440212685,0.000901801806189596,"ahi"
0,0,"grab"
0,0,"cutside"
-0.00443011989113903,0.00268036640115248,"saltand"
-0.00224563230576574,-0.00103130396589939,"decrease"
0,0,"tea"
0,0,"tasty"
0,0,"hash"
0,0,"crackling"
0,0,"range"
0,0,"bierocks"
-0.00184168601569991,-0.000724922113791754,"shorten"
0,0,"overhang"
0.00517846143829666,0.00046358913982094,"ungreased"
0,0,"beurre"
0,0,"ca"
0.000284542845783152,-3.200814879107e-05,"napa"
0,0,"greek"
-0.000428006450951167,-0.00234028838615615,"soba"
0.00175445907600097,-0.00132915621772686,"gill"
0,0,"simple"
0.00107100267765682,0.0015329960039077,"parmigianoreggiano"
0.0104786917076564,0.00071617423873972,"toward"
0.00309422196902009,-0.00612353507206074,"chewy"
-0.00387674799709544,-0.00712699998296333,"deeply"
-0.00271891730561655,-0.00263765785988205,"indirect"
0.00452016286499222,0.00432244321749371,"coffee"
0,0,"lot"
-0.00420173295394203,-0.000363139576974165,"flavorful"
-0.0062021514314585,0.00307181528074769,"provence"
-0.000456710458716429,-0.00179161853750193,"volume"
-0.00074602195395818,-0.00107017038856234,"smell"
0.00856807374010631,0.00327899672203659,"rope"
0.00253228028093139,0.000505501375180784,"masher"
-0.00167744389903086,-0.00131266550106587,"fettuccine"
0,0,"approx"
0,0,"decorate"
0,0,"ripe"
0.00128287859314159,0.00183615386671426,"cottage"
0,0,"lukewarm"
-0.00254237657524926,-0.00378914271665747,"penne"
0,0,"kimchi"
0,0,"suggest"
0.00262721193759172,0.000981775825606558,"rye"
-0.00153677535939891,0.00359345411004537,"burrata"
0,0,"simply"
0,0,"starch"
0,0,"always"
-0.00177296725654331,-0.00027679782693338,"plantain"
0,0,"mediterranean"
0,0,"require"
0,0,"shiny"
0,0,"weight"
0.00847846334645171,0.00291267519138666,"unfold"
-0.00305632600438843,0.00299075184171335,"fleur"
0,0,"chowder"
0,0,"think"
0,0,"breading"
0,0,"juicy"
-0.0010440686045278,-0.000382482638832446,"tilt"
0,0,"fee"
0.00166213487201577,0.00171176617613244,"expose"
0,0,"wing"
0.00369221758930803,-0.000611473039522917,"runny"
-0.000333569254330398,-0.00219869797009984,"bare"
-0.000924368487534016,0.000717867504812924,"evoo"
0,0,"nectar"
0.00376970979388238,0.000272395007367348,"phyllo"
0,0,"name"
0,0,"sort"
0,0,"wish"
0,0,"pinot"
-0.000310578744336951,-2.93190859886268e-05,"pilaf"
0,0,"age"
0.00402928790444026,9.86767585402748e-05,"nutrition"
0.0164629823478555,0.00359151958145021,"stretch"
0.00453048336642866,0.000892306918729124,"ganache"
-0.00491617058445654,-0.00266408477194413,"brandy"
0,0,"thai"
-0.0021797103848794,-0.00332265282094606,"rapidly"
-0.0026613733480429,-0.001525635476391,"vermouth"
-0.0059442027373543,-0.00269332333672053,"continuously"
-0.000854178282705153,-0.000757172685574566,"liver"
0.00289094950025511,0.00267145073771236,"blood"
0.00278967030188571,-0.000921122686930051,"tine"
0,0,"julienned"
0.00265044835571735,-0.00066274562959323,"child"
0.00201572923303757,-0.000617008387410938,"ziploc"
2.64454724500391e-05,0.00248097152648229,"sunflower"
0,0,"pipe"
0.00955426167701197,-0.00295935043130286,"rewhisk"
0,0,"buy"
0,0,"calamari"
0.000964116755196283,-0.00112110256292011,"floret"
0,0,"th"
0.00163065288651527,0.00137977368968597,"chervil"
0,0,"final"
-0.0011126869629443,-0.0011745186337046,"plump"
-0.00116468567609774,-0.00110902108085475,"immerse"
0,0,"area"
0,0,"perfect"
0.00380973697994523,0.00123635348518543,"guacamole"
0.0150426844467886,0.00368685688664525,"elastic"
0.00877404957199049,-0.00494707793856595,"internal"
0,0,"though"
-0.00303935669619696,-0.00307834375757141,"tablespoonful"
0.00386499781852043,-0.00432043745110069,"skimmer"
-0.000610281413208786,-0.000883114466245502,"aroma"
0.0083316086829393,-0.00115874134816384,"vent"
0.00169306349260014,-0.00105403139013066,"eye"
0.00288121071026242,-0.000720375888365346,"mill"
0.00783910655168784,-0.00180838119253128,"drip"
0,0,"doesnt"
0.00464570048444004,0.00452738160982492,"drape"
-0.00491759280381751,0.00419736094843922,"spritz"
0,0,"lay"
0.0092597700783407,-0.000177459889175745,"twine"
0.00123069062304875,0.000794191837958408,"smoker"
0.000140358463417255,0.000612074844170663,"croquette"
0,0,"sturgeon"
-0.000960322737057477,0.000859863822722182,"sel"
0,0,"type"
0.00720851102350992,0.00223432300899704,"log"
0.000471474565576253,-0.000633107217703652,"change"
-0.00204951891316552,-0.000940687244204157,"marsala"
-0.00209253169576751,-0.00179363592371839,"sunchokes"
0,0,"contain"
-0.00198213884518201,-0.000329614382487783,"molasses"
0,0,"order"
0.000170747342052955,-8.63655299043847e-05,"giblet"
0.0019812766668351,0.00405429258563843,"belacan"
0.00192784397693404,0.000304926074961397,"safe"
0,0,"scrap"
0,0,"plan"
0,0,"reduction"
0,0,"chocolate"
0.000880623253661273,-0.000237562747293999,"belly"
0.00595659240377103,-0.00139377218140307,"read"
0,0,"pattern"
-0.00081020951643148,-0.00113696194555813,"meantime"
0.000759174691482624,0.000929928437489289,"poblano"
0,0,"nori"
0.00267666968939899,0.00155800244505353,"belgian"
-0.00208168803976198,-0.00162811330690727,"home"
-0.00015255062534102,-0.000898537534204537,"plank"
-0.00150776366102725,-0.00023527290718075,"shank"
0,0,"manchego"
-0.00416430030647199,-0.00561026746147426,"casing"
0,0,"surround"
-0.00136580410865844,-0.00334365093295382,"ten"
0,0,"recommend"
0,0,"bottle"
-0.00714738852853617,-0.00343599699745378,"okra"
0.00366431233068413,0.000264652137274598,"lasagna"
0,0,"octopus"
0.00312115672013323,0.000243025633392429,"melon"
-0.00120381750066784,-0.00114593108721434,"defrost"
-0.00423988553455277,-0.00361605832350747,"nutty"
0.00301493661989047,-0.000187739910846193,"weigh"
-0.000541518368291382,0.000488755863803369,"adapt"
0.000885729283232587,0.00012779412325505,"flatbread"
0,0,"label"
0.00163923265164612,-0.000134752406033117,"care"
0.00395190528135842,-0.0020719852694184,"develop"
-0.00291245589062629,-0.00318711672511615,"tendercrisp"
0,0,"loose"
0.00171960151135623,-2.94223171418774e-05,"cheesecloth"
-0.00187860769981766,-0.00119869964804229,"sriracha"
0,0,"ramekin"
0.00661509094112529,0.00337388049770075,"ciabatta"
0.000498868442023279,-8.59963600592557e-06,"terrine"
9.3267594437808e-05,-0.00116848479083587,"oxtail"
0,0,"night"
0.00558182497319635,0.00190872821503167,"butterfly"
0,0,"replace"
0.000726603725114799,-0.0003371422537047,"bundle"
0.00162112063588671,0.000752964753258153,"chunky"
0.0150095400583278,0.00246154280953905,"narrow"
-0.00106301317629084,2.59692154864662e-05,"film"
0.0051228648221156,-0.0236350682191811,"pp"
0.000467900771421402,0.00188762457749458,"dashi"
0,0,"ceviche"
0,0,"post"
0.00896669157488509,0.00563385907877291,"paperthin"
-0.00124826601859789,-0.000194745070805802,"aromatic"
-0.001076808188189,-0.000972183644259811,"turnip"
0.00170379638755665,-0.00070422740443177,"neck"
0.0205830939262825,0.00274656657465833,"individually"
7.78086844466039e-05,0.000240013057675546,"stainless"
-0.00508051392588478,-0.00241254909203199,"raise"
0.0051923311821469,-2.62594080780853e-06,"rubber"
-0.000144136630705387,0.00140787112854949,"swiss"
0.0025515695165447,0.00251025875839866,"fan"
2.32321129390566e-05,0.000663595239306925,"onefourth"
0,0,"whitefish"
-0.00284039950632696,0.00190513107113257,"mediumsized"
-0.00227553386052254,-0.00067408439986208,"jam"
-0.000463538400440554,-0.000575697969973209,"minutesturn"
0.00751882156636196,0.00207318767177754,"stiff"
-0.00796712246972348,0.000280159377505185,"halfandhalf"
-0.00207984152692614,-0.000994772651767174,"empty"
-0.00183021077563785,-0.000285489938161276,"currant"
0.00276586005739474,-0.0136589669579158,"show"
0,0,"oval"
-0.00377398485652987,0.00494987096035281,"adobo"
0,0,"crema"
0.000656572841411814,-5.97677592530499e-05,"japanese"
0.00252543014203151,-0.0100475118994844,"share"
0.000816503266593835,-0.000121474944983514,"fava"
-0.00206166694154115,0.00281121395663544,"watermelon"
-0.00812366899987933,-0.00824635108374593,"gentle"
-0.00297739296770166,-0.00293309722537385,"scorch"
0.00908367035594599,0.00396270750871433,"behind"
0.00376621432153154,-0.000406677734021764,"remainder"
-0.00051974634215199,-0.00317381562426486,"underside"
0.00632921256296187,0.00241933745010314,"paddle"
0.0102861257168483,0.000837805855573158,"punch"
0.00262968087800749,-0.0013630715498749,"foamy"
0.0101385761713863,-0.00450511394637564,"vary"
-0.00100645758981294,0.000431591479009424,"rmoulade"
-0.000892973787127411,0.00183964467667927,"tomatillos"
-0.00376492546422455,0.00121063218700663,"marjoram"
-0.00432956894896312,-0.00186248227320105,"macaroni"
0,0,"resemble"
-0.000913434560537736,0.0003916820508463,"plain"
-0.00656199033156122,-0.00312655564516305,"panfry"
0,0,"yield"
0.00842545791061473,0.00466446643819812,"taco"
0,0,"variety"
0.00211996642139179,0.000424151616007071,"rocket"
0,0,"diner"
-0.00182318238049592,-0.000284348604602255,"seem"
-0.000346073365818422,-0.000401471134998093,"usually"
0,0,"theyre"
0.000188465725401254,-0.00167463344231786,"sticker"
0,0,"plum"
0,0,"ponzu"
0.00584117230632277,0.000822065954094384,"mat"
0,0,"sustainable"
0,0,"twist"
0,0,"different"
0.000742113745447619,0.00187138447370214,"steel"
0.000671768962110602,-0.00589160005675646,"refresh"
0.00176398842983706,-0.00253032470724513,"crunchy"
0.00551094239713436,0.00086451224629961,"counter"
-0.00576544306909918,0.00566678235998484,"concentrate"
0.00859955694578537,0.00340807821135502,"matchstick"
0,0,"instead"
-0.00223313940981411,-0.00102026291402696,"celeriac"
-0.00279008092828642,-0.00337426049063754,"udon"
-0.00135760486951822,-0.00106107829836308,"chinese"
0.000124589230971489,0.000740685852409215,"slurry"
0.00216156865684205,-0.00233369476212291,"moisture"
0.0195321697259408,0.00717666220285344,"peak"
-0.0105010035334582,-0.00760708070881724,"subside"
0.00712249230640404,0.00204811608860312,"face"
0.00441111236063106,-0.0200611577821627,"sp"
0.00401983187664671,0.00243399568938346,"alternate"
0,0,"snip"
0,0,"papaya"
0.00059724244926747,0.000180036049080247,"email"
0.00170019828520588,0.00364420946044921,"muffin"
0.00153709906185208,-0.000344096664081044,"combination"
0.00441945048132697,4.78708426734639e-05,"poke"
-0.00172068818868253,0.00433190516234811,"serrano"
-0.00430090936276588,0.00102777445708401,"tabasco"
-0.00446403825703318,0.0063344957503948,"frise"
0.00498361942735002,-0.0081770423550906,"technique"
0.00578322547798482,0.0014279469893873,"jelly"
0.000478070535208474,-0.000360290763413096,"pod"
-0.00207954700155525,-0.00113136013484139,"veal"
0.00281852908086906,0.00349886454096239,"vanilla"
0.0031189604379743,-0.00130301652887617,"twelve"
-0.00405056771051581,0.00351093917115783,"cajun"
-0.00723309878797785,0.00471083589629194,"virgin"
-0.00197771479942346,0.00101871392978061,"heap"
-0.00154560225422594,0.000493497674623219,"marmalade"
0.00712035529435884,-0.00154115478373799,"natural"
0.00209997371448154,-0.00132838445598581,"gallon"
7.33573535190661e-05,0.000858587646796651,"matzo"
-0.00329064053920018,0.000566277900234206,"smash"
0,0,"riesling"
0.00144581374234431,-0.0149547354559225,"guest"
0,0,"wait"
0,0,"youre"
0.0064232935044127,-0.00212114112594754,"scissor"
0.00439593434501548,-0.0018040095268957,"sink"
-9.8907263188257e-05,-0.00280137236489697,"stovetop"
0,0,"tiny"
-0.00151887699838636,-0.0018007973868214,"fryer"
0,0,"proceed"
-0.000821067733939539,0.000351937749958489,"gorgonzola"
0.00270374238782405,-0.000621351162836772,"icewater"
0.0125142532865664,0.00194300785141572,"parchmentlined"
-0.00106661369546378,-0.000833450705356402,"fast"
-0.00175438455550519,-0.00402220282689632,"pliable"
0.00422255213932189,0.000222707172173985,"manner"
-0.00267683293487657,-0.000636017695961283,"crabmeat"
0.0180950191067281,-0.0495022028562721,"culinary"
0.0222239447838372,-0.0506124175087794,"quantity"
-0.0037197783010804,-0.00382552222961369,"darken"
0.0183536103775803,0.00119576056170335,"mallet"
0.00389810035704386,0.00129218540973893,"attachment"
0.00918716903186115,0.00501988117305053,"inner"
0.00916333764721004,0.00286171024430483,"alternately"
0,0,"straight"
0.0011898219545098,0.0016448249180375,"delicious"
0.00120660297272472,-0.00316847747672658,"forktender"
-0.000680939841915608,0.000291844196389491,"bed"
0.00257815486270506,-0.000437559847237635,"freezer"
0.00351750691550163,-0.00376453484505782,"source"
0.000499922878296753,-0.000516972449917872,"till"
0.00659411775798568,0.000693743800484794,"finemesh"
0.0199678524261464,0.00447429550938713,"discolor"
0.0100396041759575,-0.00111259779142181,"sealable"
0,0,"blueberry"
0.000964205797967158,0.00211528703946127,"salata"
0,0,"mediumsize"
0,0,"loin"
0.0224758934489244,0.00655349677163815,"cutter"
-0.00306002109909238,0.000620421644718481,"teriyaki"
-0.00105110551005845,-0.000163852713280606,"jicama"
0.00173685379502022,-0.000721309859983255,"husk"
-0.00267226541252162,0.00227055838791536,"sake"
0,0,"find"
0,0,"french"
0.00864480416996646,-0.00163301965325674,"blot"
-0.00587106838992919,0.00226548175227036,"splash"
0,0,"crème"
0.00127196206602323,-0.00409896162733778,"cuisine"
-0.00528202256513889,-0.00116885992848895,"enamel"
0.00345347167760967,-0.00109120223065713,"rotate"
0.00477027811389174,0.00135587192957007,"diameter"
0.0107037020715986,0.0115908856423014,"catch"
0.00553099154272759,-0.00141985367733284,"escape"
0.000143357170518951,0.00101095265730571,"key"
0.00270754892472169,-0.00385710215053141,"string"
0.00117815850615022,-0.000187435211402926,"really"
-0.00697830102610909,0.00308948515981172,"plus"
-0.00505160161941131,-0.00412736760139035,"undisturbed"
2.04124568873505e-05,0.000582551425436765,"onethird"
0.013486065922978,-0.00524407560460687,"instantread"
0.000629106076026017,0.00239866242895137,"pure"
0,0,"tabbouleh"
0.00319145666508537,0.00298223270558156,"bagel"
6.46805608903056e-05,0.000159423742526759,"tacos"
0,0,"caviar"
-0.00437716123598763,-0.00673929281468762,"syrupy"
0,0,"daikon"
0.0123585487208851,0.00591051018970792,"hollow"
0.00703883860748795,-0.000684670279174748,"claw"
0,0,"bunch"
-0.00317452179655193,-0.00192577122579931,"salty"
-0.00775303236460443,-0.00442859467373392,"spaghetti"
-0.000179610444420165,-0.000378423116838129,"avoid"
-0.00492541750065791,0.00404821865203442,"champagne"
0,0,"fraîche"
0.0026185960807173,0.000840405925151658,"byinch"
-0.00298294092599277,-0.000737264040889774,"lump"
0.00206874016146033,0.000183150102343238,"hen"
-0.00212328672507764,0.00113542658398603,"fraiche"
0,0,"hr"
0.0031151879438293,0.000644350920559674,"tap"
0.00841171781663018,0.00115805618434615,"short"
0.00630158311158787,0.00269468595719757,"ribbon"
0.0011544443841846,0.000988232195905483,"anise"
-0.00172225458026435,0.000696666825273938,"clear"
0.00628139228882844,0.000489854778269373,"third"
-0.00376841543512289,-0.0052604305994554,"wellsalted"
0,0,"tapenade"
0.0014261651888496,-0.000139013232333907,"american"
0.00246785109638736,0.0033080464575605,"nectarine"
0.0147593171451901,0.00069861093470152,"air"
-0.000218068202893029,0.000142488357857693,"creme"
0,0,"house"
-0.000937146951557918,0.00365669893739464,"fivespice"
0.0167108454299594,0.00951072960262563,"inchwide"
0.00340629200033103,0.00123537653879439,"variation"
0.00194278798010752,0.000172062865943262,"youll"
-0.00023803314782101,-0.000383452602397515,"soon"
0.00594506878930401,0.000326470120366393,"purée"
-0.000268790575175462,0.00559623182052033,"soda"
0.015901805711008,-0.0442811712901206,"restaurant"
-0.00902214174685469,-0.00443832834376902,"heavybottomed"
-0.00235325329230877,-0.0025640169465612,"five"
-2.60722108099079e-05,-0.000979641797044771,"appear"
0.000132491371427963,0.00226017567832152,"sliver"
-8.46288844283777e-05,-0.00291038582532812,"style"
0.0040903957836169,-0.0202312095297746,"lunch"
-0.00271701530891824,-0.00217445892152684,"nestle"
0.00193167193400822,-0.000455218863727762,"jasmine"
-0.00207520943982766,-0.00189099738002018,"kombu"
-0.00215779832186955,0.000785861349561386,"suggestion"
0.00182040567518138,-0.00266793462438856,"preferably"
-0.0028460201421714,-0.00937889027007208,"maintain"
0.000600194474439609,0.000563162435067193,"star"
0.00690478093059488,0.000220038241062967,"mesh"
0.0166334967393959,-0.00163809848447473,"tent"
0.00697942348580736,0.00336461914191164,"extract"
0.0245738156863782,-0.0511357501235955,"proportion"
0,0,"prep"
0.00373165411069482,0.00351180361494395,"motor"
0.000491284862553633,0.00108908619065015,"whip"
-0.000539961408143554,0.000698856778214529,"content"
-0.00223789904610461,-0.000297607022662305,"quick"
-1.26530831260638e-05,0.00133983592850695,"beetroot"
-0.00289069220351253,0.0042000927858597,"caraway"
0.00428950770090278,0.00297265740813016,"ceramic"
0.00240625575382272,-0.00136639890839784,"quite"
0.00378046354594963,0.00100326909251539,"hole"
0.00401559632187113,-0.00261553507382973,"upper"
0.00525487550181296,-0.00191895638974831,"regular"
0.00929806712399811,0.0037464394558581,"book"
0.000663814407236874,-0.00597276838877492,"kebab"
0,0,"cocktail"
0.00824118441476339,0.00192778582793338,"hard"
-0.00711751069882495,-0.00373374649349399,"limp"
-0.00216678232926054,-0.00373566390596129,"crowd"
0.000589821303447347,-0.0019064504482198,"flaky"
0,0,"shop"
0.000634124701053622,-0.00172483742567012,"mark"
-0.00165024901064942,0.00190568541781772,"date"
-0.000871792950797613,0.00147941597881819,"preserve"
0.00424733696588583,0.00353953058709054,"cob"
-0.0041230133006009,0.00475127179347415,"liberally"
0.00011283403404086,-0.000427103505900729,"ramekins"
-0.00113570985211104,-0.0012578164036872,"skinside"
0.000418994669346034,-0.00334670827639781,"addition"
0.00250244167659517,0.00310793712179221,"cheddar"
-0.000486389788291721,0.000208293840679642,"andor"
0.00885264469464322,0.00168593930659966,"cap"
0.000398709485151204,-0.000474132814032774,"ensure"
0.00145168296800885,0.00124789333524625,"split"
0.000992186398242835,-7.3883824098075e-05,"texture"
0,0,"nice"
0,0,"choice"
0,0,"tuck"
0.00222587290819393,0.000643332118201371,"pair"
-0.0025710948209217,0.0010719621370888,"tartar"
0.0117715530044025,0.000910600185267549,"opposite"
0.0101795552786795,0.00205016511277948,"invert"
0,0,"publish"
0.000286697579927207,0.000421090216697731,"healthy"
0.00199421687515351,-0.000221066345537901,"leg"
0.00250731559127109,-0.00224866614200649,"cling"
0.00110865000131666,-0.00238115477805392,"alternatively"
-0.00405071639063733,-0.00281062613304403,"caramel"
0.021771740030265,-0.00523821939467219,"thigh"
-0.00545755821293336,-0.00438494034681199,"ravioli"
0.00281250340262111,-4.80317144161462e-05,"late"
0.00594830063977108,0.00141706269528535,"pocket"
0.00654930279046458,-0.0025872976085527,"damp"
0.00892386750097796,0.0025547041607599,"attach"
0.00586411999704581,-0.0012566292074575,"slash"
0,0,"great"
-0.00754225475564582,0.000143873994360378,"grapeseed"
-0.00161344002448895,0.000456330435073712,"spicy"
0.0063698907072768,0.00282209361788335,"frost"
-0.0018166159611917,-0.000675902460951478,"t"
0.00646758325285786,0.00378060645195246,"finally"
0,0,"blanc"
0.00159092786193057,0.00400232764475993,"parmigiano"
0.0113851207638877,0.00182804202308565,"sticky"
0.00627304701001436,0.00660144894601085,"pestle"
-0.000209430776446019,-0.0014879640112615,"wontons"
0,0,"optional"
0.00144102018229479,-0.00598494940070102,"mediumhot"
0.00247858172599749,-0.00257958670526075,"instruction"
-0.000901624831775325,-0.00295027408670123,"push"
-0.000897116962107315,-0.000771558273693056,"depth"
0.00968434112651017,0.0058507495040935,"free"
0,0,"topping"
-0.00176122154407518,-0.000683872619556726,"parsnip"
-0.00774647366481742,0.00415372451389465,"essence"
-0.000782861121704532,-0.00469264127134254,"full"
0.00855495720883886,-0.000833908625031384,"prick"
0.012494357608303,-0.038869285561253,"provide"
0.00120726601810821,-0.000678898016051236,"cutlet"
-0.000372162820115828,-0.00378585572731736,"porcini"
8.04794803064049e-05,0.000112692170557919,"prefer"
0.00703219850452112,0.000680061124002204,"xxinch"
-0.00092563593563958,0.000575575960150037,"raw"
-0.00319203880118315,-0.000306405601399807,"risotto"
0.00352767244997164,-0.000748123190328191,"pale"
-0.00410953380153314,-0.00225718496915667,"deglaze"
-0.00620954040416418,-0.000293993126069071,"saffron"
0.00320061707243388,-0.000133144399092226,"many"
0.0204423429883418,0.00223407239712951,"pouch"
0.00807378593230015,0.00242782731393247,"blade"
0.00940274315093343,-0.00145535037377598,"towellined"
0.0115261004439887,0.0036763168002346,"tie"
0.0064060282560372,-0.0052568023126284,"submerge"
0.0260621593459093,0.0100663050952411,"horizontally"
0.00222185762216634,0.00168245274536873,"adhere"
0.00498879280900235,-0.0232229770367531,"course"
0.0213079199615366,0.00830845602481374,"slicer"
0,0,"photograph"
0,0,"summer"
0.000204374845812979,-0.00129232362520803,"bulgur"
0.00557165276466581,-7.85065131332202e-05,"mold"
-0.00204249212406986,-0.000162530355197154,"orzo"
0.00148649142964919,-0.000324733064538611,"gratin"
0.000795501524972904,0.00364442315485296,"dot"
-0.00163551222716324,0.00207631145523292,"chicory"
0.00137163367881095,0.00106732862298286,"snap"
-0.000474922189834008,0.000108457309982535,"lb"
-0.000737483674400607,0.0037285322634355,"romaine"
-0.00179837694927245,0.00593276627443762,"raspberry"
-0.00338542368242568,0.00134280722382532,"vigorously"
0.00345490081944092,0.00149385198577338,"body"
0.0027699635197921,-0.0029449354731987,"move"
-0.00252060818016405,0.000670168879045112,"minutesmeanwhile"
0.0266280908581963,-0.0595045354205938,"network"
0.0121241260490891,0.00454477390418657,"space"
0,0,"special"
0.000161103666755354,-0.000408618640724237,"cgas"
-0.0025499769807855,-0.00417679158994573,"farro"
0.0321757760225276,0.00576501294659608,"enclose"
0,0,"pick"
0.00378493363788958,0.00167400615698486,"xinch"
1.55785322410952e-05,-4.82302362244432e-05,"cfan"
0.0210958133519415,-0.0473686865352251,"indicate"
0.00102105566886239,0.00411189317748423,"chilli"
0,0,"veggies"
0.00605891578589853,-0.0160796008677143,"eight"
0.00670224782306986,0.0010155429850578,"cm"
-0.000112055665108838,0.00111476611427266,"old"
-0.000478241560595466,-0.0002487589233893,"cauliflower"
-0.0075193369093964,-0.00474787524681929,"chorizo"
-0.0106555248076182,-0.00400656898985685,"sizzle"
-0.0063676385125826,0.00429076805333483,"allspice"
-0.00920118209145808,0.00616599381516124,"steady"
0.0069604028149358,-0.00150098657681197,"specialty"
0.00593605362917617,-0.000119783251716789,"bamboo"
0.0156126544685442,0.00308464881252116,"slit"
-0.00437146422902614,0.00451288854580483,"hoisin"
-0.00106677488234426,0.00108217775950962,"berry"
0.0166322923839376,0.0054657587593229,"grater"
0.00921344980205823,-0.00123215951297473,"carve"
0.00209648804869818,-0.000993401787526789,"prawn"
0.0076651681552677,0.000258304303056094,"tin"
0.00762679037045437,-0.015544773816675,"six"
0.0174934193826741,0.00132913689685449,"seam"
0.00286814138257269,0.000351970171607908,"near"
0.00853799338426348,-0.00233716939532071,"step"
-0.00543343555606616,0.00643545102783649,"anchovy"
0,0,"favorite"
0.00513999719727311,-0.00569953144573921,"fluff"
0.0058471391413057,0.00340991837409219,"julienne"
-0.00493944522314934,-0.00184544637233704,"edamame"
-0.00052419828332192,-0.00108724074400712,"entire"
0.0131995713252132,0.00244707953620324,"intact"
0.0140843721476576,0.00455435332976866,"box"
-0.00725153383194039,0.00425983028040277,"turmeric"
-0.00794397370560514,-0.002707835338981,"margarine"
0.000140271224733361,-0.000354036846479703,"fin"
-0.00583243763354353,-0.00349907833194034,"kale"
0.00172197755603522,-0.00132819279502375,"moist"
-0.000173760172736389,8.10267618914864e-05,"cashew"
0.0136313729836549,0.00713499352601057,"include"
0.0012721846110505,-0.0191645484503937,"appetizer"
-0.00646497647149698,0.00386836383785421,"de"
0.00322813874649607,0.00390196330995698,"kernel"
-0.00265119440114006,0.0042285922523488,"beer"
-0.00252302425976809,0.000363388116818011,"ketchup"
0.0232571290842384,0.00662097592798297,"rectangle"
0.00157170716040428,-0.000726244739160036,"leftover"
-0.00120969481306021,-0.000162170721646624,"chard"
0.0011919472040712,0.00279551862050809,"handful"
0.00723760543317478,0.00226769073935001,"wet"
-0.00399981750146426,0.00241595339844197,"asidein"
0.010908783198006,0.00115974514778554,"flatten"
0.00701284886149641,0.00391170309879339,"roughly"
0.00230184074311245,0.0108382405580706,"chipotle"
0.0153974794773511,0.00390601220335849,"foillined"
0.00951966264703367,-0.00251160163062398,"within"
-0.00224347883460709,-0.00157649276709206,"pancake"
0.00162213282455941,0.00339164290671231,"shaving"
0.00684968999667482,0.00343841979309691,"whirl"
0.00386441045126759,-0.00115371725363731,"thaw"
0.00151455575409537,0.00676736928068845,"lemongrass"
0.0159706445734209,0.00454171896963864,"inchlong"
0.0194134827326361,-0.00185550555211199,"unwrap"
0.000558835344228597,0.00120960181361337,"crostini"
-0.00640343220120138,-0.009020394648671,"linguine"
0.00841226778942193,-0.00015782796027643,"brine"
-0.000751338608823964,-0.000772231605629117,"quinoa"
0.0013823202360653,-0.00851024465449222,"spot"
0.0340424865583874,0.0161066949541839,"bitter"
0.0125881665899521,0.00365936658732354,"wonton"
0.0250551524252356,0.00998674106347536,"border"
-0.00277413782166258,0.00299922256687127,"maple"
0.00169018597323911,0.00278926960095461,"dust"
0.00398884918014128,-0.00310668279180985,"briefly"
0.00353004257466683,0.00307206513474474,"oz"
0.0059912969752406,0.00183534181037532,"mini"
0.0211694054622518,0.00332139443404527,"corner"
0.0061457687259954,-0.00252112267663101,"rewarm"
0.0195853269953716,0.00637830212241729,"triangle"
0.0107628688945743,-0.000290473332604545,"feel"
0.0109077311520149,-0.003414010544551,"advance"
0.0246752882700843,0.00629939484171985,"firmly"
0.0247719539151224,0.0102495417695928,"mandoline"
0.00144958245332743,-0.00100913237529412,"brisket"
0.00155799481261157,-0.0010865367161198,"now"
0.00488117647181446,-0.00161601462158,"fully"
0.0142132638624701,0.00589763097682556,"diagonal"
-0.00305613384867093,0.00187265229690969,"cornbread"
0.00953560782002117,-0.000658942417318104,"puff"
5.99262658808855e-05,0.00264732259795277,"heatproof"
0.00380364138109745,-0.000803275986498403,"pop"
0.0214693315700826,0.00530916825403743,"disk"
0.00991180428763828,0.000528360596546959,"wood"
0.00228596679593271,0.00334555987494346,"palm"
0.00398207657181147,-0.00031560375406868,"wheat"
0.0049989548934941,-0.0739353331018607,"gphotograph"
0.000369511433105188,-0.000147348215167688,"new"
-0.0020762060585887,0.00399281757613439,"creole"
0.00231993602010112,0.0029340220367857,"apricot"
0.0155168136454271,0.000524386887647611,"point"
-0.00152795636455941,0.0027158067891119,"sambal"
0.0129564553051266,0.0105999161953552,"grinder"
-0.00578853499427191,0.00497697904012308,"dash"
0.00427707676770749,0.000687426955074853,"big"
0.0013423303855066,0.00198565723367601,"three"
0.00584338570153495,-0.00140541251548769,"look"
0.00017216892834792,-0.000372255034422548,"tart"
0.00815668296256346,0.000691150627133689,"score"
0.0211087190289047,-0.0520283290180673,"professional"
-0.0111662493239562,-0.00555121496612058,"cast"
0.00326950967994368,0.000524335905053217,"either"
-0.00457508498850766,-0.0027694427201107,"meatball"
-0.00538243318798833,0.0046864944325612,"miso"
0.000106251771758967,0.00241692595239588,"distribute"
0.00200547013049562,0.000882454951033205,"create"
0.0159452535990239,0.00836865544644602,"diagonally"
0.00120244865882904,-0.00840651353126274,"plunge"
0.00368206341846135,-0.000301787015193095,"accumulate"
-0.000306118282763025,-0.0037518337723273,"every"
0.0238988466567905,0.00483762499506212,"pin"
0.00036519124718084,-0.00603052937543671,"loosen"
0.0199329726977193,0.00634585765553661,"secure"
0.0137794065557488,0.00330451174145667,"bitesize"
0.0117707416883901,0.00663895532020918,"pit"
0.00209974936205483,-0.00429794977188817,"cooker"
-0.00426007117316838,-0.00513423223781811,"qt"
0.00737493566113855,-0.0063480746851965,"outdoor"
0.000556756776130113,0.00152611755221204,"meal"
0.0014990926603973,0.00410948351762748,"spoonful"
0,0,"chutney"
0.00571302771186989,-0.00734211803365056,"try"
-0.00175269896960095,0.00348362813119831,"jalapeos"
-0.00241585121510262,0.00224544735584017,"tamarind"
-0.00314247191312391,-0.00233415444221703,"stew"
0.00224518174695724,-0.00534138976369817,"curl"
0.0017180632578093,-0.00050547685324382,"month"
-0.000451895678003673,0.000817571934229527,"nonreactive"
0.000977968452709734,-0.00478266018183761,"burner"
-0.0011275934975655,-0.0251821822055621,"render"
0.00876636573464229,0.00394036103467424,"ring"
0.0122416347189499,0.00454116040949029,"loaf"
0.00540090126047712,0.00500747843919728,"pulp"
0.00281450189148919,-0.00529111753453207,"basket"
0.00527391933996526,0.00192445202851646,"fall"
0.010514047085031,0.00364781791019054,"spear"
-0.0035017939239935,0.00223358066351868,"chickpea"
0.0055458774508743,-0.00123154822144786,"lobster"
0.00134232686448639,0.00277592312077539,"pomegranate"
0.00176906448059969,0.00396420749278273,"pecorino"
-0.000740040227202604,8.00390360008687e-05,"gnocchi"
0.00204001117207761,-0.00341406566736044,"snow"
-0.00653100208950765,0.00348463211912782,"nutmeg"
0.0323827604052074,0.00399160698595857,"slip"
0.0248995676461151,0.004514522852553,"tough"
-0.0128536967913479,-0.00593205794912611,"iron"
0.00909835531509144,0.00902603577750584,"mortar"
0.0167978085284474,-0.00381103169769125,"blacken"
0.0479373806694211,0.0060312911581487,"crimp"
-0.000419207337074743,-0.00214986096058151,"stave"
0.0344260164484,0.00926017371381451,"knead"
0.00171910280182392,0.00213556346743045,"blue"
-0.0049747549173641,-0.0044669324296389,"eggplant"
0.016084470310383,0.00155700806225934,"resealable"
0.0280437563048751,-0.0677879882871868,"chef"
0.00432771590156906,-0.0105553541044518,"nicely"
0.00959751976148097,-0.00176426593034284,"easy"
0.0139596339336968,0.00185017340786152,"length"
-0.000392215042091351,-0.000779275451458612,"couple"
0.00775963439882492,0.00628997063296032,"pumpkin"
-0.000442129471654431,0.000223516720652803,"microwavesafe"
-0.00141141408496623,0.00155073762445916,"cinnamon"
0.0254972956325858,-0.0033807691219634,"fridge"
-0.00933787468005882,0.00329965835931827,"worcestershire"
0.0162955164934592,0.00527222049078009,"stack"
0.0075220857011971,0.0104896481645927,"dollop"
0.0112788578672732,-0.00328488834105551,"reach"
0.0207741805065151,0.00329121962153881,"slide"
0.00565859881059631,0.00398270175665714,"yeast"
0.00403939228839597,-0.00617571680132758,"twice"
0.0216448168049709,0.0061437511276237,"moisten"
0.0084451594640701,-0.00231379100696932,"braise"
-0.000531264977049661,-0.00685738245928756,"shiitake"
-0.00193194485296596,0.0036443701541527,"sundried"
0.0210160155973184,-0.0466431646192422,"therefore"
0.00908865353144232,0.00509256356704296,"scoop"
0.014720997312454,-0.0006472124394238,"wax"
0.00496473392414966,-0.00521466966931193,"overcook"
0.0146992000032885,0.00597124188417394,"yellow"
-0.0112273431059389,0.0160693981848165,"dijon"
0.00958722577481896,-0.0350529967964671,"main"
0.00286344093838237,-0.00439332152902225,"poach"
0.00229304339551858,-0.00909146130436865,"print"
-0.00022811647727757,0.00856137157402085,"radicchio"
0.0148202590565021,0.00428452159305124,"help"
0.0125569306910763,0.00696587643617485,"pita"
-0.00670920112834016,0.00659682951012499,"mirin"
0.00390678852994846,-0.00103962954411365,"electric"
0.00471222167936283,0.0011012199198959,"burgers"
0.00555983824553763,-0.00711401662088914,"throughout"
-0.00478693399897001,-0.00477150096503901,"stockpot"
0.00419050960448192,-0.00752235767623814,"caramelized"
0.00735294742463257,0.00721348995627495,"pile"
0.0115740659310101,0.00405576109894026,"level"
0.0412724160599148,0.0023469490926059,"double"
0.00459831232206871,0.000235053397408441,"dark"
0.00331487692732128,-5.89794685080801e-05,"pack"
-0.00463502157051428,-0.0055586182420612,"griddle"
0.00704799767206519,0.00633872965394922,"fig"
0.0127610191671847,-0.0220890933790365,"skim"
-0.0110880536495542,-0.0101054166987074,"foam"
0.000771016505139656,0.00399183606905174,"lamb"
0.0177213048936547,0.00464679075977511,"tear"
0.0122637938602872,0.00281505499995494,"dinner"
0.0172497377075093,0.00541033695052109,"mixer"
3.2971001266854e-05,0.00285027281823787,"aioli"
0.00403169391060861,-0.000429179077387535,"give"
-0.00430536220129731,-0.00532525680127934,"barley"
0.0114936806307898,0.000597772240879963,"apart"
0.029376964010195,-0.0030402931577231,"rise"
-0.00456123097215766,-0.0128480678846905,"partially"
0.0210021122804694,-0.244522389341709,"scott"
0.02091071723184,-0.24095907097595,"phillips"
0.00930696907673931,-0.00507580026702134,"mussel"
0.00279501139482429,-0.0171094291024964,"gram"
0.0110156128989146,0.00986035918318742,"mozzarella"
0.00169023803798219,0.00405267857395795,"polenta"
0.000556843902643013,0.00614817470710598,"ricotta"
0.0361386856383594,0.021436738695616,"tangerine"
0.00515929762831406,0.000831822608918339,"save"
0.00365832088949628,0.00336337921755808,"baby"
0.00886866467152702,0.0033094612155477,"speed"
0.00126403791923205,-0.00417175860065966,"flame"
0.0168181142694128,0.00593751955540112,"overlap"
0.0112290177256213,-0.000138961129445399,"coal"
0.00259626169589662,0.000872997939930772,"crusty"
0.0236250148092953,0.00642267032209116,"circle"
0.00291474128234102,0.00750199190760876,"heart"
0.000448821443605063,0.0024551416791204,"incorporate"
0.00140369785401061,0.00486489331730024,"ham"
0.0334006659012702,0.00715050784260436,"pare"
0.00443640841535843,0.00435764712906848,"hazelnut"
0.0141200091820803,0.00970431220971739,"equally"
0.033535310911509,0.0160730105920756,"bulb"
0.00818346257069972,-0.00327650864299164,"careful"
0.00577575746057072,-0.00206413327167778,"touch"
0.0132736708686088,0.0053732822218608,"banana"
0.0235247387450841,0.00341246743979414,"jellyroll"
0.00666139802627801,0.00799847017891756,"peach"
0.00726971034805658,0.00107338992847232,"consistency"
0.000199706304806932,-0.00212605165838079,"chestnut"
-0.0040645064443403,0.010679451792889,"frache"
0.001399245740722,-0.0152654621748247,"barely"
0.000108164324230797,-0.00307951445623819,"burn"
0.0202390582745476,0.00624019554054832,"scrub"
0.0161970756449285,0.00214020957248598,"tray"
0.00911656520780255,0.00927948103767497,"frond"
0.0180433775413478,0.00718425376034989,"peeler"
-0.00396546793028794,0.00373904296614697,"spring"
0.0251150960718305,0.00111093892974639,"stone"
0.026579108914471,0.00431372559212108,"finger"
0.00174176605832962,0.00362256120435862,"everything"
0.00933835777586397,0.00819672362497437,"cleave"
0.00161774791251814,-0.00468479696225969,"last"
-0.0021028751609325,0.00716058693406592,"cherry"
0.0357704564627511,-0.00805491737630838,"register"
0.00914673502169167,-1.40810425107896e-05,"3"
0.01722025641709,0.0047063197702199,"toothpick"
0.0122553501214686,0.00284312555463641,"squid"
0.00941294180937799,0.00404849363842702,"ounce"
0.00746450560804958,0.00131899438236114,"want"
0.0111391945580072,0.000972561261935064,"lift"
0.00393462251134554,0.000481767104285825,"eat"
0.0350504282619612,0.00525425476250925,"heavyduty"
0.0110161829776862,-0.00405743526139841,"bath"
-0.00300186444447908,0.0108229004872641,"crme"
0.00166184453119485,0.00362625206763323,"crouton"
0.0101445674628717,-0.0080953409257109,"see"
-0.00393051278214624,-0.0121414773835171,"nearly"
0.0183008199051339,-0.00141541635983084,"directly"
0.00259393756680313,0.0058412650070645,"citrus"
0.00539053892001328,-0.00144314782860553,"bubbly"
0.00386490095189683,-0.00667332799152515,"halfway"
-0.00383780387300641,0.00549643700441917,"coleslaw"
0.0139516530647397,0.0014019254000238,"metal"
0.0101202288457015,-0.00422303308402478,"dumpling"
0.0398569129923494,0.00770626629753803,"wrapper"
0.00143321096534384,0.00128867788850412,"oyster"
0.020500361686714,0.00784170552492285,"follow"
0.0180576427799951,0.0104804547013568,"bun"
0.00366580622464521,0.00068139354904487,"procedure"
0.00255989226768745,0.00253170595088316,"cracker"
-0.0055316821049482,0.0135546388437751,"jalapeo"
0.00982569107133887,0.00481289150945726,"sole"
0.00907646432181291,-0.00331521650141429,"become"
0.0225349259481879,0.000532986855839984,"ziptop"
0.00222977757632065,0.00359049890819263,"italian"
0.00183302172322906,0.000168561258696183,"relish"
0.00481013186881961,0.00678843739448181,"grape"
0.0166165097024131,0.00793448934072563,"head"
0.0271678767518817,-0.00238426818976234,"thickness"
0.00350550689602303,0.00274124653477531,"creamy"
0.0019140627671853,0.010639826830457,"generous"
0.0130766816963786,-0.039777677478559,"serving"
0.00798520601340757,0.00888477824432217,"cavity"
0.00741403186596299,-0.000186911392584926,"asian"
0.0383260865675381,-0.00699329189161589,"insert"
0.015667589575749,-0.191927401350265,"monounsaturated"
0.00785568193197389,0.00332252597869457,"assemble"
0.0290337200577733,0.00374785628685137,"pound"
0.00746548427164971,0.00681013595923151,"crack"
0.00998488827655197,0.00430522770928895,"rib"
0.0226795997790842,0.0138730106437957,"atop"
0.00978326197011621,-0.00388882485238739,"reheat"
0.00609002301863173,-0.000296577082913316,"go"
0.033191299687563,0.0140235289771704,"stalk"
0.00607227606087989,0.00167541547347532,"amaranth"
0.0111448885420876,-0.13811845405806,"mg"
-0.00516764901329349,0.00206962007234605,"cider"
0.00932886083259606,0.00357194742982426,"crab"
0.0191354206888557,0.0019399064850099,"prevent"
0.00985651030081784,-0.0051802746006518,"stop"
0.00387035390032986,-0.0064241062356355,"seafood"
0.0129362132666034,-0.0110550932948037,"rare"
0.0140840330278288,-0.00036729982850968,"possible"
0.0123146236442906,0.0102320918016979,"buttermilk"
0.00556886126291598,0.00100527116922365,"substitute"
0.0389065627916712,0.0092559853491517,"outer"
0.0330830817442878,-0.00777496138954115,"thermometer"
0.0274299358106676,-0.00606316525471983,"airtight"
0.00444278532912729,0.00761667363199984,"yolk"
0.00806537166716011,-0.000405512375629904,"supermarket"
0.00843992692698245,-0.000680313405445454,"available"
0.0033770747710635,0.00876253314936413,"pineapple"
0.0252834131091452,0.00375178599989774,"pull"
0.0166866590664294,-0.000172935345879304,"wire"
0.0279084351203333,0.00341073307526457,"cookie"
0.0228801915315066,-0.0016227725282272,"loosely"
0.0222501646598483,0.00075280180599176,"much"
0.0279134698076542,0.0123639616924018,"across"
0.00127349585788358,0.00500814182055415,"seasoning"
0.0250352876513827,0.00931217799207613,"grain"
0.00551908400142945,0.00336750898357707,"pistachio"
0.00490329619725693,-0.00750896885664232,"baste"
-0.00170383277280931,0.00390247899873083,"except"
0.00708942659654775,-0.00748957377198344,"blanch"
0.0196369305365383,0.0107152678486383,"baguette"
-0.00142743967776986,0.00639782585414678,"sage"
0.00337077168916718,-0.00462689271902674,"approximately"
0.010983158127309,-0.00734757655557946,"tong"
0.0143282312246809,-0.0146091840413913,"omit"
-0.00716114335096332,-0.00593345698779608,"castiron"
0.0124240950968376,0.00307080568027354,"devein"
0.0116686101981474,0.00198068319634924,"way"
0.0119951475578993,-0.00892320172827244,"fire"
-0.00320387560814262,0.0104650612263713,"jalapeno"
0.0274473776700069,0.00884541263706883,"equal"
0.00523505385139211,-0.00651577668746531,"without"
0.0509533616524587,0.026422792298511,"pith"
0.0215332103986082,0.0148154325140757,"pear"
0.00684243571236888,0.0101636634393596,"slaw"
0.000977253503045303,0.00486816444084155,"cranberry"
0.00426188283856052,0.00731991722887782,"dice"
0.0144048683038608,0.00532351409815154,"salmon"
0.00642493918450444,-0.00705008599252981,"color"
0.0128520590118115,-0.00117849216757076,"check"
0.0155166356046003,-0.00210151399532175,"separately"
0.0232888706608006,-0.0312096227962157,"base"
0.00847329710000941,-0.000630645400007088,"market"
-0.0100991475525032,0.00720682680795534,"extravirgin"
-0.00141668104533201,0.00254516897473366,"raisin"
0.0208835705099877,-0.235134813336605,"photo"
0,0,"bon"
0.00939722482937805,-0.0144546419501058,"bright"
0.0155915297869442,0.0108968619323539,"shave"
0.022172613479382,0.0169306772579135,"panko"
0.0206166776891922,0.0145593256215557,"cornmeal"
0.000888714509313258,0.012721055548277,"rind"
0.0155957577543278,0.0133339898760007,"watercress"
0.0237625370484178,0.00479356252592226,"thread"
0.000108172311109548,8.65467560312572e-05,"table"
0.0221943152449706,0.00604421557223104,"fine"
0.024180002297625,0.00274716195415459,"strainer"
0.0258734926360977,0.00265359413469881,"solid"
0.00169143659062573,0.000281350076033102,"grit"
0.00983165994780125,-0.00928673633874706,"wipe"
0.0144437278553419,0.00748635775381083,"chunk"
0.0410638694137363,0.0213307798153925,"fruit"
0.0216662958906619,-0.00883774866196711,"mediumrare"
-0.00810131684472299,0.0147917479510839,"emulsify"
-0.00958521207253751,0.00768568811892145,"slow"
0.0067503969125409,-0.00884255985753195,"crispy"
0.00386269686002659,0.0105780396200007,"wasabi"
0.0101741545423037,0.0147734571135286,"peppercorn"
0.00443629517874812,0.00633654274207877,"generously"
0.0202744213432107,0.00625064201057262,"die"
0.00576414115043319,-0.00470259868992521,"quickly"
0.00302365247582703,0.00389970086718697,"sweet"
0.010770126528287,-0.00627668265003622,"charcoal"
0.0178387576289419,-0.00438622003403317,"come"
0.0137992507965461,-0.00393610957973017,"week"
0.00607745920831425,0.00645578102253435,"extra"
-0.00818886168291627,0.00528173152427809,"sherry"
0.0121297656164083,-0.00869517809628421,"convection"
0.016080239749896,-0.0036525880447002,"machine"
0.00268047657605141,-0.00996066770350811,"direct"
0.0137673633457527,-0.00285864249966287,"steamer"
0.0457795424619461,0.0197004799764057,"core"
0.050080233578834,0.0114944694173465,"pastry"
0.0222689045039762,-0.0100953299179488,"outside"
0.0101895111255053,0.0114817097613179,"mayo"
0.0243930608445621,0.0040621032702831,"tip"
0.0190722290700199,-0.00188131127962841,"note"
0.023660514477629,-0.00685872601825297,"overnight"
0.0105323241823962,2.53963361868966e-06,"position"
0.019425653591453,0.0113890014467767,"individual"
0.0128485423765136,0.000321224602298217,"also"
0.0350938942148463,0.0144579502718154,"release"
0.0374822533331508,0.0121730191625022,"shape"
0.0350645499603018,0.00631088145295584,"fit"
0.02860873534294,0.00661628591678311,"tail"
0.0121192942557317,0.0123137286986276,"amount"
-0.00293648295446983,0.01371221192677,"stream"
-0.00433328383201372,0.0120584159158176,"sea"
0.020753521806151,-0.25354989145588,"carbohydrate"
-0.000982425813887211,-0.0124450336949337,"translucent"
0.0389608416906093,-0.0454122363507986,"kitchen"
0.00827379422193445,0.0104027293750227,"radish"
0.0128138415559757,-0.0282136883581686,"representation"
0.00563684957869441,0.00514262231506055,"finish"
0.0272009085053096,0.00621713663639887,"even"
0.0186472911726779,-0.212085422964969,"rate"
0.00929835320284424,0.00508655613144269,"filet"
-0.000984891189673816,0.00584223646475223,"curry"
0.0176151052420838,-0.00211568999678004,"wooden"
0.00293450785728572,-0.00392951688768755,"drop"
0.0214101917361101,0.000798695348653663,"several"
0.0013029507937633,0.00645734389312854,"syrup"
0.0379178682580032,-0.00739781990031242,"four"
0.019175438395913,-0.000616682740902538,"middle"
-0.00759683951523668,-0.0149967057094239,"increase"
0.00255058372943895,0.015497759552849,"horseradish"
0.0165276189807999,-0.000725482981576864,"bubble"
0.0142045276837853,-0.156597288970139,"saturate"
0.0023463318961334,0.00513686195167917,"pass"
-0.0102159237235528,0.00192278486750756,"canola"
0.0151521823744195,0.00334408617619514,"pie"
0.00339297443105463,-0.00665745936118499,"bit"
0.0165064393107352,0.00587268899727771,"patty"
0.00913370462637952,0.0120985360974198,"clove"
-0.0141695554158522,-0.00155933233557009,"shimmer"
0.0213655536758191,0.00209330049196808,"2"
-0.00682783510512613,-0.00111794513282552,"ovenproof"
0.0356321414895565,0.00970444669711273,"flat"
-0.0130072023884764,-0.00129843195516721,"swirl"
0.0399874895330647,0.0254338918075103,"grapefruit"
0.0217146821129556,-0.00258122169842211,"container"
0.0203306005389745,-0.00751841465235929,"gas"
0.0217166449429705,-0.256206804804682,"cholesterol"
0.00470045133088583,-0.0162650118832655,"dente"
0.00196198380720463,-0.0146286516042295,"al"
0.0219312614199236,-0.26814835210079,"fiber"
0.00203361631741003,0.0117337330013254,"kosher"
0.00505471487225209,-0.00621764912249859,"lentil"
0.015675739329875,-0.196260103115388,"protein"
0.011121627804684,0.0134908699090976,"feta"
0.0342293457835595,0.00732167814848418,"square"
0.0271083239591289,0.0233157318152258,"segment"
0.0354118938230071,-0.00655247668408131,"part"
0.00448692946556869,-0.00320991924160436,"scallop"
0.0321226385391826,0.0137902224237348,"halve"
0.0421545872881055,0.00857370980726008,"ball"
0.0236479370986977,0.0022263786792592,"jar"
0.00422005739698702,-0.0167456406445431,"absorb"
0.0485357201026081,0.0292223884861143,"membrane"
0.0283021899777857,0.00726429251942324,"portion"
0.0249345980766409,0.00170986847796331,"breast"
0.047541087034921,0.00400133942935841,"handle"
0.0039934992305971,-0.0588854947224753,"antonis"
0.0197825177219094,-0.00132924521010146,"take"
0.00890868857621308,0.00568694297873802,"ladle"
-0.00567360874548234,0.00218247343979154,"tbs"
0.00931895878525641,-0.000830935409307864,"glaze"
0.0255406884288846,-0.000357198200034072,"sieve"
0.00143860266012193,-0.001425675901533,"leek"
-0.000227383380015038,0.0130930580402354,"balsamic"
-0.00280631452508516,0.0130178865709183,"yogurt"
0.027443224103088,0.00662004591471807,"wide"
0.0111036664092908,0.00743345814475192,"pecan"
0.00142700641729449,0.0184499482438078,"tarragon"
0.0137763273502726,0.00460927124315696,"zucchini"
0.0195871863031302,-0.0016641994560368,"freeze"
0.0417074681727723,0.00103030848147389,"close"
0.00966984432607779,-0.00596195194836903,"clam"
0.0135453934730393,0.00583542718195449,"whole"
0.0186922011573747,-0.00243317397436371,"sure"
0.0142533893522863,-0.00966216594358629,"sear"
0.0291254786957816,-0.00240558081368874,"spatula"
0.0247190560172281,0.0110973202977212,"measure"
0.00410442212948207,-0.00992098913077194,"result"
0.0203414763898445,0.00838418872798168,"artichoke"
0.028883288830723,0.00246466984089005,"flesh"
0.0108686712837691,0.00813156800041081,"pickle"
0.0309106601393163,0.00293827033472215,"batter"
0.0499632129316142,0.00770916246407731,"parchment"
0.0327167430870606,0.00569202457477838,"shred"
0.017714946143273,-0.00736173307126514,"microwave"
0.00320905920010836,0.0022214743904019,"adjust"
0.0231336261420549,0.000152698193985919,"get"
0.010031255006604,0.021975153247496,"coriander"
0.0216637047604089,-0.00751469457054635,"sit"
0.057200552303589,0.0200647738790044,"inchthick"
0.0221486898378629,0.00200106964855055,"c"
0.0180622997777984,0.000710390288004874,"chip"
0.015971841370787,-0.000711318794628047,"couscous"
-0.00372696595919385,0.00244415776982106,"peanut"
0.0224579908215876,0.00593195848474599,"stuff"
0.0233724714169671,-0.00818572417476655,"may"
0.0180924934032976,0.000320933545010089,"casserole"
0.0318603258274207,-0.0131460955750513,"firm"
0.035837918852676,0.00222938770847878,"hold"
0.0327131886645143,0.00198971083759642,"bone"
0.00160684187133498,0.0147338631856508,"freshly"
0.0274460337094013,-0.00824646482274118,"depend"
0.0192629472317371,-0.0166661242912322,"char"
0.0231912590074,-0.00687214158177351,"flip"
0.0281705438206211,-0.00255713561964271,"duck"
0.0318524709662879,-0.000135160462332568,"grease"
0.0221513695812117,-0.000607041517231879,"stick"
0.0360902804093017,-0.0213404758100935,"size"
0.0242971053438204,-0.0208958679715333,"total"
0.00817814800129333,-0.00742178633546598,"drippings"
0.0096696070829899,0.0119155059496827,"mango"
0.0498052594109376,-0.00505817247071923,"pierce"
0.0301367087183803,-0.00727121992878235,"store"
-0.00206698681660786,-0.0157875528514292,"sauté"
0.0182089865894199,-0.182836876738099,"view"
0.0158301363474373,-0.00248308675491394,"tofu"
0.0128136613800102,-0.00795072695799414,"barbecue"
-0.0038914977096477,-8.10838448768749e-06,"dissolve"
0.0259180724216525,-0.00503913364552541,"clean"
0.0243976337371362,-0.00446689460303175,"flavor"
-0.000184873486950368,0.023090023741894,"cumin"
0,0,"enjoy"
0.0147675972856027,-0.161000092768845,"review"
0.0441640765677546,0.00834096182232414,"x"
0.00732630070289732,0.00781812316000006,"alongside"
0.0108027477317819,-0.00358399357969483,"necessary"
0.0509348136236525,0.00391191888578525,"aluminum"
0.00197138125629844,0.0095848913940475,"cornstarch"
0.0415999141794387,0.00301481239928033,"crust"
0.0301614938486245,0.0169600349566979,"mound"
0.0586469722869412,0.0230116020070513,"crosswise"
0.0156420247017769,0.00872213824503867,"mash"
0.0283022666998791,0.0111048941438196,"prosciutto"
0.0213694036953509,0.00360060140373963,"squash"
0.0171204980665672,0.000519440214434296,"crumble"
0.0102797563710045,0.0156822994940671,"herb"
0.0285896626710721,0.0148312978325557,"section"
0.00724952092174513,-0.0185212953949385,"evaporate"
0,0,"comment"
0.0678909518336453,0.00210936777373948,"tightly"
0.0134156066238969,-0.0154570464697643,"pancetta"
-0.00199980973971591,0.0173587161646775,"oregano"
0.0301858342635026,0.00962723454121673,"sandwich"
0.0487618373493991,0.0175010356804065,"sharp"
0.0551023837880275,0.00958715595288931,"board"
0.0245060174081089,-0.0027526895359373,"break"
0.0249061216622627,-0.00749658321752002,"strain"
-0.00325755282687075,0.0145348321188022,"gradually"
0.00372102599824951,0.0124066707216669,"slowly"
0.0105121115209004,0.0117558414339317,"pesto"
0.0219139402594631,-0.00755147471517414,"bite"
0.0117654299025692,0.0048950177742939,"spinach"
0.0337253215670981,-0.00672999936750833,"turkey"
0.0242770452425838,0.00372247167285454,"inside"
0.00938273921897752,0.0207097581092645,"dill"
0.00906208739073881,0.00792194647569027,"pine"
0.0367178135365518,0.0071850470165692,"run"
-0.00130586473345422,0.0197457623686063,"cayenne"
0.0238627295875039,-0.000230444335590952,"asparagus"
0.0327001864072867,0.0150882304126092,"dredge"
0.0361808593124818,0.0207903207245575,"scatter"
0.0338478773437722,0.0156420896420211,"beat"
0.0251211431949669,-0.014152991643854,"colander"
0.0207240666463165,0.00859807104206762,"along"
0.0242053217424552,0.00405819049940363,"wash"
0.0537787813042848,0.0188242210843171,"quarter"
0.0138430298665351,-0.021979778625687,"crisptender"
0.00530456775966274,0.00212380379261053,"right"
0.0260319675582398,0.0161926558263142,"breadcrumb"
0.0236773396050776,0.018344102772796,"goat"
0.0131814613413578,-0.139183647315025,"polyunsaturated"
0.0287375030357406,-0.00883407842916291,"lid"
0.00592184693446742,-0.0177622741076967,"often"
0.0271127134512804,0.00244801153034464,"cake"
-0.00324477843672037,-0.0181441081308904,"mediumlow"
0.0079144192037614,-0.0152460785229407,"almost"
0.00337455617141379,0.0205954471740081,"paprika"
0.00373362586621191,0.0144599930924811,"mince"
0.00828985705281252,-0.00510980563789094,"pea"
0.0346715042235634,-0.000536772299119501,"back"
0.0213773093079985,-0.00113928892791679,"scrape"
0.0581572759935456,0.0220531241663483,"thinly"
0.00604248490082395,0.00440673812987062,"var"
0.0294881447039253,0.00931623354865061,"glass"
0.0196178354572596,-0.118492304025529,"calorie"
0.0145445051856176,-0.00658467789160272,"snapper"
0.0214788000288437,0.0170365256458962,"pulse"
-0.00473748182160291,-0.00605957118584912,"dutch"
0.00984379968227365,0.017916089219821,"rosemary"
0.0382410639261825,-0.000779035423024495,"shell"
0.0330893638363168,0.0198619704660263,"lettuce"
0.0252786016751954,0.00939700635487607,"separate"
0.0221658090520905,-0.0152591668569365,"direction"
0.0647904876943894,0.0115137757186575,"hand"
0.0122925642896289,0.0196250060126137,"sour"
0.0048293691262175,-0.0026426254529742,"thoroughly"
0.0619395952811777,0.005097308323503,"packet"
0.0420148137654052,0.00715543647028761,"root"
0.0197357495570118,0.0188834894274118,"cucumber"
0.0451850747761754,-0.00244796615890203,"carefully"
0.0549617507816741,-0.0127097860810602,"refrigerator"
0.0304043950428252,0.0225556647972192,"avocado"
0.0483056831255447,-0.000608821454757913,"open"
0.0301336093049579,-0.00146535594017693,"ready"
0.0406059172288037,-0.00582004726678869,"completely"
-0.00397247699010994,-0.00620408460540635,"wok"
0.0424430081708658,0.00819560650683251,"rim"
0.0496923756243223,0.0137528883764948,"strip"
0.0557405494277166,0.0113157663689669,"pizza"
0.00503539199205613,0.0122518054457348,"crush"
0.00554843941035216,-0.00495523503182258,"deep"
0.0173061820082037,0.000177272169663275,"additional"
0.0839022555437938,0.0228810378813229,"round"
0.0144047366982052,-0.000447604090615197,"beef"
0.0116510492396989,-0.130326980660181,"g"
0.00384422468017762,0.0169686862476866,"caper"
0.0260830352329283,-0.00837535738118962,"batch"
0.033378049512959,0.00431132672184425,"like"
0.0364959098549086,0.00781475426899175,"cube"
0.0106303767951298,-0.0144034077259369,"sausage"
0.00929301600384034,-0.00753593348105432,"fragrant"
0.0329014796221285,0.00238483285116247,"need"
0.00945335197587041,0.0132655797072888,"pinch"
0.0376121470417099,0.00657518313237659,"shake"
0.0384691944707889,-0.00629598642114949,"steam"
0.0264376590213089,-0.00558993015419897,"soak"
0.0501866935584756,0.000720512883127387,"excess"
-0.000275886167883927,0.0207563398786672,"honey"
0.0366754249415541,0.0181212615267699,"finely"
0.0215535625377192,-0.0102586820291635,"soft"
0.002671194245273,0.0153894163376183,"chili"
0.0223712901972416,0.00749450929097161,"almond"
0.0422066892634332,0.0150174825562069,"away"
0.0395183321992242,-0.0191679212069901,"opaque"
0.094056415993278,0.0165839012580076,"form"
0.0390847723189605,0.0220252110570779,"crumb"
0.0119943888402944,-0.00777157490651891,"smoke"
0.0513756504214477,0.0108688933570329,"lie"
0.0186129848988995,0.00928862296388282,"coconut"
0.0385173678085159,-0.0164873077816211,"still"
0.0276616836006697,0.0134624486489143,"spice"
0.00623177514043114,-0.0104899237158437,"stirfry"
0.0333658544152146,0.00879196556036816,"leaf"
0.0508999686259342,-0.00878330658151767,"marinate"
0.0123182061693862,0.0210005963262806,"mint"
0.0177184937570869,-0.00215324531565369,"light"
0.0096119622928869,0.00684713307116505,"bell"
0.0674291392469619,0.0192029679548663,"thin"
0.00770727392479336,0.0207974957457063,"chive"
0.0945095289738377,0.006816506803071,"seal"
0.0487048503047337,-0.0456735313581947,"test"
0.0222645855145242,-0.0188959527958294,"pink"
0.0721815452368744,0.0119853584113024,"stem"
0.0155352571321947,0.00374944408703593,"bay"
0.0413608724766358,-0.004495211788158,"two"
0.0395425084181201,0.00838687594045509,"single"
0.0141385771692452,-0.168743742130318,"sodium"
0.0332428824258682,-0.0098098391689667,"start"
0.0251960912594738,-0.00631805970781724,"ice"
0.0803042078808012,0.0302109339608611,"lengthwise"
0.0848382781691831,0.00891006618388413,"surface"
0.0165634494744383,-0.0135659151599442,"accord"
0.0168873813974984,0.00144178061018499,"corn"
0.0563930935856157,0.0034353381289096,"trim"
0.0401003088235591,-0.00785051578656707,"broil"
0.0625456791970006,0.0132270419713379,"around"
0.007633543655622,-0.013882255181819,"thicken"
0.0268392359095687,0.0185567409363354,"sprig"
0.0572909078274507,0.00256424812532407,"line"
0.0340367849645687,-0.0114723796351366,"doneness"
0.0556637421890598,-0.00569155850914155,"rest"
0.0251026082610527,0.00161903289610731,"swordfish"
0.0200918986841616,0.016738698012386,"walnut"
0.0963230753301207,0.0110856229442522,"edge"
0.0297138627359895,0.01939223194621,"process"
0.00720373516480846,-0.00956722114906591,"constantly"
0.0254118394517456,-0.0146350075402878,"package"
0.0259456649997117,-0.0176545002442265,"continue"
0.0130252251165738,0.00730726709902733,"apple"
0.0441378351936982,0.0019505638214038,"repeat"
0.029534695891159,0.0112133682459701,"puree"
0.00627343725231531,-0.020247441715011,"frequently"
0.0574288567113623,-0.0108507134126978,"less"
0.0291409130030055,-0.0196697259857458,"slot"
0.0119833313454623,0.0119963487752392,"chile"
0.110583213985684,0.0210341778173609,"end"
0.0466813037824142,0.0167225092809493,"coarse"
0.0159725993052881,-0.0155515593056278,"wilt"
-0.00201540669795745,-0.018847364386146,"moderately"
0.0711443387216721,0.0128713650982525,"fill"
0.0835407225020044,0.0188465005283799,"press"
0.0343692663765048,0.0097082822543147,"grate"
0.0449586606610963,0.0171512991713288,"dip"
0.0200331001089195,0.0223767719361258,"fresh"
0.0424778636961913,-0.00251300231298122,"skewer"
0.0184155178450533,0.0158109919658996,"paste"
0.0606688290281689,0.0149580839589665,"tortilla"
0.0486173499758755,0.0173546497530458,"rub"
0.015283113572766,-0.00336924580165151,"pork"
0.00305016947282405,-0.000867284574391947,"typedata"
0.014539139805897,-0.0152400857009931,"rabe"
0.0053810388887418,-0.0111300969336337,"stock"
0.0920422798153743,0.025123401458918,"work"
0.0207636524320629,0.017002014398154,"parmesan"
0.086828666157327,0.0223025124977282,"fold"
0.00104534307443013,-0.0225083100171262,"moderate"
0.0249075408962014,0.00788993259310527,"little"
0.0513205567045135,-0.013045465418155,"allow"
0.0424507573816072,0.014846369518813,"squeeze"
0.0433349621498885,-0.014967291804977,"long"
0.0244154261926977,-0.0259652682553225,"uncover"
0.00842642957945397,0.0277884595256121,"powder"
0.0107357572767775,0.0161664479402693,"scallion"
0.0977667688241435,0.0235460177021696,"knife"
0.0187123058646991,-0.0139919675270956,"noodle"
0.0638551193103555,-0.0075530511374392,"day"
0.014620659689544,0.00679461722805638,"milk"
0.0133636593820453,-0.0220610608217665,"begin"
0.0564897566505891,-0.0019234521394135,"thick"
0.0884886625440052,0.00142920819760213,"plastic"
0.0272354973131989,0.0114710029753094,"salsa"
0.0241328215498079,0.0271765214047483,"grind"
0.00987536316930861,-0.0220164873939086,"soften"
0.00654823090670449,0.0216675589368468,"basil"
0.0166281834940517,0.0300735688461071,"mayonnaise"
0.00939107023460784,-0.0121709160413382,"quart"
0.0329164105744553,-0.000367833661537729,"soup"
0.0369664068818719,-0.00290049661977437,"pat"
0.0418951079544619,0.0199298836366949,"endive"
0.0221582813547047,0.00223024988050343,"tilapia"
0.0160429598234216,-0.0152431432622255,"broccoli"
0.0621194465141707,-0.00452704939432874,"bag"
0.0351916366977854,-0.0310595526204261,"crisp"
0.0017719775010603,0.0115746081478815,"tbsp"
0.0207063200201933,0.00631365741289168,"nut"
0.0670904633714537,-0.00693237299956813,"meat"
0.0314065565106636,-0.00461762373658316,"broiler"
0.00200581712201115,0.0147490721090648,"soy"
0.0529049044648706,-0.00511314525445113,"time"
0.0299540659023918,0.0253604373491043,"fennel"
0.00609140368422311,0.0218041464619317,"tsp"
0.00917568573854444,0.0331783214445019,"zest"
0.0491525094396677,0.019380596406063,"among"
0.0255280954976739,-0.0221439953659123,"min"
0.037048169625601,0.0110360435623198,"blender"
0.00391840346570659,0.00814260798422593,"next"
0.0177464940162425,-0.0174413756678578,"return"
0.0401102268063036,-0.0174013768898348,"cold"
0.00404242569718762,0.021152155774972,"thyme"
0.0241848515614703,-0.00918019701011732,"bok"
0.00437949264407396,0.0148992526214983,"sesame"
0.0543343556678552,0.00138271621740452,"enough"
0.0264824676223368,0.00548593940325475,"another"
0.111011820478616,0.022418542454128,"roll"
0.0615322395678462,-0.0133415238639789,"will"
0.0230376544762883,-0.0168926758769029,"second"
0.025485233013982,-0.0092450196489381,"choy"
0.0417742048709049,-0.00841511028231758,"rinse"
0.0374821920367978,0.020741882246578,"smooth"
0.0228343176924063,0.0232668811034337,"vinaigrette"
0.00321020492575329,0.0239826408591927,"black"
0.0463169638059687,-0.00679950579302485,"rack"
0.00278024485693468,-0.0105831585754543,"heavy"
0.0138535888608492,0.00122985035854507,"carrot"
0.0305352087076704,-0.0191749149072673,"do"
0.00588302299818763,0.000441847419953639,"article"
0.124254831173001,0.0189954197728123,"dough"
0.0370103438589178,-0.0285307951866985,"per"
0.0869116043739303,-0.00153034605451452,"center"
0.056035652183443,-0.0128589582520457,"room"
0.0135312153059287,-0.00164595226085224,"bean"
0.063112134535532,-0.0085235351596366,"ahead"
0.046955270084829,-0.00759307880773356,"marinade"
0.0115715889239631,-0.0117266368391577,"mushroom"
0.000498404010262535,-0.0134035752200234,"saut"
0.0519577316511644,0.025499389915339,"white"
0.0657894159429897,0.00457691608773761,"one"
0.0500363264446487,-0.0162426955948147,"towel"
0.081181921692795,0.0192768172635677,"onto"
0.105283007064753,0.00503773092092298,"wrap"
-0.000180193650446163,-0.0189819857489223,"saute"
0.0457111498746426,-0.00550533075554954,"stand"
0.0385461494190176,0.0190044580500621,"processor"
0.0145884643862977,-0.0135343613795801,"fry"
0.0539723755167123,-0.0149248617053549,"temperature"
0.0334147592088571,-0.0220034822641819,"slightly"
-0.00295092233208036,0.0157796180541015,"ginger"
0.0793085909534246,0.0123294073175008,"bottom"
0.08720473646995,0.00170449116985662,"skin"
-0.000670514235509338,-0.000381077071100069,"wine"
0.0499948680422012,0.020665826824857,"divide"
0.053069671627019,-0.00621775890591758,"refrigerate"
0.0228318869965552,-0.00804748548835807,"brussels"
0.0170200176979112,0.0186102894411976,"cream"
0.044191517552931,-0.0146779953011074,"easily"
0.0755375262750187,0.0141792836299715,"layer"
-0.00355935653107274,0.0325317442693881,"mustard"
0.0410905357664982,0.0100339882870169,"trout"
0.0158929946225253,0.0245733280117957,"blend"
0.0381805377951364,0.00703702565615133,"toast"
0.0450909289614512,0.0112639949436458,"platter"
0.0268578066863583,-0.0196296280599973,"meanwhile"
0.0344659061710163,-0.0175330638951785,"keep"
0.0350159572785009,0.0207369765300219,"shallow"
0.0374640352312613,0.0287362542057603,"seed"
0.0511228272560155,-0.0104444800774762,"food"
0.0568564025905104,-0.184948701087888,"recipe"
0.0468024201687164,0.0149786360396362,"brush"
0.0136538272380637,0.026798393830948,"cilantro"
0.047249497140265,0.0356732945745502,"orange"
0.0637702946382891,-0.0131883645488415,"paper"
-0.00874513526852253,0.00999041242191882,"shallot"
0.0458246835473127,0.00749702215504061,"put"
0.0612362880154169,-0.0106054203032574,"chill"
0.0423339920721684,0.00298058237653395,"steak"
0.0873090201575539,0.00176976208591816,"discard"
0.00476228958468067,-0.00567111286835504,"watch"
-0.00468831004398111,0.0201243655804937,"red"
0.0593959729000295,0.0268860559445518,"spread"
0.0661141180638585,-0.00845454989674654,"can"
0.00447210378047404,-0.0343855562991986,"low"
0.0460575992029951,-0.202843906918356,"fat"
-0.00299523470962498,-0.00996207174125069,"nonstick"
0.064737430444332,-0.0101420988396313,"f"
0.00395526096789453,-0.00675147356085921,"melt"
0.0220899067498562,-0.00859242624846965,"spray"
0.0258081692191321,0.0167293035123667,"gently"
0.0421265829687534,0.0102066843986219,"wedge"
0.0139106263361671,-0.0155760696698001,"pasta"
0.0173216861317661,-0.0260464987104184,"liquid"
0.037659162450753,0.0245121921009874,"evenly"
0.0145818402564583,0.0152178854702845,"celery"
-0.0122720404749754,0.0115834155154205,"sugar"
0.105891985071748,0.0231290999832106,"peel"
0.00634207069377119,0.0322794769663453,"lime"
0.0505884388591853,-0.0136475672138578,"fork"
0.0112144155503453,-0.0188233061810402,"broth"
0.0600030443537468,-0.0143218816255393,"roast"
0.0254939413127869,-0.00382529637166523,"potato"
0.101520136691401,0.00170675430523661,"foil"
0.0101637773950047,-0.00597768244010115,"rice"
0.00557531486503741,-0.000512243829044587,"cabbage"
0.0142413748929743,-0.0248296590129682,"bacon"
0.0390027230615672,0.0177986370639939,"garnish"
0.0160683523234845,-0.0129018954959778,"flake"
0.058563723755736,0.0247470190907308,"flour"
0.00944033561030678,-0.0380685489969016,"occasionally"
0.0381936727029473,0.0195109734004307,"egg"
0.0239507352777548,-0.010524144708409,"sprout"
0.0246916628619725,-0.00655181077741884,"reserve"
0.0733791718574511,0.0329111793502016,"arrange"
0.00368157124265184,0.0341048375750647,"parsley"
0.0317242971786116,-0.00143558259268087,"desire"
0.0212160818217911,0.00710213578229705,"first"
0.0401415684724516,-0.0101009886284316,"prepare"
0.0894728942490482,0.0237259915449764,"piece"
0.0112150296859,0.00529122283831797,"aside"
0.0320834708298112,-0.0278234148482349,"golden"
0.000918233020801781,0.000167233201839867,"typedatainitstepbystepimages"
0.0539849368401322,0.0164786196660684,"bread"
0.00920869399246108,-0.00965086357740113,"warm"
0.0341783323868838,-0.00230335601306425,"lightly"
0.0161209859870437,-0.00894524456397644,"chicken"
-0.00325361999405944,0.0231344160833229,"taste"
-0.0112334612239739,-0.0359955810052195,"reduce"
0.019344110122551,0.0127084786925321,"green"
0.0276863144536355,0.0374972003978996,"drizzle"
0.00287142670694581,-0.00778774255890073,"vegetable"
0.0266059793899913,0.0400265232677008,"arugula"
0.0784982082147822,-0.0268226452077007,"hour"
-0.00951114124430483,-0.0139902762887738,"hot"
0.0907151588805055,0.00535508146182358,"sheet"
0.0138784030749529,0.0320883397062791,"chop"
0.0159071866683401,-0.00151349825707196,"immediately"
0.0130920354202344,-0.0361929715288018,"just"
0.0441979178054605,-0.0119517804329253,"degree"
0.00404063014495139,-0.029359740060258,"pot"
-0.00931489127797678,-0.018875202417128,"saucepan"
-0.000347472677166608,0.0301202451852457,"together"
0.0407389237940252,0.014520236155446,"dish"
0.0388124760013024,-0.0013520729784242,"spoon"
0.0654820279043209,-0.0110527963458855,"cool"
0.0651324466809718,-0.0316308249801514,"make"
0.00728503941500769,0.0117145044207416,"pour"
-0.0199887173064967,-0.0387419181792423,"high"
0.0659509540385303,0.0236828114992605,"leave"
0.0450001670907409,0.0246738608024196,"salad"
0.0228049065484304,0.0329197572413221,"dress"
0.0821879305328776,0.00523060130730505,"use"
0.0502937158192041,0.0353991734584643,"half"
-0.00448559905735618,0.0132425359134981,"good"
0.0391227862034578,-0.0208941701937093,"let"
-0.00108572292131205,0.0193073982543822,"tomato"
0.0428844504877422,0.0120325532248535,"fillet"
-0.0310993747906718,0.0330061771625178,"vinegar"
0.0294498139357631,-0.0401335356024145,"turn"
-0.0308007213366698,-0.022049864306374,"mediumhigh"
0.0067987123329733,0.00201726251312321,"set"
0.0269273975847016,0.0314810278219943,"cheese"
-0.00807353660978305,-0.043474877914956,"simmer"
-0.0290683385559932,-0.00144342384697701,"butter"
0.0850224862480028,0.0160987301761455,"inch"
0.026838344308007,-0.0436892116109758,"tender"
-0.0111014875400981,0.0326374437638328,"mix"
0.0326952607616237,0.0168338529230204,"tuna"
0.0122830952190844,-0.0402820268577395,"drain"
-0.0232612804250436,-0.0272778805912201,"bring"
-0.0150434292592677,0.00281425488016118,"ingredient"
0.0470917724648294,0.0240778318391244,"plate"
-0.00322376116269249,-0.0424461731372212,"brown"
-0.0381385556885204,0.0281943898591942,"whisk"
0.0310799658061327,-0.0124188359321079,"transfer"
-0.0263170466995055,0.0297164332596284,"small"
0.0046314641928886,0.0165033477428658,"coat"
0.0706064555017576,0.0567872711282174,"slice"
-0.0312328269561202,0.0198155188825356,"cup"
-0.0322057147442339,-0.0435447232872146,"boil"
0.0684365629135898,0.0211268212436237,"beet"
0.119566521671711,0.0431372143418102,"cut"
-0.0332874780162424,0.046248785227932,"lemon"
-0.00101967697697698,0.0386706893369104,"sprinkle"
-0.0490498971103298,0.015206135901712,"garlic"
-0.059357119749935,0.0404779268649622,"olive"
0.0179754391189485,-0.0190560827522277,"grill"
-0.0506887413642494,0.00968367185745993,"onion"
0.0288240757857543,-0.0298887282800079,"remove"
-0.0553285596833984,0.0539957870076302,"juice"
-0.0678684181691527,0.028593612935743,"teaspoon"
-0.0114053515528055,-0.00871898388012026,"shrimp"
-0.0547413232914129,0.020894311956526,"tablespoon"
-0.0492606055394784,0.0166031631137578,"sauce"
-0.0687084997898296,-0.0224506644470818,"medium"
0.0556231478681974,0.0467981552028871,"top"
0.00322013681734714,-0.0329761086632333,"cover"
-0.0607827262990231,-0.0306379684015523,"skillet"
-0.0334469342183848,0.0396566274233787,"toss"
0.0305185912199029,-0.0115750883848324,"side"
-0.0402498685679466,-0.0313170434680182,"water"
-0.0496227437885529,0.0281759138757108,"remain"
0.0196972356110557,-0.0114445352688478,"preheat"
0.0342775200940144,0.00404243271181153,"bake"
0.000962654430426888,0.0224791801956112,"mixture"
-0.0536147218878495,0.0285155829578674,"season"
0.00593616835526723,-0.0122774332192112,"oven"
0.045840094620918,0.0241718476164271,"place"
-0.0469326055365201,0.0403108507679325,"combine"
-0.0436987736469932,-0.0316258362501608,"pan"
0.00344376834179872,0.00694523475761906,"fish"
-0.0363252973562235,0.0127364808497075,"serve"
-0.0730850552374853,-0.00798092102649279,"large"
-0.108309439362807,-0.026230397408238,"stir"
-0.0954914269374582,0.0452973910828536,"pepper"
-0.0527240843903165,0.0558611220957845,"bowl"
-0.12163127740529,0.0297996448421373,"oil"
-0.0993543721420422,0.0323769954260582,"salt"
-0.108195699051339,-0.0691587398607188,"cook"
-0.165165688711786,-0.0619468966799913,"heat"
-0.143169903475815,-0.018258798340063,"add"
-0.0676312592282331,-0.0775639238458129,"minute"
